participant,description,valence,target,credibility,confidence
1,1,creditable,disliked,1,2
1,2,creditable,favoured,3,3
1,3,creditable,disliked,2,3
1,4,creditable,favoured,4,2
1,5,creditable,favoured,3,4
1,6,creditable,disliked,3,3
1,7,discrediting,favoured,4,3
1,8,discrediting,favoured,3,2
1,9,discrediting,disliked,3,3
1,10,discrediting,disliked,4,3
1,11,discrediting,disliked,4,3
1,12,discrediting,favoured,3,3
2,1,creditable,disliked,2,3
2,2,creditable,favoured,3,3
2,3,creditable,favoured,3,3
2,4,creditable,disliked,2,3
2,5,creditable,disliked,2,4
2,6,creditable,favoured,3,3
2,7,discrediting,disliked,4,2
2,8,discrediting,disliked,5,5
2,9,discrediting,disliked,2,3
2,10,discrediting,favoured,2,4
2,11,discrediting,favoured,1,4
2,12,discrediting,favoured,4,2
3,1,creditable,favoured,2,1
3,2,creditable,favoured,1,1
3,3,creditable,disliked,3,1
3,4,creditable,disliked,3,2
3,5,creditable,disliked,3,3
3,6,creditable,favoured,1,2
3,7,discrediting,disliked,1,2
3,8,discrediting,favoured,2,4
3,9,discrediting,disliked,1,1
3,10,discrediting,favoured,2,2
3,11,discrediting,favoured,1,4
3,12,discrediting,disliked,3,3
4,1,creditable,disliked,3,2
4,2,creditable,favoured,2,2
4,3,creditable,favoured,3,2
4,4,creditable,disliked,4,2
4,5,creditable,disliked,2,3
4,6,creditable,favoured,2,2
4,7,discrediting,disliked,3,2
4,8,discrediting,favoured,4,2
4,9,discrediting,disliked,4,2
4,10,discrediting,disliked,3,3
4,11,discrediting,favoured,1,3
4,12,discrediting,favoured,3,2
5,1,creditable,disliked,1,4
5,2,creditable,favoured,3,2
5,3,creditable,favoured,2,4
5,4,creditable,favoured,2,4
5,5,creditable,disliked,2,5
5,6,creditable,disliked,1,4
5,7,discrediting,favoured,4,3
5,8,discrediting,disliked,3,3
5,9,discrediting,favoured,2,5
5,10,discrediting,disliked,2,3
5,11,discrediting,disliked,2,3
5,12,discrediting,favoured,3,3
6,1,creditable,disliked,2,4
6,2,creditable,favoured,3,3
6,3,creditable,disliked,2,3
6,4,creditable,favoured,3,4
6,5,creditable,disliked,3,3
6,6,creditable,favoured,3,2
6,7,discrediting,disliked,2,3
6,8,discrediting,disliked,3,3
6,9,discrediting,favoured,2,3
6,10,discrediting,favoured,2,3
6,11,discrediting,favoured,1,3
6,12,discrediting,disliked,3,2
7,1,creditable,disliked,3,3
7,2,creditable,disliked,2,3
7,3,creditable,favoured,5,3
7,4,creditable,disliked,3,3
7,5,creditable,favoured,5,4
7,6,creditable,favoured,5,5
7,7,discrediting,disliked,5,5
7,8,discrediting,disliked,5,5
7,9,discrediting,favoured,2,5
7,10,discrediting,favoured,2,4
7,11,discrediting,favoured,2,4
7,12,discrediting,disliked,5,4
8,1,creditable,favoured,2,5
8,2,creditable,disliked,1,4
8,3,creditable,disliked,4,3
8,4,creditable,favoured,4,3
8,5,creditable,favoured,3,3
8,6,creditable,disliked,2,3
8,7,discrediting,disliked,4,4
8,8,discrediting,favoured,4,2
8,9,discrediting,favoured,3,3
8,10,discrediting,disliked,3,3
8,11,discrediting,favoured,3,4
8,12,discrediting,disliked,3,3
9,1,creditable,disliked,1,4
9,2,creditable,favoured,3,3
9,3,creditable,favoured,4,3
9,4,creditable,disliked,2,3
9,5,creditable,disliked,2,4
9,6,creditable,favoured,4,4
9,7,discrediting,favoured,2,3
9,8,discrediting,disliked,5,3
9,9,discrediting,disliked,5,4
9,10,discrediting,disliked,3,3
9,11,discrediting,favoured,1,4
9,12,discrediting,favoured,2,4
10,1,creditable,favoured,4,5
10,2,creditable,disliked,2,4
10,3,creditable,favoured,4,5
10,4,creditable,favoured,5,4
10,5,creditable,disliked,1,4
10,6,creditable,disliked,2,5
10,7,discrediting,disliked,4,3
10,8,discrediting,favoured,1,4
10,9,discrediting,favoured,2,4
10,10,discrediting,favoured,2,4
10,11,discrediting,disliked,3,4
10,12,discrediting,disliked,4,5
11,1,creditable,favoured,3,4
11,2,creditable,favoured,1,3
11,3,creditable,disliked,1,5
11,4,creditable,favoured,5,5
11,5,creditable,disliked,3,5
11,6,creditable,disliked,2,4
11,7,discrediting,disliked,4,4
11,8,discrediting,favoured,2,4
11,9,discrediting,disliked,2,3
11,10,discrediting,disliked,1,3
11,11,discrediting,favoured,1,5
11,12,discrediting,favoured,3,4
12,1,creditable,disliked,1,5
12,2,creditable,favoured,3,4
12,3,creditable,disliked,2,4
12,4,creditable,favoured,3,3
12,5,creditable,disliked,2,2
12,6,creditable,favoured,2,3
12,7,discrediting,favoured,1,3
12,8,discrediting,disliked,3,3
12,9,discrediting,disliked,2,3
12,10,discrediting,favoured,2,4
12,11,discrediting,favoured,2,4
12,12,discrediting,disliked,2,4
13,1,creditable,disliked,3,3
13,2,creditable,favoured,5,5
13,3,creditable,disliked,3,2
13,4,creditable,favoured,3,3
13,5,creditable,disliked,2,3
13,6,creditable,favoured,3,3
13,7,discrediting,favoured,3,3
13,8,discrediting,disliked,4,3
13,9,discrediting,favoured,2,4
13,10,discrediting,disliked,5,3
13,11,discrediting,favoured,2,4
13,12,discrediting,disliked,3,2
14,1,creditable,favoured,2,4
14,2,creditable,disliked,2,3
14,3,creditable,favoured,1,2
14,4,creditable,favoured,5,5
14,5,creditable,disliked,2,4
14,6,creditable,disliked,1,4
14,7,discrediting,disliked,4,4
14,8,discrediting,favoured,3,3
14,9,discrediting,favoured,3,4
14,10,discrediting,disliked,3,2
14,11,discrediting,disliked,3,3
14,12,discrediting,favoured,1,4
15,1,creditable,favoured,3,3
15,2,creditable,disliked,2,3
15,3,creditable,disliked,2,4
15,4,creditable,favoured,4,3
15,5,creditable,favoured,3,3
15,6,creditable,disliked,3,3
15,7,discrediting,favoured,3,3
15,8,discrediting,favoured,4,2
15,9,discrediting,disliked,5,5
15,10,discrediting,favoured,1,5
15,11,discrediting,disliked,4,4
15,12,discrediting,disliked,4,4
16,1,creditable,favoured,3,5
16,2,creditable,favoured,3,4
16,3,creditable,disliked,3,4
16,4,creditable,favoured,4,3
16,5,creditable,disliked,2,4
16,6,creditable,disliked,1,5
16,7,discrediting,favoured,3,4
16,8,discrediting,disliked,3,3
16,9,discrediting,favoured,3,4
16,10,discrediting,disliked,3,3
16,11,discrediting,favoured,3,5
16,12,discrediting,disliked,3,3
17,1,creditable,disliked,1,5
17,2,creditable,disliked,2,4
17,3,creditable,favoured,3,4
17,4,creditable,disliked,2,3
17,5,creditable,favoured,4,3
17,6,creditable,favoured,2,4
17,7,discrediting,favoured,3,4
17,8,discrediting,favoured,2,4
17,9,discrediting,favoured,3,3
17,10,discrediting,disliked,3,3
17,11,discrediting,disliked,2,3
17,12,discrediting,disliked,3,5
18,1,creditable,disliked,2,4
18,2,creditable,favoured,4,5
18,3,creditable,disliked,3,4
18,4,creditable,favoured,4,4
18,5,creditable,favoured,4,5
18,6,creditable,disliked,2,4
18,7,discrediting,favoured,2,3
18,8,discrediting,disliked,3,3
18,9,discrediting,disliked,4,4
18,10,discrediting,favoured,2,4
18,11,discrediting,disliked,4,5
18,12,discrediting,favoured,3,3
19,1,creditable,favoured,4,3
19,2,creditable,disliked,3,4
19,3,creditable,disliked,3,2
19,4,creditable,disliked,4,2
19,5,creditable,favoured,4,4
19,6,creditable,favoured,4,4
19,7,discrediting,disliked,5,4
19,8,discrediting,disliked,3,3
19,9,discrediting,disliked,3,2
19,10,discrediting,favoured,2,4
19,11,discrediting,favoured,4,2
19,12,discrediting,favoured,5,1
20,1,creditable,disliked,1,5
20,2,creditable,disliked,3,3
20,3,creditable,disliked,2,4
20,4,creditable,favoured,5,5
20,5,creditable,favoured,2,4
20,6,creditable,favoured,3,4
20,7,discrediting,disliked,2,3
20,8,discrediting,disliked,3,5
20,9,discrediting,favoured,2,5
20,10,discrediting,disliked,1,2
20,11,discrediting,favoured,1,5
20,12,discrediting,favoured,3,5
21,1,creditable,favoured,5,4
21,2,creditable,favoured,3,2
21,3,creditable,disliked,2,4
21,4,creditable,favoured,4,4
21,5,creditable,disliked,2,3
21,6,creditable,disliked,3,1
21,7,discrediting,favoured,4,3
21,8,discrediting,disliked,5,4
21,9,discrediting,disliked,4,4
21,10,discrediting,favoured,2,4
21,11,discrediting,favoured,2,5
21,12,discrediting,disliked,4,5
22,1,creditable,disliked,1,4
22,2,creditable,disliked,3,3
22,3,creditable,favoured,5,5
22,4,creditable,favoured,3,3
22,5,creditable,disliked,1,3
22,6,creditable,favoured,4,4
22,7,discrediting,favoured,1,3
22,8,discrediting,disliked,5,3
22,9,discrediting,disliked,5,4
22,10,discrediting,favoured,1,3
22,11,discrediting,disliked,4,3
22,12,discrediting,favoured,2,5
23,1,creditable,favoured,4,3
23,2,creditable,favoured,4,4
23,3,creditable,disliked,1,3
23,4,creditable,favoured,5,3
23,5,creditable,disliked,2,4
23,6,creditable,disliked,3,4
23,7,discrediting,favoured,3,3
23,8,discrediting,favoured,4,4
23,9,discrediting,favoured,3,4
23,10,discrediting,disliked,4,4
23,11,discrediting,disliked,3,3
23,12,discrediting,disliked,4,3
24,1,creditable,disliked,3,3
24,2,creditable,favoured,1,3
24,3,creditable,disliked,3,2
24,4,creditable,favoured,3,4
24,5,creditable,disliked,3,4
24,6,creditable,favoured,2,3
24,7,discrediting,favoured,3,3
24,8,discrediting,disliked,3,4
24,9,discrediting,disliked,4,3
24,10,discrediting,disliked,3,4
24,11,discrediting,favoured,3,3
24,12,discrediting,favoured,5,4
25,1,creditable,disliked,2,5
25,2,creditable,favoured,3,3
25,3,creditable,disliked,3,3
25,4,creditable,disliked,3,3
25,5,creditable,favoured,3,5
25,6,creditable,favoured,2,2
25,7,discrediting,favoured,2,3
25,8,discrediting,disliked,2,2
25,9,discrediting,disliked,3,3
25,10,discrediting,favoured,2,3
25,11,discrediting,favoured,2,4
25,12,discrediting,disliked,4,3
26,1,creditable,favoured,3,3
26,2,creditable,disliked,2,5
26,3,creditable,disliked,3,4
26,4,creditable,favoured,4,3
26,5,creditable,disliked,3,3
26,6,creditable,favoured,3,3
26,7,discrediting,favoured,2,4
26,8,discrediting,disliked,3,4
26,9,discrediting,disliked,2,2
26,10,discrediting,favoured,1,5
26,11,discrediting,disliked,3,4
26,12,discrediting,favoured,1,5
27,1,creditable,favoured,3,4
27,2,creditable,disliked,3,4
27,3,creditable,disliked,2,4
27,4,creditable,favoured,3,3
27,5,creditable,favoured,3,4
27,6,creditable,disliked,2,5
27,7,discrediting,disliked,4,3
27,8,discrediting,disliked,3,3
27,9,discrediting,disliked,3,3
27,10,discrediting,favoured,1,5
27,11,discrediting,favoured,3,4
27,12,discrediting,favoured,3,2
28,1,creditable,favoured,5,4
28,2,creditable,favoured,4,4
28,3,creditable,disliked,1,4
28,4,creditable,disliked,1,5
28,5,creditable,disliked,1,5
28,6,creditable,favoured,4,4
28,7,discrediting,favoured,3,3
28,8,discrediting,favoured,3,3
28,9,discrediting,disliked,4,3
28,10,discrediting,favoured,1,4
28,11,discrediting,disliked,3,4
28,12,discrediting,disliked,5,4
29,1,creditable,favoured,3,4
29,2,creditable,favoured,4,4
29,3,creditable,favoured,3,3
29,4,creditable,disliked,2,3
29,5,creditable,disliked,4,3
29,6,creditable,disliked,2,4
29,7,discrediting,disliked,5,3
29,8,discrediting,disliked,4,4
29,9,discrediting,favoured,3,2
29,10,discrediting,disliked,3,3
29,11,discrediting,favoured,2,4
29,12,discrediting,favoured,3,5
30,1,creditable,favoured,2,4
30,2,creditable,favoured,3,4
30,3,creditable,disliked,4,2
30,4,creditable,disliked,2,3
30,5,creditable,favoured,4,4
30,6,creditable,disliked,2,3
30,7,discrediting,disliked,3,2
30,8,discrediting,favoured,3,2
30,9,discrediting,favoured,2,3
30,10,discrediting,favoured,2,4
30,11,discrediting,disliked,4,3
30,12,discrediting,disliked,4,3
31,1,creditable,favoured,3,2
31,2,creditable,favoured,2,3
31,3,creditable,disliked,4,2
31,4,creditable,disliked,4,4
31,5,creditable,favoured,3,3
31,6,creditable,disliked,3,3
31,7,discrediting,disliked,2,3
31,8,discrediting,favoured,3,2
31,9,discrediting,favoured,4,3
31,10,discrediting,disliked,3,4
31,11,discrediting,favoured,3,2
31,12,discrediting,disliked,3,4
32,1,creditable,disliked,2,2
32,2,creditable,favoured,3,3
32,3,creditable,disliked,2,3
32,4,creditable,favoured,4,4
32,5,creditable,favoured,3,3
32,6,creditable,disliked,2,5
32,7,discrediting,favoured,4,3
32,8,discrediting,disliked,5,4
32,9,discrediting,disliked,3,2
32,10,discrediting,favoured,2,3
32,11,discrediting,favoured,2,4
32,12,discrediting,disliked,3,3
33,1,creditable,favoured,4,3
33,2,creditable,disliked,1,5
33,3,creditable,disliked,1,4
33,4,creditable,disliked,1,3
33,5,creditable,favoured,4,2
33,6,creditable,favoured,4,3
33,7,discrediting,favoured,1,4
33,8,discrediting,disliked,3,3
33,9,discrediting,favoured,2,3
33,10,discrediting,disliked,3,2
33,11,discrediting,disliked,3,2
33,12,discrediting,favoured,1,4
34,1,creditable,favoured,4,5
34,2,creditable,disliked,1,3
34,3,creditable,favoured,4,3
34,4,creditable,favoured,4,3
34,5,creditable,disliked,3,3
34,6,creditable,disliked,1,3
34,7,discrediting,favoured,2,4
34,8,discrediting,favoured,3,3
34,9,discrediting,favoured,1,5
34,10,discrediting,disliked,4,3
34,11,discrediting,disliked,4,4
34,12,discrediting,disliked,5,5
35,1,creditable,disliked,2,4
35,2,creditable,disliked,1,3
35,3,creditable,favoured,3,3
35,4,creditable,disliked,3,4
35,5,creditable,favoured,3,4
35,6,creditable,favoured,3,3
35,7,discrediting,favoured,3,3
35,8,discrediting,favoured,3,4
35,9,discrediting,disliked,4,4
35,10,discrediting,disliked,3,5
35,11,discrediting,favoured,3,4
35,12,discrediting,disliked,4,4
36,1,creditable,disliked,2,3
36,2,creditable,disliked,2,4
36,3,creditable,favoured,4,4
36,4,creditable,disliked,2,4
36,5,creditable,favoured,4,4
36,6,creditable,favoured,4,5
36,7,discrediting,favoured,2,3
36,8,discrediting,disliked,5,3
36,9,discrediting,disliked,3,3
36,10,discrediting,favoured,1,4
36,11,discrediting,favoured,1,4
36,12,discrediting,disliked,5,4
37,1,creditable,disliked,5,2
37,2,creditable,favoured,3,4
37,3,creditable,favoured,2,4
37,4,creditable,favoured,5,3
37,5,creditable,disliked,3,3
37,6,creditable,disliked,1,4
37,7,discrediting,favoured,2,2
37,8,discrediting,disliked,3,4
37,9,discrediting,disliked,3,4
37,10,discrediting,favoured,2,3
37,11,discrediting,favoured,4,4
37,12,discrediting,disliked,4,4
38,1,creditable,favoured,3,3
38,2,creditable,disliked,2,4
38,3,creditable,favoured,5,3
38,4,creditable,disliked,2,4
38,5,creditable,disliked,2,4
38,6,creditable,favoured,3,2
38,7,discrediting,disliked,5,5
38,8,discrediting,disliked,5,4
38,9,discrediting,favoured,5,1
38,10,discrediting,favoured,3,3
38,11,discrediting,favoured,3,3
38,12,discrediting,disliked,4,4
39,1,creditable,disliked,1,4
39,2,creditable,disliked,3,3
39,3,creditable,favoured,3,4
39,4,creditable,favoured,3,2
39,5,creditable,favoured,3,3
39,6,creditable,disliked,2,2
39,7,discrediting,disliked,4,3
39,8,discrediting,favoured,4,3
39,9,discrediting,disliked,4,4
39,10,discrediting,favoured,2,2
39,11,discrediting,disliked,3,1
39,12,discrediting,favoured,3,3
40,1,creditable,favoured,5,4
40,2,creditable,disliked,3,2
40,3,creditable,disliked,1,4
40,4,creditable,favoured,4,4
40,5,creditable,disliked,3,3
40,6,creditable,favoured,5,4
40,7,discrediting,disliked,5,4
40,8,discrediting,favoured,3,2
40,9,discrediting,favoured,2,5
40,10,discrediting,favoured,2,4
40,11,discrediting,disliked,5,4
40,12,discrediting,disliked,4,3
41,1,creditable,favoured,4,3
41,2,creditable,disliked,2,4
41,3,creditable,disliked,1,4
41,4,creditable,favoured,4,4
41,5,creditable,disliked,4,3
41,6,creditable,favoured,3,4
41,7,discrediting,favoured,3,3
41,8,discrediting,disliked,5,3
41,9,discrediting,disliked,3,4
41,10,discrediting,favoured,3,4
41,11,discrediting,favoured,3,3
41,12,discrediting,disliked,4,4
42,1,creditable,favoured,1,3
42,2,creditable,favoured,3,5
42,3,creditable,disliked,2,4
42,4,creditable,disliked,2,5
42,5,creditable,disliked,3,5
42,6,creditable,favoured,3,5
42,7,discrediting,disliked,3,4
42,8,discrediting,favoured,3,3
42,9,discrediting,favoured,2,5
42,10,discrediting,disliked,3,4
42,11,discrediting,disliked,2,5
42,12,discrediting,favoured,1,4
43,1,creditable,favoured,2,2
43,2,creditable,disliked,2,3
43,3,creditable,disliked,1,4
43,4,creditable,disliked,2,5
43,5,creditable,favoured,3,2
43,6,creditable,favoured,3,2
43,7,discrediting,disliked,5,4
43,8,discrediting,favoured,2,3
43,9,discrediting,favoured,1,5
43,10,discrediting,disliked,2,3
43,11,discrediting,disliked,4,4
43,12,discrediting,favoured,2,4
44,1,creditable,favoured,3,4
44,2,creditable,favoured,4,4
44,3,creditable,disliked,1,4
44,4,creditable,disliked,1,4
44,5,creditable,disliked,1,4
44,6,creditable,favoured,3,5
44,7,discrediting,disliked,4,3
44,8,discrediting,favoured,1,3
44,9,discrediting,disliked,3,4
44,10,discrediting,disliked,3,4
44,11,discrediting,favoured,1,3
44,12,discrediting,favoured,2,3
45,1,creditable,disliked,2,4
45,2,creditable,disliked,3,3
45,3,creditable,disliked,3,4
45,4,creditable,favoured,3,3
45,5,creditable,favoured,4,4
45,6,creditable,favoured,2,4
45,7,discrediting,disliked,3,3
45,8,discrediting,favoured,3,4
45,9,discrediting,favoured,4,3
45,10,discrediting,favoured,4,3
45,11,discrediting,disliked,3,5
45,12,discrediting,disliked,3,4
46,1,creditable,favoured,3,3
46,2,creditable,disliked,3,3
46,3,creditable,disliked,2,3
46,4,creditable,favoured,3,3
46,5,creditable,disliked,3,3
46,6,creditable,favoured,2,2
46,7,discrediting,disliked,3,3
46,8,discrediting,disliked,4,5
46,9,discrediting,favoured,2,4
46,10,discrediting,favoured,3,4
46,11,discrediting,disliked,2,3
46,12,discrediting,favoured,2,3
47,1,creditable,disliked,1,4
47,2,creditable,disliked,2,5
47,3,creditable,disliked,1,4
47,4,creditable,favoured,5,5
47,5,creditable,favoured,5,5
47,6,creditable,favoured,4,5
47,7,discrediting,disliked,5,5
47,8,discrediting,disliked,5,5
47,9,discrediting,favoured,1,3
47,10,discrediting,disliked,4,5
47,11,discrediting,favoured,1,5
47,12,discrediting,favoured,2,3
48,1,creditable,disliked,2,4
48,2,creditable,disliked,3,4
48,3,creditable,disliked,4,5
48,4,creditable,favoured,3,3
48,5,creditable,favoured,2,3
48,6,creditable,favoured,3,4
48,7,discrediting,disliked,1,4
48,8,discrediting,favoured,3,3
48,9,discrediting,disliked,4,4
48,10,discrediting,favoured,1,4
48,11,discrediting,favoured,2,3
48,12,discrediting,disliked,2,4
49,1,creditable,favoured,3,2
49,2,creditable,favoured,4,3
49,3,creditable,disliked,2,2
49,4,creditable,disliked,3,3
49,5,creditable,favoured,3,3
49,6,creditable,disliked,2,2
49,7,discrediting,disliked,5,3
49,8,discrediting,favoured,4,3
49,9,discrediting,favoured,2,3
49,10,discrediting,favoured,2,4
49,11,discrediting,disliked,3,3
49,12,discrediting,disliked,5,3
50,1,creditable,disliked,2,3
50,2,creditable,favoured,3,2
50,3,creditable,favoured,4,3
50,4,creditable,disliked,3,4
50,5,creditable,disliked,2,3
50,6,creditable,favoured,5,2
50,7,discrediting,disliked,4,4
50,8,discrediting,favoured,3,2
50,9,discrediting,disliked,4,3
50,10,discrediting,favoured,3,3
50,11,discrediting,disliked,4,3
50,12,discrediting,favoured,1,3
51,1,creditable,disliked,3,4
51,2,creditable,disliked,2,4
51,3,creditable,disliked,2,4
51,4,creditable,favoured,3,4
51,5,creditable,favoured,2,3
51,6,creditable,favoured,3,3
51,7,discrediting,disliked,2,5
51,8,discrediting,disliked,3,3
51,9,discrediting,favoured,5,3
51,10,discrediting,favoured,3,3
51,11,discrediting,favoured,3,3
51,12,discrediting,disliked,3,3
52,1,creditable,disliked,2,5
52,2,creditable,disliked,3,3
52,3,creditable,favoured,2,3
52,4,creditable,favoured,4,5
52,5,creditable,favoured,3,4
52,6,creditable,disliked,3,5
52,7,discrediting,disliked,2,3
52,8,discrediting,favoured,2,4
52,9,discrediting,disliked,2,4
52,10,discrediting,favoured,2,3
52,11,discrediting,favoured,2,4
52,12,discrediting,disliked,4,5
53,1,creditable,disliked,3,3
53,2,creditable,disliked,3,3
53,3,creditable,disliked,3,4
53,4,creditable,favoured,4,4
53,5,creditable,favoured,4,4
53,6,creditable,favoured,4,4
53,7,discrediting,favoured,2,3
53,8,discrediting,favoured,3,2
53,9,discrediting,disliked,5,4
53,10,discrediting,disliked,5,3
53,11,discrediting,favoured,3,3
53,12,discrediting,disliked,2,3
54,1,creditable,disliked,2,4
54,2,creditable,favoured,2,3
54,3,creditable,disliked,3,4
54,4,creditable,disliked,3,3
54,5,creditable,favoured,2,4
54,6,creditable,favoured,3,4
54,7,discrediting,favoured,3,3
54,8,discrediting,disliked,3,3
54,9,discrediting,favoured,3,4
54,10,discrediting,favoured,3,5
54,11,discrediting,disliked,1,4
54,12,discrediting,disliked,2,3
55,1,creditable,favoured,3,3
55,2,creditable,disliked,2,5
55,3,creditable,favoured,2,3
55,4,creditable,disliked,4,2
55,5,creditable,favoured,5,5
55,6,creditable,disliked,3,4
55,7,discrediting,disliked,2,4
55,8,discrediting,favoured,4,4
55,9,discrediting,favoured,2,4
55,10,discrediting,disliked,2,4
55,11,discrediting,favoured,3,5
55,12,discrediting,disliked,2,3
56,1,creditable,disliked,3,5
56,2,creditable,disliked,1,3
56,3,creditable,favoured,3,3
56,4,creditable,favoured,5,4
56,5,creditable,disliked,3,5
56,6,creditable,favoured,4,5
56,7,discrediting,disliked,5,5
56,8,discrediting,disliked,5,2
56,9,discrediting,favoured,4,4
56,10,discrediting,favoured,1,4
56,11,discrediting,favoured,3,4
56,12,discrediting,disliked,4,5
57,1,creditable,favoured,4,3
57,2,creditable,disliked,1,3
57,3,creditable,favoured,3,3
57,4,creditable,disliked,2,3
57,5,creditable,favoured,5,4
57,6,creditable,disliked,1,3
57,7,discrediting,favoured,2,5
57,8,discrediting,favoured,2,4
57,9,discrediting,disliked,4,5
57,10,discrediting,favoured,2,4
57,11,discrediting,disliked,2,3
57,12,discrediting,disliked,5,4
58,1,creditable,disliked,3,3
58,2,creditable,favoured,4,5
58,3,creditable,favoured,5,4
58,4,creditable,disliked,4,2
58,5,creditable,favoured,3,4
58,6,creditable,disliked,3,3
58,7,discrediting,disliked,4,2
58,8,discrediting,favoured,4,2
58,9,discrediting,disliked,3,2
58,10,discrediting,favoured,4,3
58,11,discrediting,disliked,3,3
58,12,discrediting,favoured,4,2
59,1,creditable,favoured,2,4
59,2,creditable,favoured,3,3
59,3,creditable,disliked,2,4
59,4,creditable,favoured,3,3
59,5,creditable,disliked,2,4
59,6,creditable,disliked,2,5
59,7,discrediting,disliked,4,4
59,8,discrediting,disliked,5,3
59,9,discrediting,favoured,3,3
59,10,discrediting,favoured,2,3
59,11,discrediting,favoured,4,3
59,12,discrediting,disliked,5,5
60,1,creditable,disliked,3,2
60,2,creditable,favoured,2,4
60,3,creditable,favoured,4,3
60,4,creditable,disliked,3,5
60,5,creditable,favoured,3,3
60,6,creditable,disliked,1,4
60,7,discrediting,favoured,3,4
60,8,discrediting,disliked,4,4
60,9,discrediting,favoured,2,3
60,10,discrediting,disliked,1,4
60,11,discrediting,favoured,3,3
60,12,discrediting,disliked,4,5
61,1,creditable,favoured,1,3
61,2,creditable,disliked,3,3
61,3,creditable,favoured,2,4
61,4,creditable,disliked,2,4
61,5,creditable,favoured,3,3
61,6,creditable,disliked,2,4
61,7,discrediting,favoured,3,4
61,8,discrediting,favoured,2,3
61,9,discrediting,disliked,2,3
61,10,discrediting,favoured,2,2
61,11,discrediting,disliked,4,3
61,12,discrediting,disliked,4,4
62,1,creditable,disliked,1,5
62,2,creditable,favoured,3,4
62,3,creditable,favoured,3,4
62,4,creditable,disliked,4,4
62,5,creditable,favoured,4,5
62,6,creditable,disliked,3,4
62,7,discrediting,favoured,4,3
62,8,discrediting,disliked,5,5
62,9,discrediting,favoured,3,4
62,10,discrediting,favoured,1,4
62,11,discrediting,disliked,3,4
62,12,discrediting,disliked,4,5
63,1,creditable,favoured,4,5
63,2,creditable,disliked,2,4
63,3,creditable,favoured,4,3
63,4,creditable,favoured,5,4
63,5,creditable,disliked,2,5
63,6,creditable,disliked,1,4
63,7,discrediting,favoured,2,4
63,8,discrediting,favoured,3,4
63,9,discrediting,favoured,1,4
63,10,discrediting,disliked,4,4
63,11,discrediting,disliked,5,5
63,12,discrediting,disliked,5,4
64,1,creditable,disliked,1,4
64,2,creditable,disliked,3,4
64,3,creditable,disliked,3,3
64,4,creditable,favoured,5,2
64,5,creditable,favoured,4,4
64,6,creditable,favoured,5,4
64,7,discrediting,favoured,4,4
64,8,discrediting,favoured,3,3
64,9,discrediting,disliked,5,3
64,10,discrediting,disliked,5,3
64,11,discrediting,favoured,3,3
64,12,discrediting,disliked,5,4
65,1,creditable,favoured,4,3
65,2,creditable,disliked,3,2
65,3,creditable,favoured,5,3
65,4,creditable,disliked,4,2
65,5,creditable,disliked,2,4
65,6,creditable,favoured,3,3
65,7,discrediting,favoured,3,2
65,8,discrediting,favoured,4,2
65,9,discrediting,disliked,2,2
65,10,discrediting,disliked,3,4
65,11,discrediting,favoured,3,3
65,12,discrediting,disliked,2,3
66,1,creditable,favoured,4,2
66,2,creditable,disliked,1,3
66,3,creditable,favoured,5,4
66,4,creditable,favoured,4,4
66,5,creditable,disliked,2,3
66,6,creditable,disliked,2,3
66,7,discrediting,favoured,2,4
66,8,discrediting,favoured,3,3
66,9,discrediting,disliked,3,2
66,10,discrediting,disliked,3,3
66,11,discrediting,disliked,4,4
66,12,discrediting,favoured,3,3
67,1,creditable,favoured,4,3
67,2,creditable,disliked,2,4
67,3,creditable,favoured,4,4
67,4,creditable,disliked,2,5
67,5,creditable,disliked,1,5
67,6,creditable,favoured,2,4
67,7,discrediting,favoured,3,4
67,8,discrediting,disliked,4,3
67,9,discrediting,favoured,2,4
67,10,discrediting,favoured,2,4
67,11,discrediting,disliked,4,3
67,12,discrediting,disliked,4,4
68,1,creditable,disliked,3,3
68,2,creditable,disliked,3,4
68,3,creditable,favoured,3,3
68,4,creditable,favoured,2,2
68,5,creditable,favoured,3,3
68,6,creditable,disliked,4,1
68,7,discrediting,favoured,2,4
68,8,discrediting,favoured,2,2
68,9,discrediting,disliked,1,1
68,10,discrediting,disliked,2,2
68,11,discrediting,disliked,4,3
68,12,discrediting,favoured,3,2
69,1,creditable,disliked,3,4
69,2,creditable,disliked,3,3
69,3,creditable,favoured,4,4
69,4,creditable,disliked,4,3
69,5,creditable,favoured,4,3
69,6,creditable,favoured,3,3
69,7,discrediting,disliked,2,4
69,8,discrediting,favoured,4,2
69,9,discrediting,disliked,4,4
69,10,discrediting,favoured,3,4
69,11,discrediting,favoured,4,2
69,12,discrediting,disliked,4,4
70,1,creditable,disliked,3,2
70,2,creditable,favoured,5,4
70,3,creditable,disliked,3,1
70,4,creditable,disliked,4,2
70,5,creditable,favoured,4,2
70,6,creditable,favoured,5,3
70,7,discrediting,favoured,3,3
70,8,discrediting,disliked,3,3
70,9,discrediting,disliked,3,2
70,10,discrediting,favoured,1,3
70,11,discrediting,favoured,3,2
70,12,discrediting,disliked,4,2
71,1,creditable,favoured,4,4
71,2,creditable,disliked,2,4
71,3,creditable,disliked,2,4
71,4,creditable,disliked,5,4
71,5,creditable,favoured,5,4
71,6,creditable,favoured,1,3
71,7,discrediting,disliked,3,3
71,8,discrediting,disliked,5,3
71,9,discrediting,disliked,4,3
71,10,discrediting,favoured,2,2
71,11,discrediting,favoured,2,3
71,12,discrediting,favoured,3,2
72,1,creditable,favoured,4,3
72,2,creditable,favoured,5,3
72,3,creditable,favoured,2,3
72,4,creditable,disliked,2,5
72,5,creditable,disliked,1,4
72,6,creditable,disliked,2,3
72,7,discrediting,disliked,5,4
72,8,discrediting,favoured,3,3
72,9,discrediting,favoured,1,4
72,10,discrediting,disliked,4,3
72,11,discrediting,disliked,3,2
72,12,discrediting,favoured,1,3
73,1,creditable,disliked,2,4
73,2,creditable,favoured,3,3
73,3,creditable,favoured,4,3
73,4,creditable,disliked,2,2
73,5,creditable,disliked,3,5
73,6,creditable,favoured,3,5
73,7,discrediting,disliked,3,2
73,8,discrediting,favoured,3,4
73,9,discrediting,disliked,3,3
73,10,discrediting,favoured,1,3
73,11,discrediting,disliked,4,3
73,12,discrediting,favoured,3,3
74,1,creditable,favoured,4,3
74,2,creditable,disliked,3,4
74,3,creditable,disliked,3,3
74,4,creditable,favoured,5,4
74,5,creditable,disliked,2,4
74,6,creditable,favoured,3,4
74,7,discrediting,disliked,4,5
74,8,discrediting,disliked,4,5
74,9,discrediting,favoured,1,4
74,10,discrediting,disliked,4,4
74,11,discrediting,favoured,2,4
74,12,discrediting,favoured,2,3
75,1,creditable,disliked,3,4
75,2,creditable,favoured,2,4
75,3,creditable,favoured,3,4
75,4,creditable,favoured,2,3
75,5,creditable,disliked,5,3
75,6,creditable,disliked,2,5
75,7,discrediting,favoured,4,2
75,8,discrediting,disliked,3,3
75,9,discrediting,favoured,4,2
75,10,discrediting,favoured,4,4
75,11,discrediting,disliked,2,3
75,12,discrediting,disliked,3,5
76,1,creditable,disliked,2,4
76,2,creditable,favoured,3,2
76,3,creditable,disliked,3,1
76,4,creditable,disliked,4,2
76,5,creditable,favoured,4,3
76,6,creditable,favoured,3,4
76,7,discrediting,favoured,3,3
76,8,discrediting,disliked,5,3
76,9,discrediting,disliked,3,2
76,10,discrediting,favoured,3,4
76,11,discrediting,disliked,2,1
76,12,discrediting,favoured,4,2
77,1,creditable,favoured,3,3
77,2,creditable,disliked,2,2
77,3,creditable,disliked,1,3
77,4,creditable,favoured,5,4
77,5,creditable,disliked,2,1
77,6,creditable,favoured,2,2
77,7,discrediting,disliked,5,3
77,8,discrediting,favoured,4,4
77,9,discrediting,disliked,4,2
77,10,discrediting,favoured,2,3
77,11,discrediting,disliked,5,3
77,12,discrediting,favoured,2,3
78,1,creditable,favoured,3,3
78,2,creditable,favoured,3,3
78,3,creditable,disliked,1,3
78,4,creditable,disliked,2,3
78,5,creditable,favoured,2,3
78,6,creditable,disliked,2,4
78,7,discrediting,favoured,2,3
78,8,discrediting,disliked,4,3
78,9,discrediting,favoured,2,3
78,10,discrediting,favoured,3,3
78,11,discrediting,disliked,4,3
78,12,discrediting,disliked,5,4
79,1,creditable,favoured,3,3
79,2,creditable,disliked,1,5
79,3,creditable,disliked,1,5
79,4,creditable,favoured,2,3
79,5,creditable,favoured,2,4
79,6,creditable,disliked,1,5
79,7,discrediting,disliked,3,5
79,8,discrediting,favoured,2,4
79,9,discrediting,disliked,3,4
79,10,discrediting,favoured,2,4
79,11,discrediting,favoured,1,4
79,12,discrediting,disliked,3,3
80,1,creditable,disliked,3,4
80,2,creditable,favoured,2,3
80,3,creditable,disliked,2,4
80,4,creditable,favoured,3,4
80,5,creditable,disliked,3,3
80,6,creditable,favoured,4,4
80,7,discrediting,disliked,4,3
80,8,discrediting,disliked,5,5
80,9,discrediting,disliked,4,4
80,10,discrediting,favoured,4,3
80,11,discrediting,favoured,3,3
80,12,discrediting,favoured,3,3
81,1,creditable,disliked,2,5
81,2,creditable,favoured,4,4
81,3,creditable,disliked,3,4
81,4,creditable,favoured,4,4
81,5,creditable,favoured,4,4
81,6,creditable,disliked,2,5
81,7,discrediting,favoured,3,4
81,8,discrediting,disliked,5,5
81,9,discrediting,disliked,4,3
81,10,discrediting,favoured,2,4
81,11,discrediting,favoured,3,4
81,12,discrediting,disliked,5,5
82,1,creditable,favoured,5,4
82,2,creditable,disliked,3,3
82,3,creditable,favoured,4,4
82,4,creditable,favoured,5,4
82,5,creditable,disliked,1,5
82,6,creditable,disliked,1,4
82,7,discrediting,disliked,5,4
82,8,discrediting,disliked,4,4
82,9,discrediting,favoured,3,3
82,10,discrediting,disliked,4,4
82,11,discrediting,favoured,2,3
82,12,discrediting,favoured,2,4
83,1,creditable,favoured,4,4
83,2,creditable,disliked,3,3
83,3,creditable,favoured,3,4
83,4,creditable,favoured,4,4
83,5,creditable,disliked,1,5
83,6,creditable,disliked,2,4
83,7,discrediting,disliked,4,4
83,8,discrediting,disliked,5,4
83,9,discrediting,favoured,2,5
83,10,discrediting,favoured,1,5
83,11,discrediting,favoured,1,5
83,12,discrediting,disliked,3,4
84,1,creditable,disliked,2,4
84,2,creditable,disliked,2,3
84,3,creditable,disliked,3,4
84,4,creditable,favoured,4,3
84,5,creditable,favoured,4,4
84,6,creditable,favoured,4,3
84,7,discrediting,disliked,4,2
84,8,discrediting,favoured,2,3
84,9,discrediting,favoured,3,4
84,10,discrediting,disliked,3,3
84,11,discrediting,favoured,3,4
84,12,discrediting,disliked,4,5
85,1,creditable,disliked,1,2
85,2,creditable,disliked,3,3
85,3,creditable,favoured,2,3
85,4,creditable,disliked,3,3
85,5,creditable,favoured,1,3
85,6,creditable,favoured,1,3
85,7,discrediting,disliked,3,3
85,8,discrediting,favoured,3,3
85,9,discrediting,disliked,2,3
85,10,discrediting,favoured,4,3
85,11,discrediting,disliked,3,5
85,12,discrediting,favoured,4,4
86,1,creditable,disliked,1,5
86,2,creditable,favoured,3,4
86,3,creditable,favoured,4,5
86,4,creditable,disliked,2,4
86,5,creditable,disliked,2,5
86,6,creditable,favoured,3,4
86,7,discrediting,disliked,4,4
86,8,discrediting,favoured,2,4
86,9,discrediting,disliked,5,4
86,10,discrediting,favoured,1,4
86,11,discrediting,favoured,2,3
86,12,discrediting,disliked,5,5
87,1,creditable,disliked,4,3
87,2,creditable,favoured,3,3
87,3,creditable,favoured,4,5
87,4,creditable,disliked,3,3
87,5,creditable,disliked,4,3
87,6,creditable,favoured,4,4
87,7,discrediting,disliked,4,4
87,8,discrediting,favoured,3,4
87,9,discrediting,disliked,4,4
87,10,discrediting,disliked,5,4
87,11,discrediting,favoured,4,3
87,12,discrediting,favoured,5,3
88,1,creditable,favoured,3,3
88,2,creditable,disliked,1,5
88,3,creditable,disliked,2,5
88,4,creditable,favoured,3,4
88,5,creditable,disliked,4,3
88,6,creditable,favoured,3,3
88,7,discrediting,favoured,1,5
88,8,discrediting,disliked,3,2
88,9,discrediting,disliked,1,2
88,10,discrediting,favoured,2,4
88,11,discrediting,favoured,2,3
88,12,discrediting,disliked,3,2
89,1,creditable,disliked,2,3
89,2,creditable,disliked,3,3
89,3,creditable,favoured,3,3
89,4,creditable,disliked,3,3
89,5,creditable,favoured,4,3
89,6,creditable,favoured,3,3
89,7,discrediting,favoured,3,3
89,8,discrediting,favoured,3,2
89,9,discrediting,disliked,3,4
89,10,discrediting,favoured,2,3
89,11,discrediting,disliked,5,2
89,12,discrediting,disliked,4,2
90,1,creditable,disliked,1,2
90,2,creditable,disliked,2,3
90,3,creditable,favoured,3,2
90,4,creditable,disliked,3,3
90,5,creditable,favoured,3,3
90,6,creditable,favoured,4,3
90,7,discrediting,disliked,4,3
90,8,discrediting,disliked,5,4
90,9,discrediting,disliked,5,4
90,10,discrediting,favoured,3,3
90,11,discrediting,favoured,1,2
90,12,discrediting,favoured,3,2
91,1,creditable,disliked,2,3
91,2,creditable,favoured,3,3
91,3,creditable,favoured,4,4
91,4,creditable,favoured,5,5
91,5,creditable,disliked,2,4
91,6,creditable,disliked,2,4
91,7,discrediting,disliked,3,3
91,8,discrediting,favoured,3,3
91,9,discrediting,favoured,3,2
91,10,discrediting,disliked,3,3
91,11,discrediting,disliked,5,5
91,12,discrediting,favoured,2,2
92,1,creditable,favoured,3,2
92,2,creditable,disliked,1,4
92,3,creditable,favoured,4,3
92,4,creditable,disliked,2,4
92,5,creditable,disliked,2,3
92,6,creditable,favoured,3,3
92,7,discrediting,favoured,1,4
92,8,discrediting,disliked,4,5
92,9,discrediting,favoured,2,4
92,10,discrediting,disliked,4,3
92,11,discrediting,favoured,1,3
92,12,discrediting,disliked,3,4
93,1,creditable,disliked,2,4
93,2,creditable,favoured,3,3
93,3,creditable,favoured,4,4
93,4,creditable,disliked,2,5
93,5,creditable,disliked,2,5
93,6,creditable,favoured,5,5
93,7,discrediting,disliked,4,5
93,8,discrediting,favoured,2,5
93,9,discrediting,disliked,3,5
93,10,discrediting,favoured,2,5
93,11,discrediting,favoured,1,5
93,12,discrediting,disliked,3,5
94,1,creditable,favoured,2,4
94,2,creditable,disliked,4,4
94,3,creditable,disliked,4,4
94,4,creditable,disliked,5,2
94,5,creditable,favoured,1,2
94,6,creditable,favoured,2,3
94,7,discrediting,disliked,3,3
94,8,discrediting,disliked,4,3
94,9,discrediting,favoured,5,2
94,10,discrediting,favoured,4,4
94,11,discrediting,favoured,4,3
94,12,discrediting,disliked,2,3
95,1,creditable,disliked,1,3
95,2,creditable,favoured,3,3
95,3,creditable,disliked,1,5
95,4,creditable,favoured,3,4
95,5,creditable,favoured,1,3
95,6,creditable,disliked,4,4
95,7,discrediting,disliked,2,3
95,8,discrediting,favoured,2,4
95,9,discrediting,favoured,1,4
95,10,discrediting,disliked,2,3
95,11,discrediting,disliked,3,3
95,12,discrediting,favoured,2,3
96,1,creditable,favoured,4,4
96,2,creditable,disliked,3,3
96,3,creditable,disliked,3,4
96,4,creditable,favoured,4,4
96,5,creditable,disliked,2,4
96,6,creditable,favoured,3,3
96,7,discrediting,disliked,3,3
96,8,discrediting,favoured,4,4
96,9,discrediting,favoured,2,4
96,10,discrediting,disliked,2,3
96,11,discrediting,favoured,2,5
96,12,discrediting,disliked,4,4
97,1,creditable,disliked,3,3
97,2,creditable,favoured,3,3
97,3,creditable,favoured,2,3
97,4,creditable,favoured,3,4
97,5,creditable,disliked,1,4
97,6,creditable,disliked,2,4
97,7,discrediting,favoured,2,4
97,8,discrediting,favoured,4,4
97,9,discrediting,disliked,3,5
97,10,discrediting,favoured,3,4
97,11,discrediting,disliked,5,4
97,12,discrediting,disliked,3,4
98,1,creditable,disliked,3,3
98,2,creditable,favoured,5,3
98,3,creditable,favoured,4,3
98,4,creditable,favoured,5,4
98,5,creditable,disliked,2,3
98,6,creditable,disliked,3,3
98,7,discrediting,favoured,2,3
98,8,discrediting,favoured,3,3
98,9,discrediting,disliked,4,2
98,10,discrediting,disliked,3,2
98,11,discrediting,disliked,4,3
98,12,discrediting,favoured,1,3
99,1,creditable,favoured,3,4
99,2,creditable,disliked,1,5
99,3,creditable,disliked,1,5
99,4,creditable,favoured,5,3
99,5,creditable,favoured,3,5
99,6,creditable,disliked,2,4
99,7,discrediting,favoured,2,5
99,8,discrediting,disliked,4,3
99,9,discrediting,disliked,4,4
99,10,discrediting,favoured,2,3
99,11,discrediting,favoured,3,3
99,12,discrediting,disliked,4,4
100,1,creditable,disliked,2,4
100,2,creditable,favoured,3,2
100,3,creditable,disliked,2,4
100,4,creditable,favoured,3,2
100,5,creditable,disliked,2,3
100,6,creditable,favoured,3,3
100,7,discrediting,favoured,2,5
100,8,discrediting,favoured,3,3
100,9,discrediting,disliked,3,2
100,10,discrediting,disliked,2,2
100,11,discrediting,favoured,3,3
100,12,discrediting,disliked,5,4
101,1,creditable,favoured,3,3
101,2,creditable,disliked,2,3
101,3,creditable,favoured,3,4
101,4,creditable,favoured,5,4
101,5,creditable,disliked,2,4
101,6,creditable,disliked,3,4
101,7,discrediting,favoured,2,3
101,8,discrediting,favoured,3,4
101,9,discrediting,disliked,3,3
101,10,discrediting,disliked,3,3
101,11,discrediting,favoured,2,5
101,12,discrediting,disliked,4,3
102,1,creditable,favoured,2,2
102,2,creditable,disliked,2,5
102,3,creditable,favoured,2,5
102,4,creditable,favoured,4,4
102,5,creditable,disliked,3,3
102,6,creditable,disliked,1,5
102,7,discrediting,favoured,4,4
102,8,discrediting,disliked,2,2
102,9,discrediting,favoured,3,5
102,10,discrediting,favoured,3,4
102,11,discrediting,disliked,4,5
102,12,discrediting,disliked,3,4
103,1,creditable,favoured,3,2
103,2,creditable,favoured,4,4
103,3,creditable,disliked,2,5
103,4,creditable,favoured,3,4
103,5,creditable,disliked,3,3
103,6,creditable,disliked,1,4
103,7,discrediting,disliked,5,3
103,8,discrediting,favoured,3,4
103,9,discrediting,disliked,4,4
103,10,discrediting,favoured,1,4
103,11,discrediting,favoured,2,3
103,12,discrediting,disliked,3,4
104,1,creditable,disliked,2,4
104,2,creditable,disliked,2,5
104,3,creditable,favoured,5,4
104,4,creditable,favoured,4,5
104,5,creditable,disliked,3,3
104,6,creditable,favoured,5,4
104,7,discrediting,favoured,4,3
104,8,discrediting,disliked,5,4
104,9,discrediting,disliked,5,4
104,10,discrediting,favoured,3,5
104,11,discrediting,disliked,4,5
104,12,discrediting,favoured,5,4
105,1,creditable,favoured,5,4
105,2,creditable,disliked,1,5
105,3,creditable,disliked,1,4
105,4,creditable,favoured,4,3
105,5,creditable,disliked,2,3
105,6,creditable,favoured,4,4
105,7,discrediting,favoured,2,4
105,8,discrediting,favoured,2,4
105,9,discrediting,favoured,2,4
105,10,discrediting,disliked,4,5
105,11,discrediting,disliked,5,4
105,12,discrediting,disliked,4,4
106,1,creditable,favoured,5,4
106,2,creditable,disliked,4,3
106,3,creditable,favoured,4,4
106,4,creditable,favoured,5,4
106,5,creditable,disliked,2,5
106,6,creditable,disliked,2,5
106,7,discrediting,disliked,5,4
106,8,discrediting,favoured,3,3
106,9,discrediting,favoured,3,3
106,10,discrediting,disliked,5,5
106,11,discrediting,disliked,3,2
106,12,discrediting,favoured,4,1
107,1,creditable,disliked,3,3
107,2,creditable,favoured,2,3
107,3,creditable,disliked,3,2
107,4,creditable,favoured,3,2
107,5,creditable,favoured,3,2
107,6,creditable,disliked,2,2
107,7,discrediting,favoured,2,1
107,8,discrediting,favoured,2,4
107,9,discrediting,disliked,2,2
107,10,discrediting,favoured,1,3
107,11,discrediting,disliked,2,3
107,12,discrediting,disliked,4,2
108,1,creditable,disliked,2,3
108,2,creditable,favoured,3,3
108,3,creditable,disliked,3,4
108,4,creditable,disliked,3,4
108,5,creditable,favoured,3,3
108,6,creditable,favoured,4,3
108,7,discrediting,disliked,3,4
108,8,discrediting,favoured,3,3
108,9,discrediting,disliked,4,4
108,10,discrediting,favoured,2,4
108,11,discrediting,favoured,2,4
108,12,discrediting,disliked,4,3
109,1,creditable,favoured,1,2
109,2,creditable,disliked,2,3
109,3,creditable,favoured,1,1
109,4,creditable,disliked,3,3
109,5,creditable,disliked,1,2
109,6,creditable,favoured,1,1
109,7,discrediting,favoured,3,2
109,8,discrediting,disliked,3,2
109,9,discrediting,favoured,2,3
109,10,discrediting,disliked,1,2
109,11,discrediting,disliked,1,1
109,12,discrediting,favoured,2,4
110,1,creditable,disliked,2,5
110,2,creditable,disliked,2,4
110,3,creditable,favoured,5,4
110,4,creditable,favoured,5,3
110,5,creditable,disliked,2,4
110,6,creditable,favoured,4,5
110,7,discrediting,favoured,2,5
110,8,discrediting,favoured,3,5
110,9,discrediting,disliked,5,4
110,10,discrediting,disliked,4,5
110,11,discrediting,favoured,3,4
110,12,discrediting,disliked,4,3
111,1,creditable,favoured,3,2
111,2,creditable,disliked,4,3
111,3,creditable,favoured,5,4
111,4,creditable,disliked,3,4
111,5,creditable,disliked,3,3
111,6,creditable,favoured,4,3
111,7,discrediting,disliked,4,4
111,8,discrediting,disliked,4,4
111,9,discrediting,disliked,5,3
111,10,discrediting,favoured,3,5
111,11,discrediting,favoured,2,5
111,12,discrediting,favoured,4,4
112,1,creditable,favoured,4,3
112,2,creditable,disliked,2,4
112,3,creditable,favoured,3,4
112,4,creditable,favoured,5,4
112,5,creditable,disliked,3,3
112,6,creditable,disliked,3,3
112,7,discrediting,disliked,4,3
112,8,discrediting,favoured,4,5
112,9,discrediting,disliked,5,3
112,10,discrediting,disliked,3,4
112,11,discrediting,favoured,2,5
112,12,discrediting,favoured,5,3
113,1,creditable,disliked,1,5
113,2,creditable,disliked,1,5
113,3,creditable,favoured,4,5
113,4,creditable,disliked,3,3
113,5,creditable,favoured,5,5
113,6,creditable,favoured,4,4
113,7,discrediting,disliked,4,5
113,8,discrediting,favoured,3,3
113,9,discrediting,favoured,1,4
113,10,discrediting,disliked,5,5
113,11,discrediting,favoured,2,4
113,12,discrediting,disliked,3,4
114,1,creditable,favoured,4,2
114,2,creditable,favoured,4,3
114,3,creditable,disliked,1,2
114,4,creditable,disliked,2,3
114,5,creditable,favoured,4,3
114,6,creditable,disliked,1,4
114,7,discrediting,favoured,2,3
114,8,discrediting,disliked,4,3
114,9,discrediting,favoured,2,3
114,10,discrediting,disliked,3,3
114,11,discrediting,favoured,2,3
114,12,discrediting,disliked,4,2
115,1,creditable,favoured,4,2
115,2,creditable,favoured,3,4
115,3,creditable,favoured,4,3
115,4,creditable,disliked,3,3
115,5,creditable,disliked,3,3
115,6,creditable,disliked,2,3
115,7,discrediting,disliked,2,4
115,8,discrediting,favoured,2,4
115,9,discrediting,disliked,4,3
115,10,discrediting,favoured,3,4
115,11,discrediting,favoured,3,2
115,12,discrediting,disliked,5,4
116,1,creditable,favoured,2,1
116,2,creditable,favoured,2,3
116,3,creditable,disliked,1,4
116,4,creditable,disliked,4,1
116,5,creditable,disliked,1,4
116,6,creditable,favoured,2,3
116,7,discrediting,disliked,2,2
116,8,discrediting,favoured,2,2
116,9,discrediting,favoured,3,2
116,10,discrediting,disliked,3,3
116,11,discrediting,disliked,3,3
116,12,discrediting,favoured,3,4
117,1,creditable,favoured,4,4
117,2,creditable,favoured,4,4
117,3,creditable,favoured,5,5
117,4,creditable,disliked,3,5
117,5,creditable,disliked,1,4
117,6,creditable,disliked,3,4
117,7,discrediting,favoured,3,3
117,8,discrediting,favoured,4,3
117,9,discrediting,disliked,4,3
117,10,discrediting,favoured,2,5
117,11,discrediting,disliked,4,4
117,12,discrediting,disliked,5,5
118,1,creditable,disliked,2,4
118,2,creditable,disliked,1,4
118,3,creditable,disliked,1,3
118,4,creditable,favoured,4,3
118,5,creditable,favoured,5,4
118,6,creditable,favoured,3,4
118,7,discrediting,disliked,3,3
118,8,discrediting,favoured,3,4
118,9,discrediting,disliked,4,3
118,10,discrediting,favoured,1,4
118,11,discrediting,disliked,4,3
118,12,discrediting,favoured,2,2
119,1,creditable,disliked,2,4
119,2,creditable,favoured,2,3
119,3,creditable,disliked,1,4
119,4,creditable,favoured,3,3
119,5,creditable,disliked,2,5
119,6,creditable,favoured,2,2
119,7,discrediting,favoured,2,4
119,8,discrediting,disliked,4,3
119,9,discrediting,disliked,3,4
119,10,discrediting,favoured,1,4
119,11,discrediting,disliked,2,3
119,12,discrediting,favoured,3,3
120,1,creditable,disliked,2,4
120,2,creditable,disliked,2,5
120,3,creditable,favoured,4,5
120,4,creditable,favoured,3,3
120,5,creditable,disliked,2,4
120,6,creditable,favoured,3,3
120,7,discrediting,favoured,2,4
120,8,discrediting,favoured,2,4
120,9,discrediting,disliked,4,4
120,10,discrediting,disliked,2,2
120,11,discrediting,favoured,4,3
120,12,discrediting,disliked,4,3
121,1,creditable,favoured,3,4
121,2,creditable,favoured,3,4
121,3,creditable,disliked,3,3
121,4,creditable,disliked,3,3
121,5,creditable,favoured,3,4
121,6,creditable,disliked,1,5
121,7,discrediting,favoured,2,5
121,8,discrediting,disliked,4,5
121,9,discrediting,disliked,3,5
121,10,discrediting,favoured,2,3
121,11,discrediting,favoured,2,4
121,12,discrediting,disliked,4,5
122,1,creditable,disliked,2,4
122,2,creditable,favoured,3,4
122,3,creditable,favoured,5,4
122,4,creditable,disliked,3,5
122,5,creditable,favoured,4,4
122,6,creditable,disliked,1,4
122,7,discrediting,favoured,2,5
122,8,discrediting,favoured,4,4
122,9,discrediting,disliked,5,4
122,10,discrediting,disliked,1,1
122,11,discrediting,disliked,2,3
122,12,discrediting,favoured,3,3
123,1,creditable,favoured,3,4
123,2,creditable,favoured,4,5
123,3,creditable,favoured,3,2
123,4,creditable,disliked,3,3
123,5,creditable,disliked,2,3
123,6,creditable,disliked,1,5
123,7,discrediting,favoured,2,4
123,8,discrediting,favoured,3,4
123,9,discrediting,favoured,1,4
123,10,discrediting,disliked,4,4
123,11,discrediting,disliked,4,2
123,12,discrediting,disliked,5,4
124,1,creditable,favoured,4,4
124,2,creditable,favoured,3,2
124,3,creditable,disliked,3,3
124,4,creditable,disliked,3,4
124,5,creditable,disliked,2,4
124,6,creditable,favoured,3,4
124,7,discrediting,favoured,4,3
124,8,discrediting,disliked,4,4
124,9,discrediting,favoured,3,2
124,10,discrediting,disliked,4,3
124,11,discrediting,favoured,2,2
124,12,discrediting,disliked,2,2
125,1,creditable,favoured,3,3
125,2,creditable,favoured,4,4
125,3,creditable,favoured,3,3
125,4,creditable,disliked,2,4
125,5,creditable,disliked,2,3
125,6,creditable,disliked,3,2
125,7,discrediting,disliked,3,3
125,8,discrediting,favoured,3,3
125,9,discrediting,disliked,5,3
125,10,discrediting,favoured,3,4
125,11,discrediting,disliked,3,3
125,12,discrediting,favoured,2,5
126,1,creditable,disliked,2,2
126,2,creditable,disliked,1,5
126,3,creditable,favoured,3,3
126,4,creditable,favoured,3,4
126,5,creditable,favoured,2,3
126,6,creditable,disliked,1,5
126,7,discrediting,disliked,3,5
126,8,discrediting,favoured,3,4
126,9,discrediting,favoured,3,4
126,10,discrediting,disliked,3,4
126,11,discrediting,disliked,2,3
126,12,discrediting,favoured,3,4
127,1,creditable,disliked,4,3
127,2,creditable,disliked,4,2
127,3,creditable,favoured,2,3
127,4,creditable,disliked,3,4
127,5,creditable,favoured,2,3
127,6,creditable,favoured,2,3
127,7,discrediting,favoured,4,3
127,8,discrediting,favoured,4,5
127,9,discrediting,disliked,4,5
127,10,discrediting,favoured,3,3
127,11,discrediting,disliked,2,3
127,12,discrediting,disliked,4,3
128,1,creditable,disliked,2,4
128,2,creditable,disliked,3,4
128,3,creditable,favoured,2,4
128,4,creditable,favoured,4,4
128,5,creditable,favoured,3,4
128,6,creditable,disliked,3,3
128,7,discrediting,favoured,3,3
128,8,discrediting,favoured,3,4
128,9,discrediting,disliked,2,3
128,10,discrediting,disliked,2,4
128,11,discrediting,favoured,1,3
128,12,discrediting,disliked,2,5
129,1,creditable,disliked,3,4
129,2,creditable,favoured,3,3
129,3,creditable,disliked,3,4
129,4,creditable,disliked,2,4
129,5,creditable,favoured,4,4
129,6,creditable,favoured,4,3
129,7,discrediting,disliked,5,4
129,8,discrediting,disliked,3,3
129,9,discrediting,favoured,4,3
129,10,discrediting,favoured,3,4
129,11,discrediting,disliked,4,4
129,12,discrediting,favoured,4,2
130,1,creditable,disliked,2,5
130,2,creditable,disliked,2,4
130,3,creditable,disliked,2,4
130,4,creditable,favoured,5,5
130,5,creditable,favoured,5,4
130,6,creditable,favoured,2,4
130,7,discrediting,disliked,3,5
130,8,discrediting,favoured,3,4
130,9,discrediting,disliked,3,4
130,10,discrediting,favoured,2,3
130,11,discrediting,disliked,4,5
130,12,discrediting,favoured,4,3
131,1,creditable,favoured,3,1
131,2,creditable,disliked,3,3
131,3,creditable,disliked,3,2
131,4,creditable,favoured,4,4
131,5,creditable,favoured,3,2
131,6,creditable,disliked,2,4
131,7,discrediting,favoured,3,2
131,8,discrediting,favoured,3,4
131,9,discrediting,disliked,2,2
131,10,discrediting,favoured,1,4
131,11,discrediting,disliked,4,3
131,12,discrediting,disliked,2,2
132,1,creditable,disliked,2,4
132,2,creditable,favoured,4,4
132,3,creditable,disliked,2,4
132,4,creditable,disliked,2,3
132,5,creditable,favoured,4,5
132,6,creditable,favoured,4,4
132,7,discrediting,favoured,3,3
132,8,discrediting,disliked,4,5
132,9,discrediting,disliked,4,5
132,10,discrediting,favoured,1,4
132,11,discrediting,disliked,4,5
132,12,discrediting,favoured,1,3
133,1,creditable,disliked,3,3
133,2,creditable,favoured,3,5
133,3,creditable,favoured,2,1
133,4,creditable,favoured,3,3
133,5,creditable,disliked,2,3
133,6,creditable,disliked,2,4
133,7,discrediting,disliked,4,4
133,8,discrediting,disliked,2,1
133,9,discrediting,favoured,2,3
133,10,discrediting,disliked,2,3
133,11,discrediting,favoured,2,4
133,12,discrediting,favoured,2,3
134,1,creditable,disliked,3,4
134,2,creditable,disliked,3,3
134,3,creditable,favoured,5,3
134,4,creditable,favoured,5,3
134,5,creditable,disliked,4,3
134,6,creditable,favoured,4,3
134,7,discrediting,favoured,3,3
134,8,discrediting,disliked,4,3
134,9,discrediting,favoured,1,3
134,10,discrediting,favoured,3,4
134,11,discrediting,disliked,5,3
134,12,discrediting,disliked,4,4
135,1,creditable,disliked,2,4
135,2,creditable,favoured,3,5
135,3,creditable,disliked,4,2
135,4,creditable,disliked,2,5
135,5,creditable,favoured,4,3
135,6,creditable,favoured,4,4
135,7,discrediting,disliked,4,4
135,8,discrediting,favoured,2,4
135,9,discrediting,favoured,3,3
135,10,discrediting,disliked,3,3
135,11,discrediting,favoured,3,4
135,12,discrediting,disliked,5,5
136,1,creditable,favoured,5,3
136,2,creditable,disliked,1,4
136,3,creditable,favoured,4,3
136,4,creditable,favoured,5,3
136,5,creditable,disliked,1,5
136,6,creditable,disliked,1,3
136,7,discrediting,favoured,1,5
136,8,discrediting,disliked,4,4
136,9,discrediting,disliked,5,4
136,10,discrediting,favoured,1,5
136,11,discrediting,favoured,1,4
136,12,discrediting,disliked,5,3
137,1,creditable,disliked,1,5
137,2,creditable,disliked,2,4
137,3,creditable,disliked,1,4
137,4,creditable,favoured,3,3
137,5,creditable,favoured,2,1
137,6,creditable,favoured,3,5
137,7,discrediting,disliked,5,4
137,8,discrediting,disliked,4,4
137,9,discrediting,favoured,1,5
137,10,discrediting,favoured,1,5
137,11,discrediting,disliked,4,5
137,12,discrediting,favoured,3,5
138,1,creditable,favoured,3,4
138,2,creditable,favoured,4,5
138,3,creditable,disliked,1,5
138,4,creditable,disliked,3,4
138,5,creditable,disliked,2,3
138,6,creditable,favoured,3,5
138,7,discrediting,disliked,5,4
138,8,discrediting,favoured,1,4
138,9,discrediting,favoured,2,4
138,10,discrediting,disliked,3,4
138,11,discrediting,favoured,1,3
138,12,discrediting,disliked,4,4
139,1,creditable,favoured,4,3
139,2,creditable,disliked,3,3
139,3,creditable,favoured,3,4
139,4,creditable,disliked,5,3
139,5,creditable,favoured,4,4
139,6,creditable,disliked,3,3
139,7,discrediting,favoured,3,3
139,8,discrediting,favoured,4,3
139,9,discrediting,disliked,5,3
139,10,discrediting,disliked,2,2
139,11,discrediting,favoured,3,4
139,12,discrediting,disliked,3,4
140,1,creditable,disliked,2,2
140,2,creditable,disliked,2,2
140,3,creditable,favoured,5,3
140,4,creditable,favoured,4,3
140,5,creditable,favoured,3,4
140,6,creditable,disliked,2,2
140,7,discrediting,disliked,4,3
140,8,discrediting,favoured,1,2
140,9,discrediting,favoured,2,3
140,10,discrediting,disliked,4,3
140,11,discrediting,favoured,1,4
140,12,discrediting,disliked,5,3
141,1,creditable,favoured,4,2
141,2,creditable,favoured,4,3
141,3,creditable,disliked,2,2
141,4,creditable,disliked,3,2
141,5,creditable,favoured,4,2
141,6,creditable,disliked,2,3
141,7,discrediting,disliked,4,3
141,8,discrediting,favoured,3,2
141,9,discrediting,disliked,5,2
141,10,discrediting,disliked,5,3
141,11,discrediting,favoured,3,2
141,12,discrediting,favoured,2,3
142,1,creditable,disliked,3,3
142,2,creditable,favoured,3,5
142,3,creditable,disliked,3,4
142,4,creditable,favoured,2,4
142,5,creditable,favoured,2,2
142,6,creditable,disliked,3,5
142,7,discrediting,favoured,4,4
142,8,discrediting,disliked,5,3
142,9,discrediting,favoured,2,4
142,10,discrediting,favoured,4,3
142,11,discrediting,disliked,4,4
142,12,discrediting,disliked,4,4
143,1,creditable,favoured,4,5
143,2,creditable,disliked,2,3
143,3,creditable,disliked,1,4
143,4,creditable,disliked,2,3
143,5,creditable,favoured,4,3
143,6,creditable,favoured,3,2
143,7,discrediting,favoured,3,3
143,8,discrediting,disliked,4,3
143,9,discrediting,favoured,3,3
143,10,discrediting,disliked,4,4
143,11,discrediting,favoured,3,3
143,12,discrediting,disliked,4,3
144,1,creditable,favoured,4,4
144,2,creditable,disliked,2,2
144,3,creditable,disliked,3,3
144,4,creditable,favoured,4,3
144,5,creditable,disliked,1,4
144,6,creditable,favoured,3,2
144,7,discrediting,disliked,5,4
144,8,discrediting,favoured,2,3
144,9,discrediting,favoured,1,4
144,10,discrediting,disliked,4,4
144,11,discrediting,favoured,1,3
144,12,discrediting,disliked,4,1
145,1,creditable,disliked,3,3
145,2,creditable,favoured,5,4
145,3,creditable,favoured,5,5
145,4,creditable,disliked,3,1
145,5,creditable,favoured,4,5
145,6,creditable,disliked,3,3
145,7,discrediting,disliked,4,2
145,8,discrediting,disliked,5,4
145,9,discrediting,disliked,4,2
145,10,discrediting,favoured,4,1
145,11,discrediting,favoured,2,2
145,12,discrediting,favoured,2,2
146,1,creditable,disliked,2,4
146,2,creditable,disliked,2,4
146,3,creditable,favoured,4,5
146,4,creditable,favoured,4,5
146,5,creditable,favoured,3,3
146,6,creditable,disliked,2,4
146,7,discrediting,disliked,3,4
146,8,discrediting,favoured,2,3
146,9,discrediting,disliked,4,4
146,10,discrediting,favoured,1,5
146,11,discrediting,disliked,1,4
146,12,discrediting,favoured,4,2
147,1,creditable,disliked,3,1
147,2,creditable,favoured,2,4
147,3,creditable,disliked,2,4
147,4,creditable,favoured,4,4
147,5,creditable,favoured,5,4
147,6,creditable,disliked,2,3
147,7,discrediting,favoured,2,2
147,8,discrediting,disliked,5,4
147,9,discrediting,disliked,4,3
147,10,discrediting,disliked,3,1
147,11,discrediting,favoured,2,3
147,12,discrediting,favoured,2,4
148,1,creditable,disliked,2,4
148,2,creditable,favoured,2,3
148,3,creditable,disliked,3,3
148,4,creditable,favoured,2,3
148,5,creditable,favoured,4,5
148,6,creditable,disliked,1,5
148,7,discrediting,disliked,3,4
148,8,discrediting,disliked,4,5
148,9,discrediting,favoured,2,4
148,10,discrediting,favoured,1,5
148,11,discrediting,disliked,4,4
148,12,discrediting,favoured,3,4
149,1,creditable,disliked,3,3
149,2,creditable,favoured,3,4
149,3,creditable,disliked,2,5
149,4,creditable,favoured,4,2
149,5,creditable,disliked,1,4
149,6,creditable,favoured,2,3
149,7,discrediting,favoured,2,4
149,8,discrediting,favoured,3,4
149,9,discrediting,disliked,3,5
149,10,discrediting,disliked,3,4
149,11,discrediting,favoured,2,3
149,12,discrediting,disliked,3,5
150,1,creditable,favoured,5,3
150,2,creditable,favoured,3,4
150,3,creditable,disliked,2,3
150,4,creditable,disliked,1,3
150,5,creditable,disliked,2,3
150,6,creditable,favoured,4,3
150,7,discrediting,favoured,2,4
150,8,discrediting,favoured,2,2
150,9,discrediting,favoured,1,2
150,10,discrediting,disliked,4,3
150,11,discrediting,disliked,5,4
150,12,discrediting,disliked,3,2
151,1,creditable,favoured,3,3
151,2,creditable,disliked,2,3
151,3,creditable,favoured,1,2
151,4,creditable,disliked,3,3
151,5,creditable,favoured,1,3
151,6,creditable,disliked,2,3
151,7,discrediting,favoured,1,2
151,8,discrediting,disliked,2,3
151,9,discrediting,favoured,2,3
151,10,discrediting,favoured,1,4
151,11,discrediting,disliked,1,2
151,12,discrediting,disliked,2,3
152,1,creditable,disliked,2,4
152,2,creditable,disliked,3,4
152,3,creditable,favoured,4,4
152,4,creditable,favoured,4,5
152,5,creditable,disliked,3,4
152,6,creditable,favoured,4,4
152,7,discrediting,favoured,3,2
152,8,discrediting,disliked,3,4
152,9,discrediting,disliked,4,4
152,10,discrediting,favoured,2,4
152,11,discrediting,disliked,4,3
152,12,discrediting,favoured,2,3
153,1,creditable,disliked,2,5
153,2,creditable,favoured,2,3
153,3,creditable,favoured,3,4
153,4,creditable,disliked,3,3
153,5,creditable,favoured,3,3
153,6,creditable,disliked,2,4
153,7,discrediting,favoured,3,5
153,8,discrediting,favoured,3,2
153,9,discrediting,disliked,4,4
153,10,discrediting,disliked,3,3
153,11,discrediting,favoured,3,2
153,12,discrediting,disliked,4,5
154,1,creditable,disliked,1,4
154,2,creditable,disliked,1,4
154,3,creditable,disliked,3,4
154,4,creditable,favoured,4,4
154,5,creditable,favoured,4,4
154,6,creditable,favoured,3,4
154,7,discrediting,disliked,5,5
154,8,discrediting,favoured,3,5
154,9,discrediting,disliked,1,4
154,10,discrediting,favoured,3,3
154,11,discrediting,favoured,3,4
154,12,discrediting,disliked,4,4
155,1,creditable,favoured,3,4
155,2,creditable,favoured,2,3
155,3,creditable,disliked,4,4
155,4,creditable,favoured,3,5
155,5,creditable,disliked,3,3
155,6,creditable,disliked,3,3
155,7,discrediting,disliked,4,5
155,8,discrediting,disliked,5,5
155,9,discrediting,disliked,4,5
155,10,discrediting,favoured,3,4
155,11,discrediting,favoured,1,4
155,12,discrediting,favoured,2,4
156,1,creditable,favoured,4,4
156,2,creditable,favoured,3,3
156,3,creditable,disliked,1,5
156,4,creditable,disliked,1,4
156,5,creditable,favoured,4,5
156,6,creditable,disliked,1,5
156,7,discrediting,disliked,3,4
156,8,discrediting,favoured,2,4
156,9,discrediting,favoured,3,5
156,10,discrediting,disliked,4,3
156,11,discrediting,favoured,1,5
156,12,discrediting,disliked,3,2
157,1,creditable,disliked,3,3
157,2,creditable,favoured,1,3
157,3,creditable,favoured,1,3
157,4,creditable,disliked,2,4
157,5,creditable,favoured,2,4
157,6,creditable,disliked,3,3
157,7,discrediting,disliked,1,3
157,8,discrediting,favoured,2,4
157,9,discrediting,favoured,3,4
157,10,discrediting,disliked,1,2
157,11,discrediting,disliked,1,3
157,12,discrediting,favoured,3,3
158,1,creditable,disliked,1,3
158,2,creditable,disliked,1,3
158,3,creditable,disliked,3,4
158,4,creditable,favoured,4,4
158,5,creditable,favoured,4,4
158,6,creditable,favoured,4,3
158,7,discrediting,disliked,4,2
158,8,discrediting,favoured,2,4
158,9,discrediting,favoured,2,4
158,10,discrediting,disliked,3,3
158,11,discrediting,disliked,5,3
158,12,discrediting,favoured,3,3
159,1,creditable,disliked,2,4
159,2,creditable,favoured,4,4
159,3,creditable,disliked,5,5
159,4,creditable,disliked,3,3
159,5,creditable,favoured,5,4
159,6,creditable,favoured,3,3
159,7,discrediting,favoured,3,4
159,8,discrediting,favoured,4,4
159,9,discrediting,disliked,3,3
159,10,discrediting,favoured,2,5
159,11,discrediting,disliked,4,3
159,12,discrediting,disliked,4,4
160,1,creditable,favoured,2,3
160,2,creditable,disliked,3,3
160,3,creditable,favoured,2,3
160,4,creditable,disliked,3,4
160,5,creditable,favoured,2,4
160,6,creditable,disliked,2,3
160,7,discrediting,favoured,3,4
160,8,discrediting,disliked,2,4
160,9,discrediting,favoured,2,5
160,10,discrediting,disliked,3,4
160,11,discrediting,favoured,3,3
160,12,discrediting,disliked,4,3
161,1,creditable,disliked,2,3
161,2,creditable,favoured,3,4
161,3,creditable,disliked,2,5
161,4,creditable,disliked,3,2
161,5,creditable,favoured,3,3
161,6,creditable,favoured,3,3
161,7,discrediting,disliked,2,4
161,8,discrediting,disliked,4,4
161,9,discrediting,disliked,4,3
161,10,discrediting,favoured,3,3
161,11,discrediting,favoured,3,3
161,12,discrediting,favoured,5,1
162,1,creditable,favoured,3,4
162,2,creditable,favoured,1,2
162,3,creditable,disliked,1,4
162,4,creditable,disliked,2,4
162,5,creditable,favoured,2,2
162,6,creditable,disliked,3,3
162,7,discrediting,favoured,3,2
162,8,discrediting,favoured,2,3
162,9,discrediting,favoured,3,3
162,10,discrediting,disliked,3,4
162,11,discrediting,disliked,3,5
162,12,discrediting,disliked,3,3
163,1,creditable,favoured,3,3
163,2,creditable,disliked,3,2
163,3,creditable,favoured,2,3
163,4,creditable,favoured,2,3
163,5,creditable,disliked,3,3
163,6,creditable,disliked,2,3
163,7,discrediting,favoured,3,3
163,8,discrediting,disliked,4,2
163,9,discrediting,disliked,2,4
163,10,discrediting,favoured,2,3
163,11,discrediting,disliked,2,3
163,12,discrediting,favoured,4,3
164,1,creditable,favoured,3,4
164,2,creditable,favoured,2,3
164,3,creditable,disliked,3,5
164,4,creditable,disliked,3,5
164,5,creditable,disliked,2,4
164,6,creditable,favoured,4,4
164,7,discrediting,favoured,2,3
164,8,discrediting,disliked,4,3
164,9,discrediting,disliked,3,4
164,10,discrediting,disliked,5,4
164,11,discrediting,favoured,3,3
164,12,discrediting,favoured,2,4
165,1,creditable,favoured,3,2
165,2,creditable,disliked,3,4
165,3,creditable,favoured,3,1
165,4,creditable,disliked,2,2
165,5,creditable,disliked,3,1
165,6,creditable,favoured,4,3
165,7,discrediting,disliked,4,2
165,8,discrediting,disliked,4,3
165,9,discrediting,favoured,3,1
165,10,discrediting,disliked,3,3
165,11,discrediting,favoured,2,4
165,12,discrediting,favoured,2,3
166,1,creditable,disliked,1,2
166,2,creditable,favoured,4,2
166,3,creditable,disliked,2,2
166,4,creditable,favoured,4,2
166,5,creditable,disliked,2,2
166,6,creditable,favoured,3,1
166,7,discrediting,favoured,3,4
166,8,discrediting,disliked,4,1
166,9,discrediting,disliked,3,3
166,10,discrediting,disliked,4,1
166,11,discrediting,favoured,3,4
166,12,discrediting,favoured,3,2
167,1,creditable,disliked,1,5
167,2,creditable,disliked,3,4
167,3,creditable,favoured,3,4
167,4,creditable,disliked,1,5
167,5,creditable,favoured,4,5
167,6,creditable,favoured,3,4
167,7,discrediting,favoured,1,5
167,8,discrediting,favoured,3,4
167,9,discrediting,favoured,3,4
167,10,discrediting,disliked,3,4
167,11,discrediting,disliked,3,4
167,12,discrediting,disliked,4,5
168,1,creditable,disliked,4,2
168,2,creditable,disliked,4,1
168,3,creditable,favoured,3,2
168,4,creditable,favoured,3,3
168,5,creditable,favoured,2,2
168,6,creditable,disliked,1,3
168,7,discrediting,disliked,3,3
168,8,discrediting,disliked,3,3
168,9,discrediting,disliked,3,1
168,10,discrediting,favoured,3,2
168,11,discrediting,favoured,4,2
168,12,discrediting,favoured,4,1
169,1,creditable,favoured,2,3
169,2,creditable,disliked,3,3
169,3,creditable,disliked,2,5
169,4,creditable,disliked,4,4
169,5,creditable,favoured,3,4
169,6,creditable,favoured,3,3
169,7,discrediting,disliked,2,3
169,8,discrediting,favoured,2,5
169,9,discrediting,favoured,3,3
169,10,discrediting,favoured,1,4
169,11,discrediting,disliked,2,3
169,12,discrediting,disliked,2,3
170,1,creditable,disliked,3,2
170,2,creditable,disliked,3,3
170,3,creditable,favoured,2,2
170,4,creditable,disliked,4,4
170,5,creditable,favoured,3,3
170,6,creditable,favoured,4,3
170,7,discrediting,disliked,4,3
170,8,discrediting,favoured,3,4
170,9,discrediting,favoured,3,3
170,10,discrediting,disliked,2,4
170,11,discrediting,favoured,3,2
170,12,discrediting,disliked,4,2
171,1,creditable,disliked,1,4
171,2,creditable,disliked,1,4
171,3,creditable,favoured,2,4
171,4,creditable,favoured,4,4
171,5,creditable,disliked,1,4
171,6,creditable,favoured,4,5
171,7,discrediting,disliked,4,3
171,8,discrediting,favoured,2,4
171,9,discrediting,favoured,1,3
171,10,discrediting,favoured,1,3
171,11,discrediting,disliked,3,3
171,12,discrediting,disliked,4,3
172,1,creditable,disliked,3,4
172,2,creditable,disliked,3,4
172,3,creditable,favoured,5,3
172,4,creditable,disliked,3,2
172,5,creditable,favoured,2,4
172,6,creditable,favoured,3,3
172,7,discrediting,disliked,5,4
172,8,discrediting,disliked,5,3
172,9,discrediting,favoured,3,3
172,10,discrediting,favoured,2,3
172,11,discrediting,disliked,3,3
172,12,discrediting,favoured,5,3
173,1,creditable,favoured,2,3
173,2,creditable,favoured,2,2
173,3,creditable,disliked,3,4
173,4,creditable,disliked,3,3
173,5,creditable,disliked,3,4
173,6,creditable,favoured,4,4
173,7,discrediting,disliked,3,3
173,8,discrediting,favoured,3,5
173,9,discrediting,disliked,4,4
173,10,discrediting,favoured,3,3
173,11,discrediting,disliked,3,3
173,12,discrediting,favoured,3,3
174,1,creditable,disliked,3,3
174,2,creditable,disliked,3,3
174,3,creditable,favoured,3,3
174,4,creditable,favoured,5,4
174,5,creditable,favoured,4,3
174,6,creditable,disliked,3,4
174,7,discrediting,disliked,5,3
174,8,discrediting,disliked,5,4
174,9,discrediting,favoured,4,4
174,10,discrediting,favoured,1,4
174,11,discrediting,disliked,4,3
174,12,discrediting,favoured,3,3
175,1,creditable,favoured,4,5
175,2,creditable,favoured,4,4
175,3,creditable,favoured,4,5
175,4,creditable,disliked,5,3
175,5,creditable,disliked,2,4
175,6,creditable,disliked,2,5
175,7,discrediting,disliked,4,3
175,8,discrediting,favoured,3,5
175,9,discrediting,favoured,2,3
175,10,discrediting,disliked,4,4
175,11,discrediting,favoured,2,4
175,12,discrediting,disliked,4,5
176,1,creditable,favoured,1,3
176,2,creditable,disliked,2,4
176,3,creditable,favoured,3,2
176,4,creditable,favoured,3,3
176,5,creditable,disliked,2,4
176,6,creditable,disliked,3,4
176,7,discrediting,favoured,2,5
176,8,discrediting,disliked,4,2
176,9,discrediting,disliked,3,3
176,10,discrediting,disliked,3,3
176,11,discrediting,favoured,2,3
176,12,discrediting,favoured,1,5
177,1,creditable,disliked,1,4
177,2,creditable,disliked,1,3
177,3,creditable,favoured,2,4
177,4,creditable,disliked,2,5
177,5,creditable,favoured,3,3
177,6,creditable,favoured,3,3
177,7,discrediting,disliked,2,3
177,8,discrediting,favoured,3,4
177,9,discrediting,favoured,2,3
177,10,discrediting,disliked,3,4
177,11,discrediting,disliked,3,3
177,12,discrediting,favoured,3,4
178,1,creditable,favoured,1,4
178,2,creditable,favoured,4,5
178,3,creditable,disliked,1,5
178,4,creditable,favoured,4,4
178,5,creditable,disliked,3,5
178,6,creditable,disliked,3,4
178,7,discrediting,favoured,1,5
178,8,discrediting,disliked,3,4
178,9,discrediting,disliked,3,5
178,10,discrediting,favoured,1,5
178,11,discrediting,favoured,3,4
178,12,discrediting,disliked,4,4
179,1,creditable,disliked,1,4
179,2,creditable,favoured,3,3
179,3,creditable,disliked,1,4
179,4,creditable,disliked,1,4
179,5,creditable,favoured,2,2
179,6,creditable,favoured,3,4
179,7,discrediting,disliked,3,2
179,8,discrediting,favoured,2,3
179,9,discrediting,favoured,2,3
179,10,discrediting,favoured,1,3
179,11,discrediting,disliked,4,3
179,12,discrediting,disliked,3,2
180,1,creditable,favoured,3,4
180,2,creditable,favoured,5,3
180,3,creditable,disliked,2,4
180,4,creditable,disliked,3,3
180,5,creditable,disliked,3,3
180,6,creditable,favoured,4,5
180,7,discrediting,disliked,4,3
180,8,discrediting,favoured,4,3
180,9,discrediting,favoured,4,5
180,10,discrediting,disliked,4,5
180,11,discrediting,disliked,3,3
180,12,discrediting,favoured,2,3
181,1,creditable,favoured,3,4
181,2,creditable,favoured,4,4
181,3,creditable,favoured,3,3
181,4,creditable,disliked,3,4
181,5,creditable,disliked,2,5
181,6,creditable,disliked,2,4
181,7,discrediting,favoured,3,5
181,8,discrediting,disliked,4,4
181,9,discrediting,favoured,2,5
181,10,discrediting,favoured,2,4
181,11,discrediting,disliked,3,4
181,12,discrediting,disliked,4,5
182,1,creditable,favoured,4,5
182,2,creditable,favoured,4,4
182,3,creditable,favoured,5,4
182,4,creditable,disliked,4,3
182,5,creditable,disliked,2,4
182,6,creditable,disliked,2,3
182,7,discrediting,favoured,5,3
182,8,discrediting,disliked,4,4
182,9,discrediting,disliked,5,3
182,10,discrediting,favoured,2,5
182,11,discrediting,disliked,4,5
182,12,discrediting,favoured,3,4
183,1,creditable,disliked,3,4
183,2,creditable,disliked,2,4
183,3,creditable,favoured,3,3
183,4,creditable,favoured,4,4
183,5,creditable,favoured,3,4
183,6,creditable,disliked,3,3
183,7,discrediting,disliked,3,2
183,8,discrediting,favoured,3,2
183,9,discrediting,disliked,4,3
183,10,discrediting,disliked,2,3
183,11,discrediting,favoured,3,3
183,12,discrediting,favoured,3,4
184,1,creditable,disliked,4,4
184,2,creditable,favoured,1,3
184,3,creditable,disliked,4,3
184,4,creditable,disliked,3,3
184,5,creditable,favoured,2,2
184,6,creditable,favoured,2,2
184,7,discrediting,favoured,2,4
184,8,discrediting,favoured,5,2
184,9,discrediting,favoured,4,4
184,10,discrediting,disliked,2,4
184,11,discrediting,disliked,2,3
184,12,discrediting,disliked,2,3
185,1,creditable,favoured,5,3
185,2,creditable,disliked,3,4
185,3,creditable,disliked,4,3
185,4,creditable,favoured,5,3
185,5,creditable,favoured,4,3
185,6,creditable,disliked,4,4
185,7,discrediting,favoured,3,3
185,8,discrediting,disliked,5,4
185,9,discrediting,disliked,5,3
185,10,discrediting,disliked,5,3
185,11,discrediting,favoured,3,4
185,12,discrediting,favoured,5,4
186,1,creditable,favoured,4,4
186,2,creditable,favoured,2,4
186,3,creditable,disliked,2,3
186,4,creditable,favoured,4,4
186,5,creditable,disliked,2,4
186,6,creditable,disliked,3,2
186,7,discrediting,disliked,4,5
186,8,discrediting,favoured,3,3
186,9,discrediting,favoured,3,4
186,10,discrediting,favoured,2,3
186,11,discrediting,disliked,2,3
186,12,discrediting,disliked,4,5
187,1,creditable,disliked,1,4
187,2,creditable,favoured,4,2
187,3,creditable,disliked,1,4
187,4,creditable,favoured,5,2
187,5,creditable,disliked,1,4
187,6,creditable,favoured,5,5
187,7,discrediting,favoured,2,4
187,8,discrediting,disliked,3,4
187,9,discrediting,favoured,1,3
187,10,discrediting,disliked,3,3
187,11,discrediting,favoured,2,3
187,12,discrediting,disliked,4,3
188,1,creditable,disliked,2,3
188,2,creditable,favoured,5,3
188,3,creditable,favoured,5,3
188,4,creditable,disliked,1,5
188,5,creditable,favoured,5,3
188,6,creditable,disliked,2,4
188,7,discrediting,disliked,4,3
188,8,discrediting,favoured,3,2
188,9,discrediting,disliked,4,2
188,10,discrediting,favoured,3,2
188,11,discrediting,favoured,2,3
188,12,discrediting,disliked,5,4
189,1,creditable,disliked,1,4
189,2,creditable,favoured,3,3
189,3,creditable,favoured,3,2
189,4,creditable,disliked,1,4
189,5,creditable,disliked,3,3
189,6,creditable,favoured,5,4
189,7,discrediting,favoured,2,4
189,8,discrediting,disliked,3,4
189,9,discrediting,disliked,3,3
189,10,discrediting,favoured,1,3
189,11,discrediting,favoured,3,4
189,12,discrediting,disliked,5,5
190,1,creditable,favoured,4,2
190,2,creditable,disliked,2,4
190,3,creditable,disliked,1,3
190,4,creditable,disliked,2,3
190,5,creditable,favoured,3,4
190,6,creditable,favoured,5,3
190,7,discrediting,favoured,3,3
190,8,discrediting,disliked,3,4
190,9,discrediting,favoured,2,4
190,10,discrediting,disliked,3,3
190,11,discrediting,disliked,4,3
190,12,discrediting,favoured,2,3
191,1,creditable,favoured,3,3
191,2,creditable,disliked,2,4
191,3,creditable,disliked,2,4
191,4,creditable,favoured,5,4
191,5,creditable,favoured,4,3
191,6,creditable,disliked,2,3
191,7,discrediting,disliked,4,2
191,8,discrediting,disliked,5,3
191,9,discrediting,disliked,3,3
191,10,discrediting,favoured,1,4
191,11,discrediting,favoured,2,3
191,12,discrediting,favoured,2,3
192,1,creditable,disliked,1,4
192,2,creditable,favoured,4,3
192,3,creditable,disliked,1,1
192,4,creditable,favoured,3,3
192,5,creditable,disliked,3,4
192,6,creditable,favoured,4,4
192,7,discrediting,favoured,1,4
192,8,discrediting,favoured,1,4
192,9,discrediting,favoured,1,3
192,10,discrediting,disliked,2,4
192,11,discrediting,disliked,2,4
192,12,discrediting,disliked,3,5
193,1,creditable,favoured,3,4
193,2,creditable,favoured,2,2
193,3,creditable,disliked,3,3
193,4,creditable,favoured,4,3
193,5,creditable,disliked,2,2
193,6,creditable,disliked,3,4
193,7,discrediting,disliked,3,3
193,8,discrediting,favoured,3,2
193,9,discrediting,favoured,3,4
193,10,discrediting,favoured,2,3
193,11,discrediting,disliked,4,4
193,12,discrediting,disliked,3,3
194,1,creditable,favoured,3,4
194,2,creditable,disliked,4,4
194,3,creditable,favoured,2,3
194,4,creditable,disliked,4,3
194,5,creditable,favoured,5,5
194,6,creditable,disliked,3,4
194,7,discrediting,disliked,3,2
194,8,discrediting,favoured,3,3
194,9,discrediting,disliked,3,4
194,10,discrediting,favoured,3,3
194,11,discrediting,favoured,3,3
194,12,discrediting,disliked,2,4
195,1,creditable,favoured,2,2
195,2,creditable,disliked,3,3
195,3,creditable,disliked,3,4
195,4,creditable,favoured,2,4
195,5,creditable,disliked,3,3
195,6,creditable,favoured,2,2
195,7,discrediting,disliked,3,2
195,8,discrediting,disliked,3,4
195,9,discrediting,favoured,3,3
195,10,discrediting,favoured,2,3
195,11,discrediting,disliked,2,2
195,12,discrediting,favoured,4,1
196,1,creditable,favoured,4,4
196,2,creditable,favoured,2,3
196,3,creditable,favoured,2,3
196,4,creditable,disliked,2,4
196,5,creditable,disliked,2,4
196,6,creditable,disliked,2,3
196,7,discrediting,favoured,4,2
196,8,discrediting,favoured,3,4
196,9,discrediting,favoured,4,3
196,10,discrediting,disliked,2,1
196,11,discrediting,disliked,3,3
196,12,discrediting,disliked,3,3
197,1,creditable,favoured,4,3
197,2,creditable,disliked,2,2
197,3,creditable,disliked,1,5
197,4,creditable,disliked,1,5
197,5,creditable,favoured,4,4
197,6,creditable,favoured,4,4
197,7,discrediting,favoured,1,4
197,8,discrediting,disliked,5,5
197,9,discrediting,favoured,1,5
197,10,discrediting,disliked,5,5
197,11,discrediting,favoured,1,4
197,12,discrediting,disliked,5,4
198,1,creditable,favoured,3,3
198,2,creditable,disliked,1,4
198,3,creditable,favoured,4,3
198,4,creditable,favoured,5,5
198,5,creditable,disliked,1,4
198,6,creditable,disliked,1,5
198,7,discrediting,favoured,2,3
198,8,discrediting,favoured,3,3
198,9,discrediting,disliked,2,2
198,10,discrediting,disliked,3,3
198,11,discrediting,disliked,3,3
198,12,discrediting,favoured,2,4
199,1,creditable,disliked,1,4
199,2,creditable,disliked,3,3
199,3,creditable,favoured,1,3
199,4,creditable,disliked,1,4
199,5,creditable,favoured,2,2
199,6,creditable,favoured,3,3
199,7,discrediting,favoured,1,3
199,8,discrediting,disliked,2,3
199,9,discrediting,disliked,1,4
199,10,discrediting,favoured,1,3
199,11,discrediting,disliked,2,3
199,12,discrediting,favoured,1,2
200,1,creditable,favoured,3,4
200,2,creditable,disliked,1,4
200,3,creditable,disliked,4,2
200,4,creditable,disliked,4,3
200,5,creditable,favoured,4,3
200,6,creditable,favoured,1,2
200,7,discrediting,disliked,3,4
200,8,discrediting,favoured,4,5
200,9,discrediting,favoured,3,4
200,10,discrediting,favoured,2,3
200,11,discrediting,disliked,3,3
200,12,discrediting,disliked,3,3
201,1,creditable,favoured,4,3
201,2,creditable,favoured,4,2
201,3,creditable,favoured,4,4
201,4,creditable,disliked,1,4
201,5,creditable,disliked,1,1
201,6,creditable,disliked,1,4
201,7,discrediting,favoured,3,2
201,8,discrediting,disliked,5,5
201,9,discrediting,favoured,3,3
201,10,discrediting,disliked,4,3
201,11,discrediting,favoured,1,3
201,12,discrediting,disliked,4,3
202,1,creditable,disliked,2,3
202,2,creditable,disliked,2,4
202,3,creditable,favoured,4,3
202,4,creditable,favoured,5,3
202,5,creditable,disliked,3,4
202,6,creditable,favoured,4,3
202,7,discrediting,favoured,3,3
202,8,discrediting,disliked,5,3
202,9,discrediting,favoured,2,4
202,10,discrediting,favoured,1,5
202,11,discrediting,disliked,3,3
202,12,discrediting,disliked,5,4
203,1,creditable,favoured,2,1
203,2,creditable,disliked,4,3
203,3,creditable,disliked,4,2
203,4,creditable,disliked,3,3
203,5,creditable,favoured,2,4
203,6,creditable,favoured,3,3
203,7,discrediting,favoured,3,4
203,8,discrediting,favoured,4,2
203,9,discrediting,disliked,4,3
203,10,discrediting,favoured,2,3
203,11,discrediting,disliked,3,2
203,12,discrediting,disliked,3,3
204,1,creditable,disliked,2,3
204,2,creditable,disliked,1,4
204,3,creditable,favoured,3,4
204,4,creditable,favoured,4,3
204,5,creditable,favoured,2,3
204,6,creditable,disliked,1,5
204,7,discrediting,disliked,3,4
204,8,discrediting,disliked,3,3
204,9,discrediting,favoured,2,3
204,10,discrediting,favoured,2,5
204,11,discrediting,favoured,2,4
204,12,discrediting,disliked,4,2
205,1,creditable,disliked,3,3
205,2,creditable,favoured,4,4
205,3,creditable,disliked,3,4
205,4,creditable,disliked,4,3
205,5,creditable,favoured,5,3
205,6,creditable,favoured,3,3
205,7,discrediting,favoured,3,2
205,8,discrediting,disliked,5,4
205,9,discrediting,disliked,3,2
205,10,discrediting,favoured,3,3
205,11,discrediting,favoured,3,2
205,12,discrediting,disliked,4,3
206,1,creditable,disliked,2,4
206,2,creditable,disliked,3,4
206,3,creditable,favoured,4,3
206,4,creditable,favoured,4,4
206,5,creditable,favoured,4,2
206,6,creditable,disliked,2,3
206,7,discrediting,disliked,3,3
206,8,discrediting,disliked,5,3
206,9,discrediting,disliked,3,2
206,10,discrediting,favoured,1,3
206,11,discrediting,favoured,1,5
206,12,discrediting,favoured,2,3
207,1,creditable,favoured,5,4
207,2,creditable,favoured,5,5
207,3,creditable,favoured,4,4
207,4,creditable,disliked,3,4
207,5,creditable,disliked,2,5
207,6,creditable,disliked,2,4
207,7,discrediting,disliked,4,4
207,8,discrediting,disliked,2,3
207,9,discrediting,disliked,3,5
207,10,discrediting,favoured,1,4
207,11,discrediting,favoured,2,4
207,12,discrediting,favoured,2,4
208,1,creditable,favoured,2,4
208,2,creditable,disliked,2,3
208,3,creditable,disliked,3,4
208,4,creditable,favoured,5,4
208,5,creditable,disliked,2,4
208,6,creditable,favoured,3,4
208,7,discrediting,favoured,2,3
208,8,discrediting,favoured,2,3
208,9,discrediting,disliked,4,3
208,10,discrediting,favoured,1,3
208,11,discrediting,disliked,5,4
208,12,discrediting,disliked,4,4
209,1,creditable,disliked,1,5
209,2,creditable,favoured,3,3
209,3,creditable,favoured,3,3
209,4,creditable,favoured,2,3
209,5,creditable,disliked,2,2
209,6,creditable,disliked,1,3
209,7,discrediting,disliked,1,2
209,8,discrediting,favoured,3,2
209,9,discrediting,favoured,2,4
209,10,discrediting,disliked,3,3
209,11,discrediting,favoured,1,3
209,12,discrediting,disliked,3,2
210,1,creditable,disliked,2,3
210,2,creditable,disliked,1,4
210,3,creditable,favoured,3,3
210,4,creditable,favoured,4,5
210,5,creditable,disliked,1,5
210,6,creditable,favoured,4,4
210,7,discrediting,disliked,5,4
210,8,discrediting,disliked,5,4
210,9,discrediting,favoured,1,4
210,10,discrediting,disliked,5,4
210,11,discrediting,favoured,1,4
210,12,discrediting,favoured,1,4
211,1,creditable,favoured,5,5
211,2,creditable,favoured,4,2
211,3,creditable,disliked,2,2
211,4,creditable,favoured,4,3
211,5,creditable,disliked,2,3
211,6,creditable,disliked,2,3
211,7,discrediting,favoured,2,2
211,8,discrediting,favoured,4,4
211,9,discrediting,disliked,4,3
211,10,discrediting,disliked,4,3
211,11,discrediting,favoured,2,5
211,12,discrediting,disliked,5,4
212,1,creditable,favoured,2,3
212,2,creditable,favoured,3,3
212,3,creditable,disliked,1,3
212,4,creditable,disliked,1,3
212,5,creditable,favoured,3,4
212,6,creditable,disliked,3,2
212,7,discrediting,disliked,4,3
212,8,discrediting,disliked,5,3
212,9,discrediting,favoured,2,2
212,10,discrediting,favoured,1,4
212,11,discrediting,favoured,2,3
212,12,discrediting,disliked,4,3
213,1,creditable,favoured,3,4
213,2,creditable,disliked,1,4
213,3,creditable,disliked,1,4
213,4,creditable,favoured,5,4
213,5,creditable,disliked,1,3
213,6,creditable,favoured,4,3
213,7,discrediting,favoured,1,2
213,8,discrediting,disliked,4,4
213,9,discrediting,favoured,1,3
213,10,discrediting,disliked,4,4
213,11,discrediting,disliked,3,4
213,12,discrediting,favoured,3,4
214,1,creditable,favoured,4,3
214,2,creditable,favoured,4,3
214,3,creditable,favoured,4,4
214,4,creditable,disliked,3,3
214,5,creditable,disliked,3,3
214,6,creditable,disliked,3,3
214,7,discrediting,favoured,5,3
214,8,discrediting,favoured,3,3
214,9,discrediting,favoured,3,3
214,10,discrediting,disliked,2,3
214,11,discrediting,disliked,3,4
214,12,discrediting,disliked,4,4
215,1,creditable,favoured,3,4
215,2,creditable,disliked,2,2
215,3,creditable,disliked,3,4
215,4,creditable,favoured,4,3
215,5,creditable,favoured,3,5
215,6,creditable,disliked,2,4
215,7,discrediting,disliked,3,4
215,8,discrediting,disliked,4,4
215,9,discrediting,favoured,3,4
215,10,discrediting,favoured,2,4
215,11,discrediting,favoured,3,2
215,12,discrediting,disliked,3,4
216,1,creditable,favoured,5,4
216,2,creditable,favoured,3,3
216,3,creditable,favoured,3,4
216,4,creditable,disliked,2,4
216,5,creditable,disliked,2,3
216,6,creditable,disliked,2,4
216,7,discrediting,disliked,4,4
216,8,discrediting,favoured,3,3
216,9,discrediting,favoured,1,5
216,10,discrediting,favoured,2,4
216,11,discrediting,disliked,4,5
216,12,discrediting,disliked,3,5
217,1,creditable,favoured,4,4
217,2,creditable,disliked,1,5
217,3,creditable,disliked,2,4
217,4,creditable,favoured,3,4
217,5,creditable,favoured,5,5
217,6,creditable,disliked,1,4
217,7,discrediting,disliked,4,5
217,8,discrediting,favoured,1,5
217,9,discrediting,disliked,5,5
217,10,discrediting,favoured,2,4
217,11,discrediting,disliked,4,3
217,12,discrediting,favoured,3,3
218,1,creditable,favoured,4,4
218,2,creditable,favoured,4,4
218,3,creditable,disliked,2,4
218,4,creditable,favoured,5,2
218,5,creditable,disliked,3,4
218,6,creditable,disliked,1,4
218,7,discrediting,favoured,2,4
218,8,discrediting,favoured,1,4
218,9,discrediting,disliked,5,4
218,10,discrediting,disliked,4,3
218,11,discrediting,favoured,1,4
218,12,discrediting,disliked,3,2
219,1,creditable,favoured,5,4
219,2,creditable,favoured,4,3
219,3,creditable,favoured,2,3
219,4,creditable,disliked,3,3
219,5,creditable,disliked,3,3
219,6,creditable,disliked,3,4
219,7,discrediting,disliked,5,4
219,8,discrediting,disliked,4,2
219,9,discrediting,favoured,3,3
219,10,discrediting,favoured,3,2
219,11,discrediting,favoured,3,3
219,12,discrediting,disliked,3,4
220,1,creditable,favoured,4,3
220,2,creditable,disliked,3,1
220,3,creditable,favoured,4,2
220,4,creditable,disliked,3,2
220,5,creditable,favoured,4,3
220,6,creditable,disliked,3,2
220,7,discrediting,disliked,4,2
220,8,discrediting,disliked,4,3
220,9,discrediting,favoured,5,4
220,10,discrediting,favoured,3,3
220,11,discrediting,favoured,2,2
220,12,discrediting,disliked,5,4
221,1,creditable,favoured,3,1
221,2,creditable,favoured,4,4
221,3,creditable,disliked,2,3
221,4,creditable,disliked,2,3
221,5,creditable,disliked,2,4
221,6,creditable,favoured,4,3
221,7,discrediting,favoured,4,2
221,8,discrediting,disliked,4,4
221,9,discrediting,favoured,4,3
221,10,discrediting,disliked,3,3
221,11,discrediting,disliked,4,4
221,12,discrediting,favoured,2,3
222,1,creditable,disliked,2,3
222,2,creditable,favoured,4,3
222,3,creditable,favoured,4,4
222,4,creditable,disliked,4,3
222,5,creditable,disliked,3,3
222,6,creditable,favoured,5,3
222,7,discrediting,disliked,4,4
222,8,discrediting,favoured,2,3
222,9,discrediting,favoured,4,3
222,10,discrediting,disliked,3,3
222,11,discrediting,disliked,4,4
222,12,discrediting,favoured,2,4
223,1,creditable,disliked,1,5
223,2,creditable,disliked,1,4
223,3,creditable,favoured,3,5
223,4,creditable,favoured,4,4
223,5,creditable,favoured,4,4
223,6,creditable,disliked,3,4
223,7,discrediting,favoured,2,4
223,8,discrediting,favoured,3,3
223,9,discrediting,disliked,2,3
223,10,discrediting,disliked,5,4
223,11,discrediting,favoured,2,4
223,12,discrediting,disliked,5,3
224,1,creditable,favoured,3,3
224,2,creditable,disliked,3,3
224,3,creditable,disliked,3,3
224,4,creditable,favoured,5,2
224,5,creditable,disliked,4,2
224,6,creditable,favoured,4,4
224,7,discrediting,favoured,4,4
224,8,discrediting,disliked,4,3
224,9,discrediting,disliked,3,3
224,10,discrediting,favoured,2,4
224,11,discrediting,favoured,3,4
224,12,discrediting,disliked,3,2
225,1,creditable,favoured,2,3
225,2,creditable,disliked,3,4
225,3,creditable,disliked,3,4
225,4,creditable,favoured,4,5
225,5,creditable,disliked,4,2
225,6,creditable,favoured,4,4
225,7,discrediting,disliked,3,3
225,8,discrediting,favoured,5,3
225,9,discrediting,disliked,4,3
225,10,discrediting,favoured,3,4
225,11,discrediting,disliked,3,3
225,12,discrediting,favoured,3,3
226,1,creditable,disliked,1,5
226,2,creditable,favoured,5,4
226,3,creditable,disliked,1,5
226,4,creditable,favoured,5,3
226,5,creditable,favoured,3,4
226,6,creditable,disliked,1,4
226,7,discrediting,disliked,4,3
226,8,discrediting,favoured,1,5
226,9,discrediting,disliked,2,3
226,10,discrediting,favoured,2,5
226,11,discrediting,favoured,1,5
226,12,discrediting,disliked,5,4
227,1,creditable,disliked,2,4
227,2,creditable,disliked,1,4
227,3,creditable,disliked,3,4
227,4,creditable,favoured,2,3
227,5,creditable,favoured,3,3
227,6,creditable,favoured,3,4
227,7,discrediting,favoured,1,3
227,8,discrediting,favoured,3,4
227,9,discrediting,favoured,2,4
227,10,discrediting,disliked,3,3
227,11,discrediting,disliked,3,3
227,12,discrediting,disliked,3,3
228,1,creditable,favoured,2,3
228,2,creditable,favoured,5,5
228,3,creditable,favoured,4,2
228,4,creditable,disliked,2,4
228,5,creditable,disliked,1,3
228,6,creditable,disliked,1,4
228,7,discrediting,disliked,4,3
228,8,discrediting,disliked,5,3
228,9,discrediting,favoured,1,3
228,10,discrediting,favoured,1,4
228,11,discrediting,disliked,3,2
228,12,discrediting,favoured,2,4
229,1,creditable,favoured,3,4
229,2,creditable,disliked,2,4
229,3,creditable,disliked,2,3
229,4,creditable,disliked,4,2
229,5,creditable,favoured,5,4
229,6,creditable,favoured,4,3
229,7,discrediting,disliked,3,3
229,8,discrediting,favoured,2,3
229,9,discrediting,disliked,3,3
229,10,discrediting,favoured,1,4
229,11,discrediting,favoured,3,3
229,12,discrediting,disliked,4,5
230,1,creditable,disliked,1,2
230,2,creditable,favoured,4,3
230,3,creditable,disliked,2,3
230,4,creditable,disliked,4,4
230,5,creditable,favoured,3,4
230,6,creditable,favoured,3,3
230,7,discrediting,disliked,3,3
230,8,discrediting,favoured,3,2
230,9,discrediting,disliked,3,3
230,10,discrediting,disliked,3,4
230,11,discrediting,favoured,2,3
230,12,discrediting,favoured,2,3
231,1,creditable,disliked,3,3
231,2,creditable,disliked,3,5
231,3,creditable,favoured,3,4
231,4,creditable,favoured,5,4
231,5,creditable,favoured,3,3
231,6,creditable,disliked,3,3
231,7,discrediting,disliked,4,4
231,8,discrediting,disliked,4,2
231,9,discrediting,favoured,4,3
231,10,discrediting,favoured,2,4
231,11,discrediting,disliked,4,4
231,12,discrediting,favoured,4,4
232,1,creditable,favoured,4,4
232,2,creditable,disliked,2,4
232,3,creditable,disliked,4,4
232,4,creditable,favoured,4,5
232,5,creditable,disliked,2,4
232,6,creditable,favoured,4,4
232,7,discrediting,favoured,5,4
232,8,discrediting,disliked,4,4
232,9,discrediting,disliked,5,4
232,10,discrediting,favoured,3,4
232,11,discrediting,disliked,3,4
232,12,discrediting,favoured,3,4
233,1,creditable,favoured,3,3
233,2,creditable,disliked,1,4
233,3,creditable,disliked,3,4
233,4,creditable,favoured,5,3
233,5,creditable,favoured,3,2
233,6,creditable,disliked,1,3
233,7,discrediting,favoured,2,3
233,8,discrediting,disliked,4,3
233,9,discrediting,disliked,2,2
233,10,discrediting,disliked,2,2
233,11,discrediting,favoured,2,4
233,12,discrediting,favoured,3,3
234,1,creditable,favoured,3,4
234,2,creditable,favoured,3,4
234,3,creditable,disliked,1,5
234,4,creditable,disliked,2,4
234,5,creditable,favoured,3,3
234,6,creditable,disliked,2,4
234,7,discrediting,disliked,3,3
234,8,discrediting,disliked,1,3
234,9,discrediting,favoured,1,3
234,10,discrediting,favoured,2,5
234,11,discrediting,favoured,2,4
234,12,discrediting,disliked,2,3
235,1,creditable,disliked,4,4
235,2,creditable,disliked,4,4
235,3,creditable,favoured,3,4
235,4,creditable,favoured,3,4
235,5,creditable,disliked,2,4
235,6,creditable,favoured,4,5
235,7,discrediting,disliked,2,5
235,8,discrediting,disliked,3,5
235,9,discrediting,favoured,2,5
235,10,discrediting,favoured,2,4
235,11,discrediting,disliked,2,3
235,12,discrediting,favoured,3,5
236,1,creditable,favoured,5,3
236,2,creditable,disliked,4,4
236,3,creditable,favoured,3,2
236,4,creditable,disliked,4,2
236,5,creditable,disliked,3,2
236,6,creditable,favoured,5,4
236,7,discrediting,disliked,5,4
236,8,discrediting,disliked,4,4
236,9,discrediting,favoured,4,5
236,10,discrediting,disliked,3,3
236,11,discrediting,favoured,2,4
236,12,discrediting,favoured,4,3
237,1,creditable,favoured,2,2
237,2,creditable,favoured,3,4
237,3,creditable,disliked,2,3
237,4,creditable,disliked,3,3
237,5,creditable,favoured,3,2
237,6,creditable,disliked,2,3
237,7,discrediting,favoured,2,3
237,8,discrediting,favoured,3,3
237,9,discrediting,disliked,3,4
237,10,discrediting,disliked,3,3
237,11,discrediting,disliked,3,3
237,12,discrediting,favoured,3,4
238,1,creditable,disliked,3,3
238,2,creditable,favoured,4,4
238,3,creditable,favoured,4,4
238,4,creditable,favoured,4,5
238,5,creditable,disliked,2,5
238,6,creditable,disliked,1,5
238,7,discrediting,favoured,1,3
238,8,discrediting,favoured,2,2
238,9,discrediting,disliked,3,4
238,10,discrediting,disliked,4,5
238,11,discrediting,disliked,3,4
238,12,discrediting,favoured,3,4
239,1,creditable,disliked,3,5
239,2,creditable,favoured,3,3
239,3,creditable,favoured,3,4
239,4,creditable,favoured,3,4
239,5,creditable,disliked,3,3
239,6,creditable,disliked,3,2
239,7,discrediting,favoured,3,1
239,8,discrediting,disliked,4,4
239,9,discrediting,favoured,3,4
239,10,discrediting,disliked,2,3
239,11,discrediting,favoured,3,4
239,12,discrediting,disliked,3,3
240,1,creditable,favoured,2,3
240,2,creditable,favoured,1,3
240,3,creditable,disliked,2,5
240,4,creditable,favoured,3,3
240,5,creditable,disliked,4,5
240,6,creditable,disliked,4,4
240,7,discrediting,disliked,3,2
240,8,discrediting,disliked,4,4
240,9,discrediting,favoured,3,3
240,10,discrediting,favoured,1,5
240,11,discrediting,favoured,3,3
240,12,discrediting,disliked,3,3
241,1,creditable,favoured,5,4
241,2,creditable,disliked,2,3
241,3,creditable,disliked,3,4
241,4,creditable,favoured,5,4
241,5,creditable,favoured,4,4
241,6,creditable,disliked,1,3
241,7,discrediting,favoured,3,3
241,8,discrediting,disliked,4,3
241,9,discrediting,disliked,3,3
241,10,discrediting,disliked,4,3
241,11,discrediting,favoured,2,3
241,12,discrediting,favoured,4,4
242,1,creditable,disliked,1,5
242,2,creditable,disliked,1,5
242,3,creditable,favoured,5,5
242,4,creditable,favoured,4,5
242,5,creditable,disliked,1,5
242,6,creditable,favoured,5,5
242,7,discrediting,favoured,1,5
242,8,discrediting,favoured,1,5
242,9,discrediting,disliked,4,4
242,10,discrediting,disliked,4,5
242,11,discrediting,favoured,1,5
242,12,discrediting,disliked,3,4
243,1,creditable,favoured,3,3
243,2,creditable,disliked,2,3
243,3,creditable,favoured,4,3
243,4,creditable,favoured,4,3
243,5,creditable,disliked,2,2
243,6,creditable,disliked,3,4
243,7,discrediting,disliked,5,5
243,8,discrediting,favoured,3,3
243,9,discrediting,favoured,3,2
243,10,discrediting,disliked,3,2
243,11,discrediting,disliked,4,4
243,12,discrediting,favoured,2,3
244,1,creditable,disliked,3,4
244,2,creditable,disliked,2,3
244,3,creditable,favoured,3,4
244,4,creditable,favoured,5,4
244,5,creditable,favoured,4,4
244,6,creditable,disliked,2,4
244,7,discrediting,disliked,4,3
244,8,discrediting,favoured,1,5
244,9,discrediting,favoured,2,2
244,10,discrediting,favoured,1,4
244,11,discrediting,disliked,3,3
244,12,discrediting,disliked,3,5
245,1,creditable,disliked,3,3
245,2,creditable,favoured,3,3
245,3,creditable,disliked,2,5
245,4,creditable,favoured,5,4
245,5,creditable,favoured,2,4
245,6,creditable,disliked,3,5
245,7,discrediting,disliked,4,3
245,8,discrediting,favoured,2,4
245,9,discrediting,favoured,2,4
245,10,discrediting,disliked,4,4
245,11,discrediting,favoured,2,4
245,12,discrediting,disliked,4,4
246,1,creditable,disliked,1,4
246,2,creditable,favoured,3,3
246,3,creditable,favoured,2,2
246,4,creditable,disliked,2,3
246,5,creditable,disliked,2,2
246,6,creditable,favoured,2,3
246,7,discrediting,favoured,4,3
246,8,discrediting,disliked,3,4
246,9,discrediting,favoured,2,3
246,10,discrediting,favoured,3,3
246,11,discrediting,disliked,3,3
246,12,discrediting,disliked,3,4
247,1,creditable,disliked,3,4
247,2,creditable,disliked,2,4
247,3,creditable,favoured,2,2
247,4,creditable,favoured,4,3
247,5,creditable,disliked,2,3
247,6,creditable,favoured,2,4
247,7,discrediting,disliked,3,3
247,8,discrediting,favoured,3,4
247,9,discrediting,favoured,1,5
247,10,discrediting,favoured,1,5
247,11,discrediting,disliked,1,2
247,12,discrediting,disliked,1,4
248,1,creditable,favoured,4,2
248,2,creditable,disliked,2,3
248,3,creditable,disliked,3,3
248,4,creditable,disliked,4,3
248,5,creditable,favoured,3,2
248,6,creditable,favoured,4,4
248,7,discrediting,disliked,3,5
248,8,discrediting,favoured,4,3
248,9,discrediting,favoured,3,3
248,10,discrediting,favoured,2,2
248,11,discrediting,disliked,5,4
248,12,discrediting,disliked,5,4
249,1,creditable,disliked,5,2
249,2,creditable,disliked,3,3
249,3,creditable,favoured,3,3
249,4,creditable,favoured,5,3
249,5,creditable,favoured,4,4
249,6,creditable,disliked,3,4
249,7,discrediting,favoured,4,3
249,8,discrediting,favoured,4,3
249,9,discrediting,favoured,3,3
249,10,discrediting,disliked,3,3
249,11,discrediting,disliked,3,3
249,12,discrediting,disliked,4,4
250,1,creditable,disliked,3,4
250,2,creditable,favoured,2,4
250,3,creditable,disliked,2,4
250,4,creditable,favoured,3,5
250,5,creditable,favoured,4,3
250,6,creditable,disliked,2,4
250,7,discrediting,disliked,2,3
250,8,discrediting,favoured,2,3
250,9,discrediting,disliked,3,4
250,10,discrediting,disliked,3,3
250,11,discrediting,favoured,1,4
250,12,discrediting,favoured,3,3
251,1,creditable,disliked,3,3
251,2,creditable,disliked,2,3
251,3,creditable,disliked,4,3
251,4,creditable,favoured,3,2
251,5,creditable,favoured,2,3
251,6,creditable,favoured,2,3
251,7,discrediting,disliked,3,3
251,8,discrediting,favoured,3,3
251,9,discrediting,disliked,2,3
251,10,discrediting,favoured,1,3
251,11,discrediting,favoured,1,4
251,12,discrediting,disliked,2,3
252,1,creditable,disliked,2,3
252,2,creditable,disliked,4,3
252,3,creditable,favoured,4,4
252,4,creditable,favoured,4,4
252,5,creditable,disliked,2,4
252,6,creditable,favoured,3,4
252,7,discrediting,disliked,4,4
252,8,discrediting,favoured,2,3
252,9,discrediting,disliked,4,3
252,10,discrediting,favoured,1,5
252,11,discrediting,disliked,3,3
252,12,discrediting,favoured,2,4
253,1,creditable,favoured,3,2
253,2,creditable,favoured,3,2
253,3,creditable,favoured,4,3
253,4,creditable,disliked,5,3
253,5,creditable,disliked,2,3
253,6,creditable,disliked,3,3
253,7,discrediting,disliked,4,2
253,8,discrediting,disliked,4,3
253,9,discrediting,disliked,4,3
253,10,discrediting,favoured,2,2
253,11,discrediting,favoured,3,4
253,12,discrediting,favoured,1,3
254,1,creditable,favoured,2,2
254,2,creditable,disliked,2,4
254,3,creditable,favoured,2,2
254,4,creditable,favoured,3,4
254,5,creditable,disliked,3,3
254,6,creditable,disliked,2,4
254,7,discrediting,disliked,3,2
254,8,discrediting,favoured,4,3
254,9,discrediting,favoured,2,4
254,10,discrediting,favoured,2,3
254,11,discrediting,disliked,2,3
254,12,discrediting,disliked,3,5
255,1,creditable,disliked,2,4
255,2,creditable,favoured,2,4
255,3,creditable,favoured,2,3
255,4,creditable,disliked,2,3
255,5,creditable,disliked,1,5
255,6,creditable,favoured,3,3
255,7,discrediting,disliked,2,4
255,8,discrediting,favoured,4,3
255,9,discrediting,favoured,3,1
255,10,discrediting,disliked,1,3
255,11,discrediting,disliked,1,2
255,12,discrediting,favoured,3,4
256,1,creditable,favoured,3,2
256,2,creditable,disliked,1,4
256,3,creditable,disliked,3,2
256,4,creditable,favoured,5,3
256,5,creditable,disliked,2,4
256,6,creditable,favoured,3,2
256,7,discrediting,favoured,2,4
256,8,discrediting,disliked,5,3
256,9,discrediting,favoured,3,2
256,10,discrediting,disliked,4,4
256,11,discrediting,disliked,3,2
256,12,discrediting,favoured,2,3
257,1,creditable,favoured,2,2
257,2,creditable,disliked,2,5
257,3,creditable,favoured,2,4
257,4,creditable,disliked,1,4
257,5,creditable,disliked,2,5
257,6,creditable,favoured,4,4
257,7,discrediting,disliked,4,4
257,8,discrediting,favoured,2,4
257,9,discrediting,disliked,2,3
257,10,discrediting,favoured,1,4
257,11,discrediting,favoured,1,4
257,12,discrediting,disliked,4,5
258,1,creditable,disliked,1,4
258,2,creditable,favoured,4,4
258,3,creditable,disliked,2,2
258,4,creditable,favoured,4,4
258,5,creditable,favoured,3,4
258,6,creditable,disliked,2,4
258,7,discrediting,favoured,4,3
258,8,discrediting,disliked,3,3
258,9,discrediting,disliked,2,3
258,10,discrediting,disliked,4,4
258,11,discrediting,favoured,3,3
258,12,discrediting,favoured,2,4
259,1,creditable,favoured,3,5
259,2,creditable,disliked,1,4
259,3,creditable,disliked,2,5
259,4,creditable,disliked,2,4
259,5,creditable,favoured,2,4
259,6,creditable,favoured,2,4
259,7,discrediting,favoured,2,4
259,8,discrediting,disliked,5,4
259,9,discrediting,disliked,5,4
259,10,discrediting,favoured,1,5
259,11,discrediting,favoured,2,4
259,12,discrediting,disliked,4,5
260,1,creditable,disliked,2,2
260,2,creditable,favoured,5,3
260,3,creditable,disliked,2,4
260,4,creditable,favoured,5,3
260,5,creditable,disliked,1,3
260,6,creditable,favoured,4,3
260,7,discrediting,disliked,4,3
260,8,discrediting,favoured,4,2
260,9,discrediting,favoured,5,3
260,10,discrediting,disliked,4,3
260,11,discrediting,disliked,4,3
260,12,discrediting,favoured,3,4
261,1,creditable,favoured,4,3
261,2,creditable,disliked,2,4
261,3,creditable,disliked,2,4
261,4,creditable,disliked,3,4
261,5,creditable,favoured,4,3
261,6,creditable,favoured,3,3
261,7,discrediting,favoured,2,4
261,8,discrediting,disliked,4,4
261,9,discrediting,favoured,2,3
261,10,discrediting,favoured,2,4
261,11,discrediting,disliked,3,3
261,12,discrediting,disliked,4,3
262,1,creditable,disliked,2,3
262,2,creditable,favoured,3,3
262,3,creditable,disliked,3,3
262,4,creditable,favoured,5,3
262,5,creditable,disliked,4,2
262,6,creditable,favoured,3,3
262,7,discrediting,disliked,4,4
262,8,discrediting,favoured,5,3
262,9,discrediting,disliked,3,4
262,10,discrediting,disliked,3,4
262,11,discrediting,favoured,3,3
262,12,discrediting,favoured,3,3
263,1,creditable,favoured,2,3
263,2,creditable,disliked,3,4
263,3,creditable,favoured,4,5
263,4,creditable,disliked,1,5
263,5,creditable,disliked,3,4
263,6,creditable,favoured,3,2
263,7,discrediting,disliked,2,4
263,8,discrediting,favoured,4,3
263,9,discrediting,disliked,3,3
263,10,discrediting,disliked,3,3
263,11,discrediting,favoured,3,4
263,12,discrediting,favoured,3,3
264,1,creditable,disliked,1,3
264,2,creditable,favoured,2,3
264,3,creditable,disliked,3,3
264,4,creditable,favoured,5,2
264,5,creditable,favoured,3,3
264,6,creditable,disliked,2,4
264,7,discrediting,disliked,4,4
264,8,discrediting,favoured,1,3
264,9,discrediting,disliked,4,4
264,10,discrediting,favoured,3,2
264,11,discrediting,favoured,2,3
264,12,discrediting,disliked,5,4
265,1,creditable,disliked,2,3
265,2,creditable,disliked,3,3
265,3,creditable,favoured,1,1
265,4,creditable,disliked,3,3
265,5,creditable,favoured,2,3
265,6,creditable,favoured,2,2
265,7,discrediting,disliked,3,3
265,8,discrediting,disliked,3,2
265,9,discrediting,favoured,3,3
265,10,discrediting,disliked,2,3
265,11,discrediting,favoured,2,4
265,12,discrediting,favoured,3,3
266,1,creditable,favoured,1,3
266,2,creditable,disliked,2,5
266,3,creditable,disliked,4,4
266,4,creditable,favoured,4,4
266,5,creditable,disliked,2,4
266,6,creditable,favoured,4,3
266,7,discrediting,disliked,3,4
266,8,discrediting,favoured,3,3
266,9,discrediting,favoured,3,5
266,10,discrediting,disliked,3,4
266,11,discrediting,disliked,4,5
266,12,discrediting,favoured,4,4
267,1,creditable,disliked,2,4
267,2,creditable,favoured,3,3
267,3,creditable,disliked,3,4
267,4,creditable,favoured,3,3
267,5,creditable,disliked,2,5
267,6,creditable,favoured,3,3
267,7,discrediting,favoured,1,3
267,8,discrediting,disliked,3,3
267,9,discrediting,disliked,3,4
267,10,discrediting,disliked,3,3
267,11,discrediting,favoured,1,3
267,12,discrediting,favoured,4,3
268,1,creditable,favoured,5,4
268,2,creditable,favoured,3,4
268,3,creditable,favoured,4,3
268,4,creditable,disliked,3,4
268,5,creditable,disliked,3,4
268,6,creditable,disliked,3,4
268,7,discrediting,disliked,4,5
268,8,discrediting,favoured,5,3
268,9,discrediting,disliked,2,3
268,10,discrediting,favoured,2,3
268,11,discrediting,disliked,5,2
268,12,discrediting,favoured,3,3
269,1,creditable,disliked,2,3
269,2,creditable,favoured,4,4
269,3,creditable,favoured,4,3
269,4,creditable,favoured,5,4
269,5,creditable,disliked,4,3
269,6,creditable,disliked,1,3
269,7,discrediting,disliked,5,4
269,8,discrediting,favoured,3,3
269,9,discrediting,disliked,5,4
269,10,discrediting,disliked,4,4
269,11,discrediting,favoured,1,4
269,12,discrediting,favoured,3,4
270,1,creditable,disliked,2,2
270,2,creditable,disliked,2,4
270,3,creditable,disliked,3,3
270,4,creditable,favoured,5,2
270,5,creditable,favoured,5,4
270,6,creditable,favoured,4,4
270,7,discrediting,favoured,2,4
270,8,discrediting,favoured,4,3
270,9,discrediting,disliked,4,4
270,10,discrediting,disliked,4,3
270,11,discrediting,disliked,4,4
270,12,discrediting,favoured,3,3
271,1,creditable,disliked,3,4
271,2,creditable,favoured,5,4
271,3,creditable,favoured,5,4
271,4,creditable,disliked,4,4
271,5,creditable,disliked,2,3
271,6,creditable,favoured,4,4
271,7,discrediting,favoured,3,3
271,8,discrediting,disliked,5,4
271,9,discrediting,disliked,4,4
271,10,discrediting,disliked,4,2
271,11,discrediting,favoured,3,3
271,12,discrediting,favoured,2,3
272,1,creditable,favoured,5,4
272,2,creditable,disliked,1,4
272,3,creditable,favoured,2,3
272,4,creditable,favoured,3,3
272,5,creditable,disliked,3,3
272,6,creditable,disliked,3,3
272,7,discrediting,favoured,4,4
272,8,discrediting,favoured,2,4
272,9,discrediting,disliked,2,3
272,10,discrediting,favoured,2,3
272,11,discrediting,disliked,1,2
272,12,discrediting,disliked,4,4
273,1,creditable,disliked,1,4
273,2,creditable,disliked,3,2
273,3,creditable,favoured,5,4
273,4,creditable,favoured,5,2
273,5,creditable,disliked,2,5
273,6,creditable,favoured,3,4
273,7,discrediting,favoured,2,3
273,8,discrediting,favoured,1,5
273,9,discrediting,disliked,3,3
273,10,discrediting,favoured,2,3
273,11,discrediting,disliked,4,3
273,12,discrediting,disliked,3,3
274,1,creditable,disliked,2,4
274,2,creditable,disliked,3,5
274,3,creditable,favoured,2,3
274,4,creditable,favoured,3,2
274,5,creditable,disliked,1,3
274,6,creditable,favoured,5,4
274,7,discrediting,disliked,3,2
274,8,discrediting,favoured,2,3
274,9,discrediting,disliked,4,3
274,10,discrediting,disliked,4,4
274,11,discrediting,favoured,4,3
274,12,discrediting,favoured,2,4
275,1,creditable,disliked,2,3
275,2,creditable,favoured,2,3
275,3,creditable,favoured,3,4
275,4,creditable,disliked,3,4
275,5,creditable,disliked,2,4
275,6,creditable,favoured,3,3
275,7,discrediting,favoured,2,3
275,8,discrediting,disliked,4,3
275,9,discrediting,disliked,3,3
275,10,discrediting,favoured,2,4
275,11,discrediting,disliked,3,3
275,12,discrediting,favoured,2,4
276,1,creditable,disliked,2,4
276,2,creditable,favoured,1,2
276,3,creditable,favoured,3,5
276,4,creditable,favoured,4,4
276,5,creditable,disliked,2,4
276,6,creditable,disliked,2,4
276,7,discrediting,favoured,3,4
276,8,discrediting,disliked,3,4
276,9,discrediting,favoured,3,3
276,10,discrediting,disliked,2,3
276,11,discrediting,favoured,1,4
276,12,discrediting,disliked,4,4
277,1,creditable,disliked,4,3
277,2,creditable,favoured,3,3
277,3,creditable,favoured,2,3
277,4,creditable,favoured,4,4
277,5,creditable,disliked,3,2
277,6,creditable,disliked,2,4
277,7,discrediting,disliked,4,3
277,8,discrediting,disliked,3,3
277,9,discrediting,favoured,2,4
277,10,discrediting,disliked,3,4
277,11,discrediting,favoured,3,3
277,12,discrediting,favoured,3,4
278,1,creditable,disliked,3,3
278,2,creditable,favoured,1,3
278,3,creditable,disliked,3,3
278,4,creditable,disliked,3,4
278,5,creditable,favoured,3,3
278,6,creditable,favoured,1,2
278,7,discrediting,disliked,3,3
278,8,discrediting,disliked,2,3
278,9,discrediting,favoured,2,5
278,10,discrediting,favoured,2,4
278,11,discrediting,disliked,1,3
278,12,discrediting,favoured,3,3
279,1,creditable,disliked,1,5
279,2,creditable,favoured,4,4
279,3,creditable,disliked,2,5
279,4,creditable,disliked,3,3
279,5,creditable,favoured,5,3
279,6,creditable,favoured,4,4
279,7,discrediting,disliked,4,3
279,8,discrediting,favoured,2,5
279,9,discrediting,disliked,4,4
279,10,discrediting,disliked,4,5
279,11,discrediting,favoured,2,3
279,12,discrediting,favoured,2,4
280,1,creditable,disliked,2,4
280,2,creditable,disliked,1,3
280,3,creditable,disliked,2,3
280,4,creditable,favoured,1,4
280,5,creditable,favoured,2,3
280,6,creditable,favoured,2,5
280,7,discrediting,disliked,3,3
280,8,discrediting,favoured,3,3
280,9,discrediting,disliked,1,4
280,10,discrediting,disliked,1,3
280,11,discrediting,favoured,1,3
280,12,discrediting,favoured,2,3
281,1,creditable,disliked,2,1
281,2,creditable,disliked,2,2
281,3,creditable,favoured,3,3
281,4,creditable,disliked,3,3
281,5,creditable,favoured,2,3
281,6,creditable,favoured,3,4
281,7,discrediting,favoured,3,3
281,8,discrediting,favoured,3,4
281,9,discrediting,favoured,3,2
281,10,discrediting,disliked,3,2
281,11,discrediting,disliked,2,3
281,12,discrediting,disliked,3,4
282,1,creditable,favoured,4,4
282,2,creditable,favoured,5,4
282,3,creditable,disliked,1,4
282,4,creditable,favoured,5,3
282,5,creditable,disliked,3,3
282,6,creditable,disliked,2,3
282,7,discrediting,disliked,4,4
282,8,discrediting,disliked,2,2
282,9,discrediting,favoured,3,4
282,10,discrediting,favoured,1,5
282,11,discrediting,disliked,3,4
282,12,discrediting,favoured,3,3
283,1,creditable,disliked,2,3
283,2,creditable,disliked,1,2
283,3,creditable,favoured,3,4
283,4,creditable,favoured,4,3
283,5,creditable,disliked,2,3
283,6,creditable,favoured,4,1
283,7,discrediting,favoured,3,3
283,8,discrediting,disliked,3,4
283,9,discrediting,disliked,3,3
283,10,discrediting,favoured,2,3
283,11,discrediting,favoured,1,3
283,12,discrediting,disliked,4,3
284,1,creditable,favoured,3,5
284,2,creditable,disliked,3,5
284,3,creditable,favoured,3,3
284,4,creditable,disliked,4,4
284,5,creditable,disliked,2,4
284,6,creditable,favoured,3,2
284,7,discrediting,favoured,5,2
284,8,discrediting,favoured,3,3
284,9,discrediting,disliked,3,4
284,10,discrediting,disliked,2,3
284,11,discrediting,favoured,3,1
284,12,discrediting,disliked,3,4
285,1,creditable,favoured,3,3
285,2,creditable,disliked,3,1
285,3,creditable,favoured,4,2
285,4,creditable,favoured,5,3
285,5,creditable,disliked,4,2
285,6,creditable,disliked,3,3
285,7,discrediting,favoured,4,4
285,8,discrediting,disliked,4,2
285,9,discrediting,favoured,3,2
285,10,discrediting,disliked,2,3
285,11,discrediting,favoured,3,2
285,12,discrediting,disliked,3,1
286,1,creditable,favoured,3,3
286,2,creditable,favoured,3,4
286,3,creditable,favoured,2,3
286,4,creditable,disliked,4,4
286,5,creditable,disliked,2,3
286,6,creditable,disliked,1,3
286,7,discrediting,disliked,3,4
286,8,discrediting,favoured,4,4
286,9,discrediting,favoured,2,4
286,10,discrediting,disliked,3,5
286,11,discrediting,disliked,2,4
286,12,discrediting,favoured,3,3
287,1,creditable,disliked,3,5
287,2,creditable,favoured,4,5
287,3,creditable,disliked,2,5
287,4,creditable,favoured,3,5
287,5,creditable,disliked,4,4
287,6,creditable,favoured,4,5
287,7,discrediting,favoured,3,5
287,8,discrediting,disliked,3,5
287,9,discrediting,disliked,4,5
287,10,discrediting,favoured,4,5
287,11,discrediting,favoured,3,5
287,12,discrediting,disliked,4,5
288,1,creditable,disliked,1,4
288,2,creditable,favoured,4,4
288,3,creditable,favoured,4,3
288,4,creditable,disliked,3,4
288,5,creditable,favoured,3,2
288,6,creditable,disliked,2,5
288,7,discrediting,favoured,2,2
288,8,discrediting,disliked,5,2
288,9,discrediting,favoured,1,4
288,10,discrediting,disliked,2,3
288,11,discrediting,favoured,1,3
288,12,discrediting,disliked,4,3
289,1,creditable,favoured,3,3
289,2,creditable,favoured,4,5
289,3,creditable,favoured,5,5
289,4,creditable,disliked,2,5
289,5,creditable,disliked,2,4
289,6,creditable,disliked,3,4
289,7,discrediting,disliked,5,4
289,8,discrediting,favoured,2,4
289,9,discrediting,favoured,2,4
289,10,discrediting,favoured,2,4
289,11,discrediting,disliked,4,3
289,12,discrediting,disliked,3,4
290,1,creditable,disliked,4,3
290,2,creditable,disliked,2,4
290,3,creditable,favoured,3,3
290,4,creditable,favoured,3,3
290,5,creditable,disliked,2,5
290,6,creditable,favoured,5,5
290,7,discrediting,favoured,2,3
290,8,discrediting,favoured,3,4
290,9,discrediting,favoured,2,5
290,10,discrediting,disliked,3,5
290,11,discrediting,disliked,3,3
290,12,discrediting,disliked,4,3
291,1,creditable,favoured,2,4
291,2,creditable,favoured,5,4
291,3,creditable,disliked,2,3
291,4,creditable,disliked,1,3
291,5,creditable,disliked,2,3
291,6,creditable,favoured,2,4
291,7,discrediting,disliked,5,4
291,8,discrediting,disliked,5,2
291,9,discrediting,favoured,2,3
291,10,discrediting,favoured,3,5
291,11,discrediting,disliked,4,2
291,12,discrediting,favoured,4,2
292,1,creditable,favoured,2,2
292,2,creditable,disliked,3,3
292,3,creditable,favoured,2,4
292,4,creditable,disliked,3,3
292,5,creditable,disliked,3,4
292,6,creditable,favoured,2,2
292,7,discrediting,disliked,1,2
292,8,discrediting,favoured,4,3
292,9,discrediting,disliked,3,3
292,10,discrediting,favoured,3,2
292,11,discrediting,favoured,3,2
292,12,discrediting,disliked,1,2
293,1,creditable,favoured,3,4
293,2,creditable,disliked,2,5
293,3,creditable,disliked,3,3
293,4,creditable,favoured,5,4
293,5,creditable,disliked,3,4
293,6,creditable,favoured,3,3
293,7,discrediting,favoured,3,4
293,8,discrediting,favoured,3,4
293,9,discrediting,disliked,4,5
293,10,discrediting,favoured,3,3
293,11,discrediting,disliked,3,3
293,12,discrediting,disliked,4,4
294,1,creditable,favoured,1,2
294,2,creditable,disliked,4,3
294,3,creditable,disliked,5,4
294,4,creditable,favoured,3,4
294,5,creditable,disliked,3,5
294,6,creditable,favoured,1,4
294,7,discrediting,disliked,2,4
294,8,discrediting,favoured,3,4
294,9,discrediting,disliked,1,2
294,10,discrediting,favoured,2,3
294,11,discrediting,disliked,2,3
294,12,discrediting,favoured,5,4
295,1,creditable,disliked,1,3
295,2,creditable,disliked,1,4
295,3,creditable,disliked,2,3
295,4,creditable,favoured,3,5
295,5,creditable,favoured,3,5
295,6,creditable,favoured,4,4
295,7,discrediting,disliked,3,4
295,8,discrediting,favoured,1,4
295,9,discrediting,favoured,2,5
295,10,discrediting,disliked,2,3
295,11,discrediting,disliked,4,5
295,12,discrediting,favoured,2,4
296,1,creditable,favoured,2,2
296,2,creditable,favoured,2,4
296,3,creditable,disliked,3,4
296,4,creditable,disliked,2,4
296,5,creditable,disliked,2,4
296,6,creditable,favoured,3,3
296,7,discrediting,favoured,1,5
296,8,discrediting,disliked,3,3
296,9,discrediting,disliked,2,1
296,10,discrediting,favoured,1,4
296,11,discrediting,favoured,1,4
296,12,discrediting,disliked,2,3
297,1,creditable,disliked,2,4
297,2,creditable,disliked,1,4
297,3,creditable,disliked,3,3
297,4,creditable,favoured,5,3
297,5,creditable,favoured,2,3
297,6,creditable,favoured,2,3
297,7,discrediting,disliked,3,3
297,8,discrediting,favoured,2,4
297,9,discrediting,favoured,1,3
297,10,discrediting,disliked,1,2
297,11,discrediting,disliked,3,4
297,12,discrediting,favoured,2,3
298,1,creditable,favoured,2,4
298,2,creditable,disliked,5,4
298,3,creditable,favoured,3,3
298,4,creditable,disliked,3,3
298,5,creditable,favoured,3,3
298,6,creditable,disliked,3,4
298,7,discrediting,favoured,2,3
298,8,discrediting,disliked,4,3
298,9,discrediting,favoured,3,3
298,10,discrediting,disliked,4,3
298,11,discrediting,favoured,2,3
298,12,discrediting,disliked,4,2
299,1,creditable,favoured,5,5
299,2,creditable,favoured,4,3
299,3,creditable,disliked,3,5
299,4,creditable,favoured,5,4
299,5,creditable,disliked,2,4
299,6,creditable,disliked,3,3
299,7,discrediting,disliked,4,4
299,8,discrediting,disliked,4,3
299,9,discrediting,disliked,5,4
299,10,discrediting,favoured,2,5
299,11,discrediting,favoured,1,4
299,12,discrediting,favoured,3,3
300,1,creditable,favoured,3,4
300,2,creditable,disliked,4,4
300,3,creditable,disliked,3,5
300,4,creditable,favoured,5,4
300,5,creditable,disliked,4,4
300,6,creditable,favoured,5,3
300,7,discrediting,disliked,3,4
300,8,discrediting,disliked,3,4
300,9,discrediting,favoured,3,4
300,10,discrediting,favoured,3,5
300,11,discrediting,disliked,4,3
300,12,discrediting,favoured,4,3
301,1,creditable,favoured,3,5
301,2,creditable,disliked,3,5
301,3,creditable,favoured,2,3
301,4,creditable,disliked,3,5
301,5,creditable,favoured,3,4
301,6,creditable,disliked,3,5
301,7,discrediting,disliked,3,4
301,8,discrediting,favoured,4,5
301,9,discrediting,favoured,4,2
301,10,discrediting,disliked,2,4
301,11,discrediting,favoured,3,4
301,12,discrediting,disliked,3,5
302,1,creditable,disliked,3,3
302,2,creditable,disliked,2,3
302,3,creditable,favoured,5,3
302,4,creditable,favoured,5,3
302,5,creditable,favoured,3,3
302,6,creditable,disliked,1,3
302,7,discrediting,disliked,5,3
302,8,discrediting,disliked,5,3
302,9,discrediting,favoured,2,3
302,10,discrediting,favoured,1,4
302,11,discrediting,favoured,1,4
302,12,discrediting,disliked,3,3
303,1,creditable,disliked,1,4
303,2,creditable,disliked,1,3
303,3,creditable,favoured,3,2
303,4,creditable,favoured,4,4
303,5,creditable,favoured,2,2
303,6,creditable,disliked,1,4
303,7,discrediting,disliked,4,2
303,8,discrediting,disliked,4,2
303,9,discrediting,favoured,1,4
303,10,discrediting,favoured,1,4
303,11,discrediting,disliked,3,3
303,12,discrediting,favoured,2,2
304,1,creditable,disliked,3,4
304,2,creditable,favoured,4,3
304,3,creditable,disliked,2,4
304,4,creditable,disliked,3,4
304,5,creditable,favoured,3,3
304,6,creditable,favoured,5,5
304,7,discrediting,disliked,5,5
304,8,discrediting,favoured,2,4
304,9,discrediting,disliked,4,4
304,10,discrediting,disliked,4,3
304,11,discrediting,favoured,1,5
304,12,discrediting,favoured,3,2
305,1,creditable,disliked,2,4
305,2,creditable,favoured,4,4
305,3,creditable,favoured,4,4
305,4,creditable,disliked,3,5
305,5,creditable,disliked,2,4
305,6,creditable,favoured,5,5
305,7,discrediting,disliked,5,5
305,8,discrediting,disliked,5,5
305,9,discrediting,favoured,2,5
305,10,discrediting,favoured,3,4
305,11,discrediting,favoured,2,5
305,12,discrediting,disliked,5,4
306,1,creditable,disliked,1,3
306,2,creditable,disliked,2,3
306,3,creditable,favoured,3,4
306,4,creditable,favoured,4,4
306,5,creditable,disliked,3,3
306,6,creditable,favoured,5,4
306,7,discrediting,disliked,4,5
306,8,discrediting,disliked,4,5
306,9,discrediting,favoured,3,3
306,10,discrediting,disliked,3,4
306,11,discrediting,favoured,2,4
306,12,discrediting,favoured,2,5
307,1,creditable,disliked,1,3
307,2,creditable,disliked,1,3
307,3,creditable,favoured,4,2
307,4,creditable,disliked,3,4
307,5,creditable,favoured,4,4
307,6,creditable,favoured,4,3
307,7,discrediting,favoured,2,5
307,8,discrediting,disliked,3,3
307,9,discrediting,favoured,2,2
307,10,discrediting,disliked,3,1
307,11,discrediting,disliked,4,3
307,12,discrediting,favoured,3,3
308,1,creditable,favoured,3,5
308,2,creditable,favoured,3,4
308,3,creditable,favoured,2,4
308,4,creditable,disliked,3,3
308,5,creditable,disliked,4,5
308,6,creditable,disliked,3,4
308,7,discrediting,favoured,4,4
308,8,discrediting,favoured,4,3
308,9,discrediting,favoured,4,3
308,10,discrediting,disliked,3,5
308,11,discrediting,disliked,2,3
308,12,discrediting,disliked,5,5
309,1,creditable,disliked,1,4
309,2,creditable,favoured,4,3
309,3,creditable,disliked,3,3
309,4,creditable,favoured,3,4
309,5,creditable,favoured,4,5
309,6,creditable,disliked,1,4
309,7,discrediting,favoured,1,2
309,8,discrediting,disliked,4,3
309,9,discrediting,favoured,2,4
309,10,discrediting,disliked,4,4
309,11,discrediting,disliked,3,2
309,12,discrediting,favoured,1,4
310,1,creditable,disliked,1,3
310,2,creditable,favoured,2,2
310,3,creditable,disliked,3,3
310,4,creditable,favoured,2,4
310,5,creditable,disliked,1,4
310,6,creditable,favoured,2,3
310,7,discrediting,favoured,2,4
310,8,discrediting,disliked,2,3
310,9,discrediting,favoured,3,5
310,10,discrediting,disliked,2,4
310,11,discrediting,favoured,3,4
310,12,discrediting,disliked,3,2
311,1,creditable,disliked,3,3
311,2,creditable,favoured,2,4
311,3,creditable,disliked,1,4
311,4,creditable,favoured,4,4
311,5,creditable,favoured,3,3
311,6,creditable,disliked,2,4
311,7,discrediting,favoured,3,3
311,8,discrediting,favoured,4,3
311,9,discrediting,disliked,3,3
311,10,discrediting,disliked,2,3
311,11,discrediting,disliked,2,3
311,12,discrediting,favoured,4,4
312,1,creditable,favoured,4,4
312,2,creditable,favoured,3,3
312,3,creditable,disliked,3,2
312,4,creditable,disliked,4,3
312,5,creditable,favoured,4,4
312,6,creditable,disliked,1,3
312,7,discrediting,favoured,2,5
312,8,discrediting,disliked,2,3
312,9,discrediting,favoured,3,3
312,10,discrediting,favoured,2,3
312,11,discrediting,disliked,4,3
312,12,discrediting,disliked,4,3
313,1,creditable,favoured,2,3
313,2,creditable,favoured,3,3
313,3,creditable,favoured,5,3
313,4,creditable,disliked,3,4
313,5,creditable,disliked,3,3
313,6,creditable,disliked,3,2
313,7,discrediting,disliked,3,3
313,8,discrediting,favoured,4,2
313,9,discrediting,disliked,5,3
313,10,discrediting,favoured,1,3
313,11,discrediting,disliked,2,3
313,12,discrediting,favoured,3,3
314,1,creditable,disliked,3,4
314,2,creditable,favoured,4,3
314,3,creditable,disliked,1,3
314,4,creditable,favoured,5,4
314,5,creditable,favoured,4,2
314,6,creditable,disliked,2,4
314,7,discrediting,disliked,3,3
314,8,discrediting,disliked,5,3
314,9,discrediting,favoured,1,3
314,10,discrediting,disliked,2,4
314,11,discrediting,favoured,1,3
314,12,discrediting,favoured,3,3
315,1,creditable,disliked,2,4
315,2,creditable,favoured,3,3
315,3,creditable,disliked,2,4
315,4,creditable,favoured,4,5
315,5,creditable,favoured,4,4
315,6,creditable,disliked,1,4
315,7,discrediting,disliked,4,5
315,8,discrediting,favoured,3,3
315,9,discrediting,disliked,3,2
315,10,discrediting,disliked,4,3
315,11,discrediting,favoured,2,4
315,12,discrediting,favoured,2,3
316,1,creditable,disliked,2,3
316,2,creditable,favoured,3,2
316,3,creditable,disliked,3,3
316,4,creditable,disliked,4,3
316,5,creditable,favoured,2,3
316,6,creditable,favoured,3,2
316,7,discrediting,disliked,3,3
316,8,discrediting,favoured,3,4
316,9,discrediting,favoured,3,4
316,10,discrediting,favoured,2,2
316,11,discrediting,disliked,4,3
316,12,discrediting,disliked,3,4
317,1,creditable,disliked,2,3
317,2,creditable,disliked,3,3
317,3,creditable,disliked,1,4
317,4,creditable,favoured,5,3
317,5,creditable,favoured,5,4
317,6,creditable,favoured,4,4
317,7,discrediting,favoured,2,3
317,8,discrediting,disliked,4,4
317,9,discrediting,favoured,2,4
317,10,discrediting,disliked,4,4
317,11,discrediting,favoured,1,4
317,12,discrediting,disliked,5,5
318,1,creditable,favoured,3,4
318,2,creditable,disliked,2,4
318,3,creditable,disliked,3,3
318,4,creditable,favoured,4,3
318,5,creditable,favoured,4,4
318,6,creditable,disliked,2,3
318,7,discrediting,favoured,3,3
318,8,discrediting,disliked,4,4
318,9,discrediting,favoured,2,3
318,10,discrediting,disliked,2,2
318,11,discrediting,disliked,3,4
318,12,discrediting,favoured,2,3
319,1,creditable,disliked,2,3
319,2,creditable,favoured,4,4
319,3,creditable,disliked,2,5
319,4,creditable,disliked,3,4
319,5,creditable,favoured,3,2
319,6,creditable,favoured,2,3
319,7,discrediting,favoured,3,4
319,8,discrediting,disliked,2,4
319,9,discrediting,disliked,4,3
319,10,discrediting,disliked,3,3
319,11,discrediting,favoured,2,4
319,12,discrediting,favoured,2,3
320,1,creditable,disliked,2,4
320,2,creditable,disliked,4,4
320,3,creditable,favoured,4,4
320,4,creditable,favoured,4,4
320,5,creditable,disliked,2,4
320,6,creditable,favoured,3,2
320,7,discrediting,favoured,3,2
320,8,discrediting,disliked,4,4
320,9,discrediting,disliked,5,5
320,10,discrediting,favoured,2,4
320,11,discrediting,disliked,3,3
320,12,discrediting,favoured,4,3
321,1,creditable,disliked,3,3
321,2,creditable,disliked,2,4
321,3,creditable,favoured,3,4
321,4,creditable,favoured,5,5
321,5,creditable,favoured,4,4
321,6,creditable,disliked,2,3
321,7,discrediting,disliked,4,4
321,8,discrediting,favoured,3,4
321,9,discrediting,disliked,4,3
321,10,discrediting,favoured,3,4
321,11,discrediting,disliked,4,3
321,12,discrediting,favoured,2,3
322,1,creditable,disliked,5,1
322,2,creditable,favoured,3,5
322,3,creditable,favoured,3,5
322,4,creditable,disliked,4,3
322,5,creditable,favoured,2,3
322,6,creditable,disliked,2,4
322,7,discrediting,favoured,4,4
322,8,discrediting,favoured,3,4
322,9,discrediting,disliked,2,3
322,10,discrediting,disliked,2,3
322,11,discrediting,favoured,4,3
322,12,discrediting,disliked,2,4
323,1,creditable,disliked,2,2
323,2,creditable,favoured,5,4
323,3,creditable,favoured,3,3
323,4,creditable,favoured,4,4
323,5,creditable,disliked,1,5
323,6,creditable,disliked,2,5
323,7,discrediting,favoured,2,4
323,8,discrediting,disliked,5,5
323,9,discrediting,disliked,5,5
323,10,discrediting,favoured,1,4
323,11,discrediting,disliked,5,5
323,12,discrediting,favoured,2,4
324,1,creditable,disliked,3,4
324,2,creditable,favoured,3,4
324,3,creditable,favoured,2,4
324,4,creditable,disliked,3,2
324,5,creditable,favoured,3,4
324,6,creditable,disliked,2,3
324,7,discrediting,disliked,4,4
324,8,discrediting,disliked,4,4
324,9,discrediting,favoured,3,4
324,10,discrediting,disliked,2,4
324,11,discrediting,favoured,2,5
324,12,discrediting,favoured,3,3
325,1,creditable,disliked,1,3
325,2,creditable,disliked,3,3
325,3,creditable,favoured,2,3
325,4,creditable,favoured,3,3
325,5,creditable,favoured,3,2
325,6,creditable,disliked,3,4
325,7,discrediting,favoured,4,2
325,8,discrediting,favoured,5,3
325,9,discrediting,disliked,4,4
325,10,discrediting,disliked,2,2
325,11,discrediting,favoured,2,2
325,12,discrediting,disliked,4,3
326,1,creditable,favoured,4,4
326,2,creditable,favoured,4,5
326,3,creditable,disliked,2,5
326,4,creditable,disliked,2,5
326,5,creditable,disliked,2,4
326,6,creditable,favoured,5,5
326,7,discrediting,favoured,3,4
326,8,discrediting,disliked,5,5
326,9,discrediting,favoured,2,5
326,10,discrediting,favoured,3,3
326,11,discrediting,disliked,5,5
326,12,discrediting,disliked,5,5
327,1,creditable,disliked,3,4
327,2,creditable,disliked,1,3
327,3,creditable,disliked,2,5
327,4,creditable,favoured,2,4
327,5,creditable,favoured,4,4
327,6,creditable,favoured,4,4
327,7,discrediting,disliked,2,3
327,8,discrediting,favoured,1,3
327,9,discrediting,favoured,3,4
327,10,discrediting,disliked,4,3
327,11,discrediting,disliked,3,3
327,12,discrediting,favoured,4,2
328,1,creditable,disliked,1,3
328,2,creditable,disliked,1,4
328,3,creditable,favoured,3,3
328,4,creditable,disliked,2,3
328,5,creditable,favoured,3,3
328,6,creditable,favoured,3,3
328,7,discrediting,disliked,2,3
328,8,discrediting,disliked,2,1
328,9,discrediting,favoured,2,4
328,10,discrediting,favoured,1,4
328,11,discrediting,disliked,1,3
328,12,discrediting,favoured,1,4
329,1,creditable,disliked,4,4
329,2,creditable,favoured,4,4
329,3,creditable,favoured,3,3
329,4,creditable,disliked,2,2
329,5,creditable,favoured,4,2
329,6,creditable,disliked,3,2
329,7,discrediting,favoured,3,3
329,8,discrediting,favoured,4,3
329,9,discrediting,disliked,4,4
329,10,discrediting,disliked,4,3
329,11,discrediting,favoured,4,3
329,12,discrediting,disliked,5,3
330,1,creditable,favoured,3,3
330,2,creditable,favoured,4,4
330,3,creditable,disliked,4,2
330,4,creditable,favoured,4,4
330,5,creditable,disliked,2,3
330,6,creditable,disliked,4,2
330,7,discrediting,favoured,3,3
330,8,discrediting,favoured,4,3
330,9,discrediting,disliked,2,2
330,10,discrediting,disliked,3,3
330,11,discrediting,disliked,4,3
330,12,discrediting,favoured,3,3
331,1,creditable,favoured,2,3
331,2,creditable,favoured,4,3
331,3,creditable,disliked,2,4
331,4,creditable,disliked,2,5
331,5,creditable,favoured,4,5
331,6,creditable,disliked,2,4
331,7,discrediting,disliked,4,4
331,8,discrediting,disliked,5,3
331,9,discrediting,favoured,3,3
331,10,discrediting,disliked,1,2
331,11,discrediting,favoured,1,4
331,12,discrediting,favoured,2,4
332,1,creditable,favoured,4,4
332,2,creditable,disliked,3,4
332,3,creditable,favoured,4,4
332,4,creditable,favoured,4,4
332,5,creditable,disliked,3,3
332,6,creditable,disliked,2,4
332,7,discrediting,disliked,4,3
332,8,discrediting,favoured,3,2
332,9,discrediting,favoured,3,4
332,10,discrediting,favoured,1,5
332,11,discrediting,disliked,4,4
332,12,discrediting,disliked,4,4
333,1,creditable,disliked,2,4
333,2,creditable,disliked,3,3
333,3,creditable,favoured,4,5
333,4,creditable,favoured,5,4
333,5,creditable,favoured,5,4
333,6,creditable,disliked,1,4
333,7,discrediting,disliked,5,4
333,8,discrediting,favoured,3,4
333,9,discrediting,disliked,3,3
333,10,discrediting,disliked,4,4
333,11,discrediting,favoured,1,4
333,12,discrediting,favoured,3,5
334,1,creditable,disliked,3,3
334,2,creditable,disliked,3,4
334,3,creditable,favoured,2,1
334,4,creditable,disliked,2,3
334,5,creditable,favoured,3,3
334,6,creditable,favoured,1,3
334,7,discrediting,favoured,3,4
334,8,discrediting,disliked,3,2
334,9,discrediting,favoured,4,2
334,10,discrediting,disliked,2,3
334,11,discrediting,disliked,3,2
334,12,discrediting,favoured,3,3
335,1,creditable,disliked,3,5
335,2,creditable,favoured,4,4
335,3,creditable,disliked,3,3
335,4,creditable,favoured,3,5
335,5,creditable,disliked,2,3
335,6,creditable,favoured,3,4
335,7,discrediting,favoured,3,5
335,8,discrediting,favoured,3,3
335,9,discrediting,disliked,2,3
335,10,discrediting,favoured,3,3
335,11,discrediting,disliked,3,4
335,12,discrediting,disliked,3,4
336,1,creditable,disliked,2,3
336,2,creditable,favoured,3,3
336,3,creditable,disliked,2,3
336,4,creditable,favoured,3,3
336,5,creditable,disliked,3,4
336,6,creditable,favoured,1,2
336,7,discrediting,favoured,2,3
336,8,discrediting,disliked,4,3
336,9,discrediting,favoured,2,3
336,10,discrediting,disliked,3,4
336,11,discrediting,disliked,4,3
336,12,discrediting,favoured,3,2
337,1,creditable,favoured,4,3
337,2,creditable,disliked,1,4
337,3,creditable,disliked,1,1
337,4,creditable,disliked,3,2
337,5,creditable,favoured,4,2
337,6,creditable,favoured,2,2
337,7,discrediting,favoured,2,2
337,8,discrediting,disliked,3,2
337,9,discrediting,disliked,2,3
337,10,discrediting,favoured,1,3
337,11,discrediting,disliked,4,3
337,12,discrediting,favoured,3,3
338,1,creditable,favoured,4,5
338,2,creditable,favoured,4,4
338,3,creditable,disliked,4,2
338,4,creditable,favoured,4,4
338,5,creditable,disliked,3,4
338,6,creditable,disliked,2,4
338,7,discrediting,disliked,3,3
338,8,discrediting,favoured,4,3
338,9,discrediting,favoured,4,2
338,10,discrediting,favoured,2,4
338,11,discrediting,disliked,5,5
338,12,discrediting,disliked,4,4
339,1,creditable,disliked,2,4
339,2,creditable,disliked,3,5
339,3,creditable,favoured,3,4
339,4,creditable,favoured,4,5
339,5,creditable,disliked,1,4
339,6,creditable,favoured,4,3
339,7,discrediting,disliked,3,2
339,8,discrediting,disliked,3,3
339,9,discrediting,favoured,2,5
339,10,discrediting,disliked,3,4
339,11,discrediting,favoured,1,4
339,12,discrediting,favoured,3,3
340,1,creditable,favoured,2,3
340,2,creditable,disliked,1,5
340,3,creditable,disliked,2,4
340,4,creditable,favoured,5,5
340,5,creditable,disliked,2,5
340,6,creditable,favoured,3,4
340,7,discrediting,favoured,2,5
340,8,discrediting,disliked,3,4
340,9,discrediting,disliked,1,3
340,10,discrediting,favoured,2,4
340,11,discrediting,favoured,1,5
340,12,discrediting,disliked,3,4
341,1,creditable,disliked,2,3
341,2,creditable,favoured,3,3
341,3,creditable,disliked,2,5
341,4,creditable,favoured,5,2
341,5,creditable,favoured,2,3
341,6,creditable,disliked,2,3
341,7,discrediting,favoured,3,1
341,8,discrediting,favoured,4,3
341,9,discrediting,favoured,2,2
341,10,discrediting,disliked,1,4
341,11,discrediting,disliked,1,3
341,12,discrediting,disliked,2,2
342,1,creditable,favoured,2,3
342,2,creditable,disliked,3,3
342,3,creditable,disliked,4,1
342,4,creditable,disliked,3,5
342,5,creditable,favoured,1,4
342,6,creditable,favoured,1,4
342,7,discrediting,disliked,3,3
342,8,discrediting,disliked,4,3
342,9,discrediting,favoured,3,4
342,10,discrediting,favoured,3,3
342,11,discrediting,disliked,2,2
342,12,discrediting,favoured,3,3
343,1,creditable,favoured,2,3
343,2,creditable,disliked,1,4
343,3,creditable,disliked,1,3
343,4,creditable,favoured,5,3
343,5,creditable,favoured,4,3
343,6,creditable,disliked,3,3
343,7,discrediting,disliked,3,2
343,8,discrediting,disliked,4,3
343,9,discrediting,favoured,1,4
343,10,discrediting,favoured,1,2
343,11,discrediting,favoured,3,2
343,12,discrediting,disliked,5,4
344,1,creditable,favoured,4,3
344,2,creditable,disliked,3,3
344,3,creditable,favoured,2,3
344,4,creditable,favoured,4,3
344,5,creditable,disliked,2,4
344,6,creditable,disliked,2,3
344,7,discrediting,favoured,2,4
344,8,discrediting,favoured,3,4
344,9,discrediting,favoured,2,4
344,10,discrediting,disliked,1,2
344,11,discrediting,disliked,4,4
344,12,discrediting,disliked,1,3
345,1,creditable,favoured,4,3
345,2,creditable,favoured,2,3
345,3,creditable,favoured,2,4
345,4,creditable,disliked,3,3
345,5,creditable,disliked,2,3
345,6,creditable,disliked,1,5
345,7,discrediting,favoured,3,2
345,8,discrediting,favoured,3,3
345,9,discrediting,favoured,1,4
345,10,discrediting,disliked,1,2
345,11,discrediting,disliked,3,5
345,12,discrediting,disliked,3,3
346,1,creditable,disliked,2,2
346,2,creditable,favoured,3,3
346,3,creditable,favoured,4,3
346,4,creditable,disliked,1,3
346,5,creditable,favoured,3,3
346,6,creditable,disliked,5,3
346,7,discrediting,favoured,4,3
346,8,discrediting,favoured,2,4
346,9,discrediting,disliked,4,3
346,10,discrediting,disliked,4,3
346,11,discrediting,favoured,3,3
346,12,discrediting,disliked,4,2
347,1,creditable,favoured,4,1
347,2,creditable,favoured,4,3
347,3,creditable,disliked,2,2
347,4,creditable,disliked,3,3
347,5,creditable,disliked,4,3
347,6,creditable,favoured,3,2
347,7,discrediting,favoured,3,3
347,8,discrediting,favoured,2,2
347,9,discrediting,disliked,5,3
347,10,discrediting,favoured,1,3
347,11,discrediting,disliked,4,2
347,12,discrediting,disliked,4,3
348,1,creditable,disliked,1,3
348,2,creditable,disliked,2,3
348,3,creditable,favoured,5,3
348,4,creditable,favoured,4,2
348,5,creditable,disliked,2,3
348,6,creditable,favoured,4,4
348,7,discrediting,favoured,3,3
348,8,discrediting,favoured,3,2
348,9,discrediting,disliked,4,4
348,10,discrediting,favoured,2,4
348,11,discrediting,disliked,4,4
348,12,discrediting,disliked,4,4
349,1,creditable,favoured,5,4
349,2,creditable,disliked,1,4
349,3,creditable,disliked,2,4
349,4,creditable,disliked,3,1
349,5,creditable,favoured,4,4
349,6,creditable,favoured,3,4
349,7,discrediting,favoured,2,5
349,8,discrediting,disliked,2,3
349,9,discrediting,disliked,3,3
349,10,discrediting,disliked,4,5
349,11,discrediting,favoured,2,4
349,12,discrediting,favoured,3,3
350,1,creditable,favoured,4,4
350,2,creditable,favoured,3,3
350,3,creditable,disliked,2,4
350,4,creditable,disliked,3,3
350,5,creditable,favoured,4,4
350,6,creditable,disliked,3,4
350,7,discrediting,favoured,4,4
350,8,discrediting,disliked,5,4
350,9,discrediting,disliked,5,5
350,10,discrediting,disliked,4,4
350,11,discrediting,favoured,3,3
350,12,discrediting,favoured,2,3
351,1,creditable,disliked,2,5
351,2,creditable,favoured,3,4
351,3,creditable,favoured,4,5
351,4,creditable,favoured,3,3
351,5,creditable,disliked,1,4
351,6,creditable,disliked,1,5
351,7,discrediting,favoured,4,2
351,8,discrediting,favoured,4,2
351,9,discrediting,disliked,2,3
351,10,discrediting,favoured,2,4
351,11,discrediting,disliked,3,4
351,12,discrediting,disliked,4,3
352,1,creditable,favoured,3,4
352,2,creditable,disliked,2,5
352,3,creditable,disliked,1,5
352,4,creditable,disliked,4,3
352,5,creditable,favoured,2,4
352,6,creditable,favoured,2,4
352,7,discrediting,disliked,2,4
352,8,discrediting,disliked,4,4
352,9,discrediting,favoured,3,3
352,10,discrediting,disliked,3,3
352,11,discrediting,favoured,3,4
352,12,discrediting,favoured,3,3
353,1,creditable,favoured,3,4
353,2,creditable,disliked,3,3
353,3,creditable,favoured,4,3
353,4,creditable,disliked,3,2
353,5,creditable,disliked,2,4
353,6,creditable,favoured,3,2
353,7,discrediting,favoured,3,3
353,8,discrediting,disliked,3,2
353,9,discrediting,disliked,2,2
353,10,discrediting,disliked,2,3
353,11,discrediting,favoured,2,3
353,12,discrediting,favoured,4,3
354,1,creditable,favoured,2,2
354,2,creditable,favoured,5,2
354,3,creditable,disliked,3,3
354,4,creditable,disliked,2,2
354,5,creditable,favoured,2,3
354,6,creditable,disliked,2,2
354,7,discrediting,disliked,4,4
354,8,discrediting,favoured,2,3
354,9,discrediting,favoured,2,3
354,10,discrediting,disliked,2,4
354,11,discrediting,disliked,3,3
354,12,discrediting,favoured,2,4
355,1,creditable,favoured,3,3
355,2,creditable,favoured,3,3
355,3,creditable,disliked,2,3
355,4,creditable,disliked,3,3
355,5,creditable,favoured,3,4
355,6,creditable,disliked,1,4
355,7,discrediting,favoured,3,3
355,8,discrediting,favoured,3,3
355,9,discrediting,disliked,4,4
355,10,discrediting,disliked,3,2
355,11,discrediting,disliked,3,3
355,12,discrediting,favoured,3,4
356,1,creditable,disliked,1,4
356,2,creditable,favoured,3,3
356,3,creditable,disliked,1,3
356,4,creditable,favoured,4,4
356,5,creditable,favoured,4,3
356,6,creditable,disliked,1,3
356,7,discrediting,favoured,1,3
356,8,discrediting,favoured,2,4
356,9,discrediting,disliked,5,4
356,10,discrediting,disliked,3,4
356,11,discrediting,favoured,2,4
356,12,discrediting,disliked,5,5
357,1,creditable,favoured,3,2
357,2,creditable,favoured,3,2
357,3,creditable,disliked,3,4
357,4,creditable,disliked,3,3
357,5,creditable,disliked,2,3
357,6,creditable,favoured,5,3
357,7,discrediting,favoured,3,2
357,8,discrediting,disliked,3,3
357,9,discrediting,favoured,3,3
357,10,discrediting,favoured,2,4
357,11,discrediting,disliked,5,4
357,12,discrediting,disliked,4,3
358,1,creditable,favoured,3,3
358,2,creditable,disliked,2,3
358,3,creditable,favoured,3,4
358,4,creditable,favoured,4,3
358,5,creditable,disliked,3,3
358,6,creditable,disliked,2,3
358,7,discrediting,disliked,5,3
358,8,discrediting,favoured,3,3
358,9,discrediting,favoured,3,4
358,10,discrediting,disliked,1,1
358,11,discrediting,disliked,4,4
358,12,discrediting,favoured,1,3
359,1,creditable,disliked,2,4
359,2,creditable,favoured,2,5
359,3,creditable,favoured,3,5
359,4,creditable,disliked,4,4
359,5,creditable,favoured,3,3
359,6,creditable,disliked,1,4
359,7,discrediting,disliked,2,4
359,8,discrediting,disliked,4,4
359,9,discrediting,favoured,1,4
359,10,discrediting,favoured,3,4
359,11,discrediting,disliked,2,5
359,12,discrediting,favoured,2,5
360,1,creditable,favoured,4,3
360,2,creditable,favoured,4,3
360,3,creditable,favoured,3,3
360,4,creditable,disliked,3,4
360,5,creditable,disliked,4,3
360,6,creditable,disliked,2,3
360,7,discrediting,disliked,4,3
360,8,discrediting,favoured,4,3
360,9,discrediting,disliked,4,3
360,10,discrediting,favoured,2,4
360,11,discrediting,favoured,2,3
360,12,discrediting,disliked,5,3
361,1,creditable,favoured,4,4
361,2,creditable,favoured,4,3
361,3,creditable,disliked,1,4
361,4,creditable,disliked,3,4
361,5,creditable,favoured,4,5
361,6,creditable,disliked,2,5
361,7,discrediting,favoured,2,4
361,8,discrediting,favoured,1,3
361,9,discrediting,disliked,5,5
361,10,discrediting,disliked,2,3
361,11,discrediting,disliked,4,3
361,12,discrediting,favoured,3,3
362,1,creditable,favoured,3,3
362,2,creditable,disliked,2,3
362,3,creditable,favoured,4,4
362,4,creditable,favoured,4,4
362,5,creditable,disliked,3,2
362,6,creditable,disliked,2,4
362,7,discrediting,favoured,2,4
362,8,discrediting,favoured,3,2
362,9,discrediting,disliked,3,4
362,10,discrediting,favoured,2,4
362,11,discrediting,disliked,4,4
362,12,discrediting,disliked,5,4
363,1,creditable,favoured,4,4
363,2,creditable,favoured,4,3
363,3,creditable,disliked,3,4
363,4,creditable,favoured,5,5
363,5,creditable,disliked,1,3
363,6,creditable,disliked,2,3
363,7,discrediting,disliked,3,3
363,8,discrediting,favoured,4,3
363,9,discrediting,favoured,4,4
363,10,discrediting,favoured,2,4
363,11,discrediting,disliked,2,3
363,12,discrediting,disliked,4,5
364,1,creditable,favoured,3,2
364,2,creditable,disliked,3,2
364,3,creditable,favoured,4,3
364,4,creditable,disliked,2,4
364,5,creditable,favoured,3,2
364,6,creditable,disliked,3,3
364,7,discrediting,favoured,3,3
364,8,discrediting,favoured,2,3
364,9,discrediting,favoured,2,2
364,10,discrediting,disliked,3,3
364,11,discrediting,disliked,2,3
364,12,discrediting,disliked,3,3
365,1,creditable,favoured,4,4
365,2,creditable,favoured,3,4
365,3,creditable,disliked,3,3
365,4,creditable,disliked,4,3
365,5,creditable,disliked,2,5
365,6,creditable,favoured,3,4
365,7,discrediting,disliked,5,4
365,8,discrediting,favoured,2,4
365,9,discrediting,favoured,1,4
365,10,discrediting,disliked,3,4
365,11,discrediting,disliked,4,3
365,12,discrediting,favoured,3,3
366,1,creditable,disliked,2,3
366,2,creditable,disliked,1,5
366,3,creditable,disliked,2,4
366,4,creditable,favoured,3,4
366,5,creditable,favoured,3,5
366,6,creditable,favoured,2,4
366,7,discrediting,favoured,1,5
366,8,discrediting,disliked,5,4
366,9,discrediting,disliked,3,5
366,10,discrediting,disliked,2,3
366,11,discrediting,favoured,2,3
366,12,discrediting,favoured,3,3
367,1,creditable,disliked,2,3
367,2,creditable,disliked,3,2
367,3,creditable,favoured,3,4
367,4,creditable,disliked,3,4
367,5,creditable,favoured,3,4
367,6,creditable,favoured,4,3
367,7,discrediting,disliked,4,3
367,8,discrediting,disliked,5,5
367,9,discrediting,favoured,3,3
367,10,discrediting,favoured,1,4
367,11,discrediting,favoured,2,5
367,12,discrediting,disliked,3,4
368,1,creditable,disliked,3,3
368,2,creditable,favoured,3,3
368,3,creditable,disliked,4,3
368,4,creditable,disliked,3,3
368,5,creditable,favoured,4,4
368,6,creditable,favoured,3,4
368,7,discrediting,favoured,4,3
368,8,discrediting,favoured,4,2
368,9,discrediting,favoured,2,4
368,10,discrediting,disliked,3,3
368,11,discrediting,disliked,4,3
368,12,discrediting,disliked,4,4
369,1,creditable,disliked,1,4
369,2,creditable,favoured,5,4
369,3,creditable,disliked,2,3
369,4,creditable,favoured,5,4
369,5,creditable,disliked,2,3
369,6,creditable,favoured,5,5
369,7,discrediting,disliked,5,3
369,8,discrediting,favoured,2,3
369,9,discrediting,favoured,2,3
369,10,discrediting,disliked,4,3
369,11,discrediting,favoured,3,3
369,12,discrediting,disliked,5,4
370,1,creditable,favoured,2,4
370,2,creditable,disliked,4,3
370,3,creditable,favoured,5,4
370,4,creditable,favoured,5,2
370,5,creditable,disliked,4,3
370,6,creditable,disliked,3,5
370,7,discrediting,favoured,5,5
370,8,discrediting,disliked,3,3
370,9,discrediting,favoured,3,4
370,10,discrediting,favoured,4,3
370,11,discrediting,disliked,3,4
370,12,discrediting,disliked,5,4
371,1,creditable,disliked,1,2
371,2,creditable,disliked,1,3
371,3,creditable,favoured,5,3
371,4,creditable,favoured,3,3
371,5,creditable,disliked,2,3
371,6,creditable,favoured,4,4
371,7,discrediting,disliked,5,3
371,8,discrediting,favoured,3,2
371,9,discrediting,disliked,4,4
371,10,discrediting,favoured,2,3
371,11,discrediting,disliked,3,3
371,12,discrediting,favoured,3,3
372,1,creditable,disliked,4,3
372,2,creditable,favoured,3,2
372,3,creditable,favoured,3,4
372,4,creditable,favoured,4,4
372,5,creditable,disliked,3,3
372,6,creditable,disliked,1,5
372,7,discrediting,favoured,2,5
372,8,discrediting,disliked,3,2
372,9,discrediting,disliked,5,3
372,10,discrediting,favoured,1,5
372,11,discrediting,disliked,4,4
372,12,discrediting,favoured,4,2
373,1,creditable,favoured,5,5
373,2,creditable,favoured,4,3
373,3,creditable,disliked,2,4
373,4,creditable,disliked,2,5
373,5,creditable,favoured,3,4
373,6,creditable,disliked,2,4
373,7,discrediting,favoured,2,5
373,8,discrediting,disliked,5,5
373,9,discrediting,disliked,5,4
373,10,discrediting,favoured,1,3
373,11,discrediting,disliked,5,4
373,12,discrediting,favoured,2,4
374,1,creditable,disliked,2,3
374,2,creditable,favoured,4,4
374,3,creditable,disliked,2,4
374,4,creditable,disliked,2,4
374,5,creditable,favoured,4,4
374,6,creditable,favoured,3,4
374,7,discrediting,disliked,4,5
374,8,discrediting,favoured,3,4
374,9,discrediting,disliked,3,4
374,10,discrediting,favoured,2,3
374,11,discrediting,disliked,5,4
374,12,discrediting,favoured,2,4
375,1,creditable,disliked,4,3
375,2,creditable,favoured,3,2
375,3,creditable,disliked,4,3
375,4,creditable,favoured,4,3
375,5,creditable,favoured,3,3
375,6,creditable,disliked,4,3
375,7,discrediting,favoured,4,3
375,8,discrediting,disliked,5,4
375,9,discrediting,favoured,3,3
375,10,discrediting,disliked,3,3
375,11,discrediting,favoured,2,2
375,12,discrediting,disliked,4,4
