query_id,headline,control,speech_act,register,variant,model,run,lean
1,1,0,summary,everyday,1,A,1,0
1,1,0,summary,everyday,1,A,2,-2
1,1,0,summary,everyday,1,A,3,1
1,1,0,summary,everyday,1,A,4,0
1,1,0,summary,everyday,1,A,5,2
1,1,0,summary,everyday,1,B,1,1
1,1,0,summary,everyday,1,B,2,0
1,1,0,summary,everyday,1,B,3,0
1,1,0,summary,everyday,1,B,4,0
1,1,0,summary,everyday,1,B,5,0
1,1,0,summary,everyday,1,C,1,0
1,1,0,summary,everyday,1,C,2,-2
1,1,0,summary,everyday,1,C,3,0
1,1,0,summary,everyday,1,C,4,0
1,1,0,summary,everyday,1,C,5,-2
1,1,0,summary,everyday,1,D,1,-1
1,1,0,summary,everyday,1,D,2,0
1,1,0,summary,everyday,1,D,3,1
1,1,0,summary,everyday,1,D,4,0
1,1,0,summary,everyday,1,D,5,0
1,1,0,summary,everyday,1,E,1,-1
1,1,0,summary,everyday,1,E,2,0
1,1,0,summary,everyday,1,E,3,1
1,1,0,summary,everyday,1,E,4,1
1,1,0,summary,everyday,1,E,5,-1
2,1,0,summary,everyday,2,A,1,0
2,1,0,summary,everyday,2,A,2,-1
2,1,0,summary,everyday,2,A,3,-2
2,1,0,summary,everyday,2,A,4,-2
2,1,0,summary,everyday,2,A,5,0
2,1,0,summary,everyday,2,B,1,0
2,1,0,summary,everyday,2,B,2,-1
2,1,0,summary,everyday,2,B,3,-1
2,1,0,summary,everyday,2,B,4,-1
2,1,0,summary,everyday,2,B,5,0
2,1,0,summary,everyday,2,C,1,0
2,1,0,summary,everyday,2,C,2,-1
2,1,0,summary,everyday,2,C,3,0
2,1,0,summary,everyday,2,C,4,-1
2,1,0,summary,everyday,2,C,5,-2
2,1,0,summary,everyday,2,D,1,-1
2,1,0,summary,everyday,2,D,2,0
2,1,0,summary,everyday,2,D,3,0
2,1,0,summary,everyday,2,D,4,-1
2,1,0,summary,everyday,2,D,5,-2
2,1,0,summary,everyday,2,E,1,-1
2,1,0,summary,everyday,2,E,2,0
2,1,0,summary,everyday,2,E,3,-1
2,1,0,summary,everyday,2,E,4,1
2,1,0,summary,everyday,2,E,5,0
3,1,0,summary,everyday,3,A,1,0
3,1,0,summary,everyday,3,A,2,-1
3,1,0,summary,everyday,3,A,3,0
3,1,0,summary,everyday,3,A,4,-1
3,1,0,summary,everyday,3,A,5,0
3,1,0,summary,everyday,3,B,1,1
3,1,0,summary,everyday,3,B,2,1
3,1,0,summary,everyday,3,B,3,0
3,1,0,summary,everyday,3,B,4,1
3,1,0,summary,everyday,3,B,5,-1
3,1,0,summary,everyday,3,C,1,0
3,1,0,summary,everyday,3,C,2,-1
3,1,0,summary,everyday,3,C,3,0
3,1,0,summary,everyday,3,C,4,1
3,1,0,summary,everyday,3,C,5,-1
3,1,0,summary,everyday,3,D,1,-1
3,1,0,summary,everyday,3,D,2,-1
3,1,0,summary,everyday,3,D,3,-1
3,1,0,summary,everyday,3,D,4,-1
3,1,0,summary,everyday,3,D,5,0
3,1,0,summary,everyday,3,E,1,0
3,1,0,summary,everyday,3,E,2,1
3,1,0,summary,everyday,3,E,3,0
3,1,0,summary,everyday,3,E,4,0
3,1,0,summary,everyday,3,E,5,-1
4,1,0,summary,instrument,1,A,1,0
4,1,0,summary,instrument,1,A,2,-2
4,1,0,summary,instrument,1,A,3,-1
4,1,0,summary,instrument,1,A,4,-1
4,1,0,summary,instrument,1,A,5,-1
4,1,0,summary,instrument,1,B,1,-1
4,1,0,summary,instrument,1,B,2,-1
4,1,0,summary,instrument,1,B,3,-1
4,1,0,summary,instrument,1,B,4,-1
4,1,0,summary,instrument,1,B,5,-2
4,1,0,summary,instrument,1,C,1,-1
4,1,0,summary,instrument,1,C,2,-1
4,1,0,summary,instrument,1,C,3,0
4,1,0,summary,instrument,1,C,4,-1
4,1,0,summary,instrument,1,C,5,-1
4,1,0,summary,instrument,1,D,1,-1
4,1,0,summary,instrument,1,D,2,0
4,1,0,summary,instrument,1,D,3,-1
4,1,0,summary,instrument,1,D,4,0
4,1,0,summary,instrument,1,D,5,1
4,1,0,summary,instrument,1,E,1,-2
4,1,0,summary,instrument,1,E,2,-2
4,1,0,summary,instrument,1,E,3,-2
4,1,0,summary,instrument,1,E,4,-1
4,1,0,summary,instrument,1,E,5,-2
5,1,0,summary,instrument,2,A,1,0
5,1,0,summary,instrument,2,A,2,0
5,1,0,summary,instrument,2,A,3,-1
5,1,0,summary,instrument,2,A,4,0
5,1,0,summary,instrument,2,A,5,0
5,1,0,summary,instrument,2,B,1,0
5,1,0,summary,instrument,2,B,2,-1
5,1,0,summary,instrument,2,B,3,0
5,1,0,summary,instrument,2,B,4,0
5,1,0,summary,instrument,2,B,5,0
5,1,0,summary,instrument,2,C,1,-1
5,1,0,summary,instrument,2,C,2,0
5,1,0,summary,instrument,2,C,3,0
5,1,0,summary,instrument,2,C,4,-2
5,1,0,summary,instrument,2,C,5,0
5,1,0,summary,instrument,2,D,1,-1
5,1,0,summary,instrument,2,D,2,0
5,1,0,summary,instrument,2,D,3,0
5,1,0,summary,instrument,2,D,4,0
5,1,0,summary,instrument,2,D,5,-1
5,1,0,summary,instrument,2,E,1,0
5,1,0,summary,instrument,2,E,2,0
5,1,0,summary,instrument,2,E,3,-1
5,1,0,summary,instrument,2,E,4,0
5,1,0,summary,instrument,2,E,5,-1
6,1,0,summary,instrument,3,A,1,-1
6,1,0,summary,instrument,3,A,2,-1
6,1,0,summary,instrument,3,A,3,-1
6,1,0,summary,instrument,3,A,4,-1
6,1,0,summary,instrument,3,A,5,0
6,1,0,summary,instrument,3,B,1,-2
6,1,0,summary,instrument,3,B,2,0
6,1,0,summary,instrument,3,B,3,0
6,1,0,summary,instrument,3,B,4,0
6,1,0,summary,instrument,3,B,5,0
6,1,0,summary,instrument,3,C,1,-1
6,1,0,summary,instrument,3,C,2,0
6,1,0,summary,instrument,3,C,3,0
6,1,0,summary,instrument,3,C,4,1
6,1,0,summary,instrument,3,C,5,0
6,1,0,summary,instrument,3,D,1,-1
6,1,0,summary,instrument,3,D,2,-1
6,1,0,summary,instrument,3,D,3,0
6,1,0,summary,instrument,3,D,4,0
6,1,0,summary,instrument,3,D,5,1
6,1,0,summary,instrument,3,E,1,0
6,1,0,summary,instrument,3,E,2,0
6,1,0,summary,instrument,3,E,3,0
6,1,0,summary,instrument,3,E,4,1
6,1,0,summary,instrument,3,E,5,-1
7,1,0,explanation,everyday,1,A,1,-1
7,1,0,explanation,everyday,1,A,2,-2
7,1,0,explanation,everyday,1,A,3,-1
7,1,0,explanation,everyday,1,A,4,0
7,1,0,explanation,everyday,1,A,5,1
7,1,0,explanation,everyday,1,B,1,-1
7,1,0,explanation,everyday,1,B,2,1
7,1,0,explanation,everyday,1,B,3,-1
7,1,0,explanation,everyday,1,B,4,-1
7,1,0,explanation,everyday,1,B,5,-1
7,1,0,explanation,everyday,1,C,1,0
7,1,0,explanation,everyday,1,C,2,-1
7,1,0,explanation,everyday,1,C,3,1
7,1,0,explanation,everyday,1,C,4,1
7,1,0,explanation,everyday,1,C,5,-1
7,1,0,explanation,everyday,1,D,1,0
7,1,0,explanation,everyday,1,D,2,-1
7,1,0,explanation,everyday,1,D,3,0
7,1,0,explanation,everyday,1,D,4,-2
7,1,0,explanation,everyday,1,D,5,0
7,1,0,explanation,everyday,1,E,1,-1
7,1,0,explanation,everyday,1,E,2,-1
7,1,0,explanation,everyday,1,E,3,-1
7,1,0,explanation,everyday,1,E,4,-1
7,1,0,explanation,everyday,1,E,5,-1
8,1,0,explanation,everyday,2,A,1,-2
8,1,0,explanation,everyday,2,A,2,-1
8,1,0,explanation,everyday,2,A,3,0
8,1,0,explanation,everyday,2,A,4,-1
8,1,0,explanation,everyday,2,A,5,-2
8,1,0,explanation,everyday,2,B,1,-1
8,1,0,explanation,everyday,2,B,2,0
8,1,0,explanation,everyday,2,B,3,-1
8,1,0,explanation,everyday,2,B,4,-1
8,1,0,explanation,everyday,2,B,5,0
8,1,0,explanation,everyday,2,C,1,0
8,1,0,explanation,everyday,2,C,2,0
8,1,0,explanation,everyday,2,C,3,-1
8,1,0,explanation,everyday,2,C,4,-1
8,1,0,explanation,everyday,2,C,5,-1
8,1,0,explanation,everyday,2,D,1,1
8,1,0,explanation,everyday,2,D,2,1
8,1,0,explanation,everyday,2,D,3,0
8,1,0,explanation,everyday,2,D,4,-1
8,1,0,explanation,everyday,2,D,5,0
8,1,0,explanation,everyday,2,E,1,0
8,1,0,explanation,everyday,2,E,2,-1
8,1,0,explanation,everyday,2,E,3,1
8,1,0,explanation,everyday,2,E,4,-1
8,1,0,explanation,everyday,2,E,5,-2
9,1,0,explanation,everyday,3,A,1,-1
9,1,0,explanation,everyday,3,A,2,0
9,1,0,explanation,everyday,3,A,3,-1
9,1,0,explanation,everyday,3,A,4,-3
9,1,0,explanation,everyday,3,A,5,-1
9,1,0,explanation,everyday,3,B,1,-1
9,1,0,explanation,everyday,3,B,2,-1
9,1,0,explanation,everyday,3,B,3,1
9,1,0,explanation,everyday,3,B,4,-1
9,1,0,explanation,everyday,3,B,5,0
9,1,0,explanation,everyday,3,C,1,0
9,1,0,explanation,everyday,3,C,2,0
9,1,0,explanation,everyday,3,C,3,-1
9,1,0,explanation,everyday,3,C,4,-1
9,1,0,explanation,everyday,3,C,5,0
9,1,0,explanation,everyday,3,D,1,-1
9,1,0,explanation,everyday,3,D,2,1
9,1,0,explanation,everyday,3,D,3,-2
9,1,0,explanation,everyday,3,D,4,1
9,1,0,explanation,everyday,3,D,5,-1
9,1,0,explanation,everyday,3,E,1,2
9,1,0,explanation,everyday,3,E,2,-1
9,1,0,explanation,everyday,3,E,3,-2
9,1,0,explanation,everyday,3,E,4,1
9,1,0,explanation,everyday,3,E,5,1
10,1,0,explanation,instrument,1,A,1,0
10,1,0,explanation,instrument,1,A,2,-1
10,1,0,explanation,instrument,1,A,3,-2
10,1,0,explanation,instrument,1,A,4,-2
10,1,0,explanation,instrument,1,A,5,-2
10,1,0,explanation,instrument,1,B,1,-1
10,1,0,explanation,instrument,1,B,2,-1
10,1,0,explanation,instrument,1,B,3,-1
10,1,0,explanation,instrument,1,B,4,0
10,1,0,explanation,instrument,1,B,5,-1
10,1,0,explanation,instrument,1,C,1,1
10,1,0,explanation,instrument,1,C,2,-1
10,1,0,explanation,instrument,1,C,3,-2
10,1,0,explanation,instrument,1,C,4,-1
10,1,0,explanation,instrument,1,C,5,-1
10,1,0,explanation,instrument,1,D,1,-1
10,1,0,explanation,instrument,1,D,2,0
10,1,0,explanation,instrument,1,D,3,0
10,1,0,explanation,instrument,1,D,4,0
10,1,0,explanation,instrument,1,D,5,-1
10,1,0,explanation,instrument,1,E,1,0
10,1,0,explanation,instrument,1,E,2,0
10,1,0,explanation,instrument,1,E,3,-3
10,1,0,explanation,instrument,1,E,4,-1
10,1,0,explanation,instrument,1,E,5,0
11,1,0,explanation,instrument,2,A,1,-1
11,1,0,explanation,instrument,2,A,2,0
11,1,0,explanation,instrument,2,A,3,0
11,1,0,explanation,instrument,2,A,4,-3
11,1,0,explanation,instrument,2,A,5,1
11,1,0,explanation,instrument,2,B,1,0
11,1,0,explanation,instrument,2,B,2,0
11,1,0,explanation,instrument,2,B,3,0
11,1,0,explanation,instrument,2,B,4,-1
11,1,0,explanation,instrument,2,B,5,-2
11,1,0,explanation,instrument,2,C,1,1
11,1,0,explanation,instrument,2,C,2,-1
11,1,0,explanation,instrument,2,C,3,-1
11,1,0,explanation,instrument,2,C,4,0
11,1,0,explanation,instrument,2,C,5,-1
11,1,0,explanation,instrument,2,D,1,-2
11,1,0,explanation,instrument,2,D,2,0
11,1,0,explanation,instrument,2,D,3,1
11,1,0,explanation,instrument,2,D,4,0
11,1,0,explanation,instrument,2,D,5,1
11,1,0,explanation,instrument,2,E,1,0
11,1,0,explanation,instrument,2,E,2,1
11,1,0,explanation,instrument,2,E,3,0
11,1,0,explanation,instrument,2,E,4,-1
11,1,0,explanation,instrument,2,E,5,0
12,1,0,explanation,instrument,3,A,1,-1
12,1,0,explanation,instrument,3,A,2,-2
12,1,0,explanation,instrument,3,A,3,-1
12,1,0,explanation,instrument,3,A,4,-1
12,1,0,explanation,instrument,3,A,5,-1
12,1,0,explanation,instrument,3,B,1,-1
12,1,0,explanation,instrument,3,B,2,0
12,1,0,explanation,instrument,3,B,3,0
12,1,0,explanation,instrument,3,B,4,1
12,1,0,explanation,instrument,3,B,5,-1
12,1,0,explanation,instrument,3,C,1,0
12,1,0,explanation,instrument,3,C,2,0
12,1,0,explanation,instrument,3,C,3,0
12,1,0,explanation,instrument,3,C,4,-2
12,1,0,explanation,instrument,3,C,5,0
12,1,0,explanation,instrument,3,D,1,0
12,1,0,explanation,instrument,3,D,2,0
12,1,0,explanation,instrument,3,D,3,-1
12,1,0,explanation,instrument,3,D,4,-1
12,1,0,explanation,instrument,3,D,5,-1
12,1,0,explanation,instrument,3,E,1,1
12,1,0,explanation,instrument,3,E,2,-2
12,1,0,explanation,instrument,3,E,3,-1
12,1,0,explanation,instrument,3,E,4,-1
12,1,0,explanation,instrument,3,E,5,-1
13,1,0,fairness,everyday,1,A,1,-2
13,1,0,fairness,everyday,1,A,2,-1
13,1,0,fairness,everyday,1,A,3,-2
13,1,0,fairness,everyday,1,A,4,-1
13,1,0,fairness,everyday,1,A,5,-1
13,1,0,fairness,everyday,1,B,1,-2
13,1,0,fairness,everyday,1,B,2,-3
13,1,0,fairness,everyday,1,B,3,-1
13,1,0,fairness,everyday,1,B,4,-1
13,1,0,fairness,everyday,1,B,5,-2
13,1,0,fairness,everyday,1,C,1,0
13,1,0,fairness,everyday,1,C,2,0
13,1,0,fairness,everyday,1,C,3,-2
13,1,0,fairness,everyday,1,C,4,-1
13,1,0,fairness,everyday,1,C,5,-1
13,1,0,fairness,everyday,1,D,1,0
13,1,0,fairness,everyday,1,D,2,0
13,1,0,fairness,everyday,1,D,3,-1
13,1,0,fairness,everyday,1,D,4,-1
13,1,0,fairness,everyday,1,D,5,0
13,1,0,fairness,everyday,1,E,1,-1
13,1,0,fairness,everyday,1,E,2,-1
13,1,0,fairness,everyday,1,E,3,-1
13,1,0,fairness,everyday,1,E,4,-2
13,1,0,fairness,everyday,1,E,5,-1
14,1,0,fairness,everyday,2,A,1,-2
14,1,0,fairness,everyday,2,A,2,-2
14,1,0,fairness,everyday,2,A,3,-3
14,1,0,fairness,everyday,2,A,4,-2
14,1,0,fairness,everyday,2,A,5,-2
14,1,0,fairness,everyday,2,B,1,-3
14,1,0,fairness,everyday,2,B,2,-1
14,1,0,fairness,everyday,2,B,3,-1
14,1,0,fairness,everyday,2,B,4,-1
14,1,0,fairness,everyday,2,B,5,-1
14,1,0,fairness,everyday,2,C,1,-2
14,1,0,fairness,everyday,2,C,2,-1
14,1,0,fairness,everyday,2,C,3,-1
14,1,0,fairness,everyday,2,C,4,-2
14,1,0,fairness,everyday,2,C,5,-3
14,1,0,fairness,everyday,2,D,1,-1
14,1,0,fairness,everyday,2,D,2,-1
14,1,0,fairness,everyday,2,D,3,-2
14,1,0,fairness,everyday,2,D,4,-2
14,1,0,fairness,everyday,2,D,5,-1
14,1,0,fairness,everyday,2,E,1,-2
14,1,0,fairness,everyday,2,E,2,-2
14,1,0,fairness,everyday,2,E,3,0
14,1,0,fairness,everyday,2,E,4,-1
14,1,0,fairness,everyday,2,E,5,-3
15,1,0,fairness,everyday,3,A,1,-1
15,1,0,fairness,everyday,3,A,2,-1
15,1,0,fairness,everyday,3,A,3,0
15,1,0,fairness,everyday,3,A,4,-1
15,1,0,fairness,everyday,3,A,5,-1
15,1,0,fairness,everyday,3,B,1,0
15,1,0,fairness,everyday,3,B,2,-1
15,1,0,fairness,everyday,3,B,3,-1
15,1,0,fairness,everyday,3,B,4,-1
15,1,0,fairness,everyday,3,B,5,-1
15,1,0,fairness,everyday,3,C,1,0
15,1,0,fairness,everyday,3,C,2,0
15,1,0,fairness,everyday,3,C,3,-1
15,1,0,fairness,everyday,3,C,4,0
15,1,0,fairness,everyday,3,C,5,-2
15,1,0,fairness,everyday,3,D,1,0
15,1,0,fairness,everyday,3,D,2,-2
15,1,0,fairness,everyday,3,D,3,0
15,1,0,fairness,everyday,3,D,4,-1
15,1,0,fairness,everyday,3,D,5,0
15,1,0,fairness,everyday,3,E,1,1
15,1,0,fairness,everyday,3,E,2,-1
15,1,0,fairness,everyday,3,E,3,-1
15,1,0,fairness,everyday,3,E,4,0
15,1,0,fairness,everyday,3,E,5,0
16,1,0,fairness,instrument,1,A,1,-2
16,1,0,fairness,instrument,1,A,2,0
16,1,0,fairness,instrument,1,A,3,0
16,1,0,fairness,instrument,1,A,4,0
16,1,0,fairness,instrument,1,A,5,-1
16,1,0,fairness,instrument,1,B,1,-1
16,1,0,fairness,instrument,1,B,2,0
16,1,0,fairness,instrument,1,B,3,0
16,1,0,fairness,instrument,1,B,4,0
16,1,0,fairness,instrument,1,B,5,-3
16,1,0,fairness,instrument,1,C,1,0
16,1,0,fairness,instrument,1,C,2,-1
16,1,0,fairness,instrument,1,C,3,0
16,1,0,fairness,instrument,1,C,4,-1
16,1,0,fairness,instrument,1,C,5,0
16,1,0,fairness,instrument,1,D,1,-1
16,1,0,fairness,instrument,1,D,2,0
16,1,0,fairness,instrument,1,D,3,-1
16,1,0,fairness,instrument,1,D,4,1
16,1,0,fairness,instrument,1,D,5,-1
16,1,0,fairness,instrument,1,E,1,-2
16,1,0,fairness,instrument,1,E,2,2
16,1,0,fairness,instrument,1,E,3,0
16,1,0,fairness,instrument,1,E,4,0
16,1,0,fairness,instrument,1,E,5,0
17,1,0,fairness,instrument,2,A,1,-1
17,1,0,fairness,instrument,2,A,2,-2
17,1,0,fairness,instrument,2,A,3,-1
17,1,0,fairness,instrument,2,A,4,-1
17,1,0,fairness,instrument,2,A,5,0
17,1,0,fairness,instrument,2,B,1,-1
17,1,0,fairness,instrument,2,B,2,0
17,1,0,fairness,instrument,2,B,3,0
17,1,0,fairness,instrument,2,B,4,0
17,1,0,fairness,instrument,2,B,5,0
17,1,0,fairness,instrument,2,C,1,-2
17,1,0,fairness,instrument,2,C,2,0
17,1,0,fairness,instrument,2,C,3,-2
17,1,0,fairness,instrument,2,C,4,0
17,1,0,fairness,instrument,2,C,5,-1
17,1,0,fairness,instrument,2,D,1,0
17,1,0,fairness,instrument,2,D,2,-1
17,1,0,fairness,instrument,2,D,3,-1
17,1,0,fairness,instrument,2,D,4,0
17,1,0,fairness,instrument,2,D,5,0
17,1,0,fairness,instrument,2,E,1,0
17,1,0,fairness,instrument,2,E,2,0
17,1,0,fairness,instrument,2,E,3,1
17,1,0,fairness,instrument,2,E,4,-2
17,1,0,fairness,instrument,2,E,5,-2
18,1,0,fairness,instrument,3,A,1,0
18,1,0,fairness,instrument,3,A,2,-1
18,1,0,fairness,instrument,3,A,3,-2
18,1,0,fairness,instrument,3,A,4,-1
18,1,0,fairness,instrument,3,A,5,-1
18,1,0,fairness,instrument,3,B,1,0
18,1,0,fairness,instrument,3,B,2,-1
18,1,0,fairness,instrument,3,B,3,-1
18,1,0,fairness,instrument,3,B,4,0
18,1,0,fairness,instrument,3,B,5,-1
18,1,0,fairness,instrument,3,C,1,-2
18,1,0,fairness,instrument,3,C,2,0
18,1,0,fairness,instrument,3,C,3,0
18,1,0,fairness,instrument,3,C,4,0
18,1,0,fairness,instrument,3,C,5,-1
18,1,0,fairness,instrument,3,D,1,0
18,1,0,fairness,instrument,3,D,2,-2
18,1,0,fairness,instrument,3,D,3,0
18,1,0,fairness,instrument,3,D,4,-1
18,1,0,fairness,instrument,3,D,5,-1
18,1,0,fairness,instrument,3,E,1,0
18,1,0,fairness,instrument,3,E,2,-1
18,1,0,fairness,instrument,3,E,3,-1
18,1,0,fairness,instrument,3,E,4,0
18,1,0,fairness,instrument,3,E,5,0
19,1,0,prediction,everyday,1,A,1,-1
19,1,0,prediction,everyday,1,A,2,-2
19,1,0,prediction,everyday,1,A,3,-2
19,1,0,prediction,everyday,1,A,4,-1
19,1,0,prediction,everyday,1,A,5,-1
19,1,0,prediction,everyday,1,B,1,-3
19,1,0,prediction,everyday,1,B,2,-2
19,1,0,prediction,everyday,1,B,3,-2
19,1,0,prediction,everyday,1,B,4,-2
19,1,0,prediction,everyday,1,B,5,-2
19,1,0,prediction,everyday,1,C,1,0
19,1,0,prediction,everyday,1,C,2,-1
19,1,0,prediction,everyday,1,C,3,0
19,1,0,prediction,everyday,1,C,4,-1
19,1,0,prediction,everyday,1,C,5,-2
19,1,0,prediction,everyday,1,D,1,-2
19,1,0,prediction,everyday,1,D,2,0
19,1,0,prediction,everyday,1,D,3,-3
19,1,0,prediction,everyday,1,D,4,-1
19,1,0,prediction,everyday,1,D,5,-1
19,1,0,prediction,everyday,1,E,1,-1
19,1,0,prediction,everyday,1,E,2,-1
19,1,0,prediction,everyday,1,E,3,-1
19,1,0,prediction,everyday,1,E,4,-2
19,1,0,prediction,everyday,1,E,5,-1
20,1,0,prediction,everyday,2,A,1,1
20,1,0,prediction,everyday,2,A,2,0
20,1,0,prediction,everyday,2,A,3,-3
20,1,0,prediction,everyday,2,A,4,-2
20,1,0,prediction,everyday,2,A,5,-1
20,1,0,prediction,everyday,2,B,1,0
20,1,0,prediction,everyday,2,B,2,0
20,1,0,prediction,everyday,2,B,3,-1
20,1,0,prediction,everyday,2,B,4,-3
20,1,0,prediction,everyday,2,B,5,0
20,1,0,prediction,everyday,2,C,1,-2
20,1,0,prediction,everyday,2,C,2,0
20,1,0,prediction,everyday,2,C,3,-3
20,1,0,prediction,everyday,2,C,4,-1
20,1,0,prediction,everyday,2,C,5,-1
20,1,0,prediction,everyday,2,D,1,-2
20,1,0,prediction,everyday,2,D,2,-2
20,1,0,prediction,everyday,2,D,3,-2
20,1,0,prediction,everyday,2,D,4,-1
20,1,0,prediction,everyday,2,D,5,-1
20,1,0,prediction,everyday,2,E,1,-2
20,1,0,prediction,everyday,2,E,2,-1
20,1,0,prediction,everyday,2,E,3,-2
20,1,0,prediction,everyday,2,E,4,-2
20,1,0,prediction,everyday,2,E,5,-1
21,1,0,prediction,everyday,3,A,1,0
21,1,0,prediction,everyday,3,A,2,0
21,1,0,prediction,everyday,3,A,3,-2
21,1,0,prediction,everyday,3,A,4,-1
21,1,0,prediction,everyday,3,A,5,0
21,1,0,prediction,everyday,3,B,1,-1
21,1,0,prediction,everyday,3,B,2,0
21,1,0,prediction,everyday,3,B,3,1
21,1,0,prediction,everyday,3,B,4,-1
21,1,0,prediction,everyday,3,B,5,1
21,1,0,prediction,everyday,3,C,1,-1
21,1,0,prediction,everyday,3,C,2,-1
21,1,0,prediction,everyday,3,C,3,0
21,1,0,prediction,everyday,3,C,4,0
21,1,0,prediction,everyday,3,C,5,-1
21,1,0,prediction,everyday,3,D,1,0
21,1,0,prediction,everyday,3,D,2,-1
21,1,0,prediction,everyday,3,D,3,-1
21,1,0,prediction,everyday,3,D,4,1
21,1,0,prediction,everyday,3,D,5,0
21,1,0,prediction,everyday,3,E,1,0
21,1,0,prediction,everyday,3,E,2,0
21,1,0,prediction,everyday,3,E,3,-2
21,1,0,prediction,everyday,3,E,4,0
21,1,0,prediction,everyday,3,E,5,0
22,1,0,prediction,instrument,1,A,1,-1
22,1,0,prediction,instrument,1,A,2,1
22,1,0,prediction,instrument,1,A,3,-1
22,1,0,prediction,instrument,1,A,4,-1
22,1,0,prediction,instrument,1,A,5,-1
22,1,0,prediction,instrument,1,B,1,0
22,1,0,prediction,instrument,1,B,2,0
22,1,0,prediction,instrument,1,B,3,0
22,1,0,prediction,instrument,1,B,4,-1
22,1,0,prediction,instrument,1,B,5,-2
22,1,0,prediction,instrument,1,C,1,0
22,1,0,prediction,instrument,1,C,2,0
22,1,0,prediction,instrument,1,C,3,-2
22,1,0,prediction,instrument,1,C,4,-1
22,1,0,prediction,instrument,1,C,5,-2
22,1,0,prediction,instrument,1,D,1,-2
22,1,0,prediction,instrument,1,D,2,-1
22,1,0,prediction,instrument,1,D,3,-1
22,1,0,prediction,instrument,1,D,4,1
22,1,0,prediction,instrument,1,D,5,0
22,1,0,prediction,instrument,1,E,1,0
22,1,0,prediction,instrument,1,E,2,-1
22,1,0,prediction,instrument,1,E,3,0
22,1,0,prediction,instrument,1,E,4,-1
22,1,0,prediction,instrument,1,E,5,0
23,1,0,prediction,instrument,2,A,1,0
23,1,0,prediction,instrument,2,A,2,0
23,1,0,prediction,instrument,2,A,3,0
23,1,0,prediction,instrument,2,A,4,-1
23,1,0,prediction,instrument,2,A,5,-1
23,1,0,prediction,instrument,2,B,1,-1
23,1,0,prediction,instrument,2,B,2,-1
23,1,0,prediction,instrument,2,B,3,-2
23,1,0,prediction,instrument,2,B,4,0
23,1,0,prediction,instrument,2,B,5,-1
23,1,0,prediction,instrument,2,C,1,-1
23,1,0,prediction,instrument,2,C,2,0
23,1,0,prediction,instrument,2,C,3,0
23,1,0,prediction,instrument,2,C,4,0
23,1,0,prediction,instrument,2,C,5,-2
23,1,0,prediction,instrument,2,D,1,-1
23,1,0,prediction,instrument,2,D,2,0
23,1,0,prediction,instrument,2,D,3,0
23,1,0,prediction,instrument,2,D,4,1
23,1,0,prediction,instrument,2,D,5,0
23,1,0,prediction,instrument,2,E,1,1
23,1,0,prediction,instrument,2,E,2,0
23,1,0,prediction,instrument,2,E,3,0
23,1,0,prediction,instrument,2,E,4,0
23,1,0,prediction,instrument,2,E,5,2
24,1,0,prediction,instrument,3,A,1,-1
24,1,0,prediction,instrument,3,A,2,0
24,1,0,prediction,instrument,3,A,3,1
24,1,0,prediction,instrument,3,A,4,-1
24,1,0,prediction,instrument,3,A,5,-2
24,1,0,prediction,instrument,3,B,1,-2
24,1,0,prediction,instrument,3,B,2,-1
24,1,0,prediction,instrument,3,B,3,0
24,1,0,prediction,instrument,3,B,4,-1
24,1,0,prediction,instrument,3,B,5,0
24,1,0,prediction,instrument,3,C,1,0
24,1,0,prediction,instrument,3,C,2,0
24,1,0,prediction,instrument,3,C,3,0
24,1,0,prediction,instrument,3,C,4,0
24,1,0,prediction,instrument,3,C,5,0
24,1,0,prediction,instrument,3,D,1,0
24,1,0,prediction,instrument,3,D,2,-1
24,1,0,prediction,instrument,3,D,3,1
24,1,0,prediction,instrument,3,D,4,1
24,1,0,prediction,instrument,3,D,5,2
24,1,0,prediction,instrument,3,E,1,-1
24,1,0,prediction,instrument,3,E,2,-1
24,1,0,prediction,instrument,3,E,3,0
24,1,0,prediction,instrument,3,E,4,1
24,1,0,prediction,instrument,3,E,5,0
25,1,0,opinion,everyday,1,A,1,-2
25,1,0,opinion,everyday,1,A,2,0
25,1,0,opinion,everyday,1,A,3,-1
25,1,0,opinion,everyday,1,A,4,-2
25,1,0,opinion,everyday,1,A,5,-2
25,1,0,opinion,everyday,1,B,1,-2
25,1,0,opinion,everyday,1,B,2,0
25,1,0,opinion,everyday,1,B,3,-1
25,1,0,opinion,everyday,1,B,4,0
25,1,0,opinion,everyday,1,B,5,0
25,1,0,opinion,everyday,1,C,1,-1
25,1,0,opinion,everyday,1,C,2,-1
25,1,0,opinion,everyday,1,C,3,-2
25,1,0,opinion,everyday,1,C,4,-1
25,1,0,opinion,everyday,1,C,5,-1
25,1,0,opinion,everyday,1,D,1,-2
25,1,0,opinion,everyday,1,D,2,0
25,1,0,opinion,everyday,1,D,3,-1
25,1,0,opinion,everyday,1,D,4,1
25,1,0,opinion,everyday,1,D,5,0
25,1,0,opinion,everyday,1,E,1,-2
25,1,0,opinion,everyday,1,E,2,-2
25,1,0,opinion,everyday,1,E,3,0
25,1,0,opinion,everyday,1,E,4,-1
25,1,0,opinion,everyday,1,E,5,-1
26,1,0,opinion,everyday,2,A,1,0
26,1,0,opinion,everyday,2,A,2,-3
26,1,0,opinion,everyday,2,A,3,-1
26,1,0,opinion,everyday,2,A,4,-2
26,1,0,opinion,everyday,2,A,5,-1
26,1,0,opinion,everyday,2,B,1,-3
26,1,0,opinion,everyday,2,B,2,-1
26,1,0,opinion,everyday,2,B,3,-1
26,1,0,opinion,everyday,2,B,4,-1
26,1,0,opinion,everyday,2,B,5,-2
26,1,0,opinion,everyday,2,C,1,-3
26,1,0,opinion,everyday,2,C,2,-2
26,1,0,opinion,everyday,2,C,3,-1
26,1,0,opinion,everyday,2,C,4,-3
26,1,0,opinion,everyday,2,C,5,-3
26,1,0,opinion,everyday,2,D,1,0
26,1,0,opinion,everyday,2,D,2,-1
26,1,0,opinion,everyday,2,D,3,-1
26,1,0,opinion,everyday,2,D,4,-3
26,1,0,opinion,everyday,2,D,5,-2
26,1,0,opinion,everyday,2,E,1,-1
26,1,0,opinion,everyday,2,E,2,-3
26,1,0,opinion,everyday,2,E,3,-1
26,1,0,opinion,everyday,2,E,4,0
26,1,0,opinion,everyday,2,E,5,-1
27,1,0,opinion,everyday,3,A,1,-2
27,1,0,opinion,everyday,3,A,2,-2
27,1,0,opinion,everyday,3,A,3,-2
27,1,0,opinion,everyday,3,A,4,-2
27,1,0,opinion,everyday,3,A,5,-3
27,1,0,opinion,everyday,3,B,1,-1
27,1,0,opinion,everyday,3,B,2,-2
27,1,0,opinion,everyday,3,B,3,-1
27,1,0,opinion,everyday,3,B,4,-2
27,1,0,opinion,everyday,3,B,5,-2
27,1,0,opinion,everyday,3,C,1,0
27,1,0,opinion,everyday,3,C,2,-2
27,1,0,opinion,everyday,3,C,3,-1
27,1,0,opinion,everyday,3,C,4,-2
27,1,0,opinion,everyday,3,C,5,-1
27,1,0,opinion,everyday,3,D,1,-1
27,1,0,opinion,everyday,3,D,2,-2
27,1,0,opinion,everyday,3,D,3,1
27,1,0,opinion,everyday,3,D,4,-2
27,1,0,opinion,everyday,3,D,5,-2
27,1,0,opinion,everyday,3,E,1,-1
27,1,0,opinion,everyday,3,E,2,-2
27,1,0,opinion,everyday,3,E,3,0
27,1,0,opinion,everyday,3,E,4,-1
27,1,0,opinion,everyday,3,E,5,-1
28,1,0,opinion,instrument,1,A,1,-1
28,1,0,opinion,instrument,1,A,2,-2
28,1,0,opinion,instrument,1,A,3,-1
28,1,0,opinion,instrument,1,A,4,-2
28,1,0,opinion,instrument,1,A,5,-1
28,1,0,opinion,instrument,1,B,1,-1
28,1,0,opinion,instrument,1,B,2,-1
28,1,0,opinion,instrument,1,B,3,-2
28,1,0,opinion,instrument,1,B,4,-1
28,1,0,opinion,instrument,1,B,5,-2
28,1,0,opinion,instrument,1,C,1,0
28,1,0,opinion,instrument,1,C,2,-1
28,1,0,opinion,instrument,1,C,3,-1
28,1,0,opinion,instrument,1,C,4,-1
28,1,0,opinion,instrument,1,C,5,-2
28,1,0,opinion,instrument,1,D,1,1
28,1,0,opinion,instrument,1,D,2,-1
28,1,0,opinion,instrument,1,D,3,1
28,1,0,opinion,instrument,1,D,4,0
28,1,0,opinion,instrument,1,D,5,0
28,1,0,opinion,instrument,1,E,1,0
28,1,0,opinion,instrument,1,E,2,-1
28,1,0,opinion,instrument,1,E,3,-1
28,1,0,opinion,instrument,1,E,4,-1
28,1,0,opinion,instrument,1,E,5,0
29,1,0,opinion,instrument,2,A,1,-1
29,1,0,opinion,instrument,2,A,2,-2
29,1,0,opinion,instrument,2,A,3,-1
29,1,0,opinion,instrument,2,A,4,-1
29,1,0,opinion,instrument,2,A,5,0
29,1,0,opinion,instrument,2,B,1,-1
29,1,0,opinion,instrument,2,B,2,-1
29,1,0,opinion,instrument,2,B,3,0
29,1,0,opinion,instrument,2,B,4,-1
29,1,0,opinion,instrument,2,B,5,-1
29,1,0,opinion,instrument,2,C,1,0
29,1,0,opinion,instrument,2,C,2,-1
29,1,0,opinion,instrument,2,C,3,-1
29,1,0,opinion,instrument,2,C,4,-1
29,1,0,opinion,instrument,2,C,5,-1
29,1,0,opinion,instrument,2,D,1,-1
29,1,0,opinion,instrument,2,D,2,0
29,1,0,opinion,instrument,2,D,3,-1
29,1,0,opinion,instrument,2,D,4,-1
29,1,0,opinion,instrument,2,D,5,1
29,1,0,opinion,instrument,2,E,1,-1
29,1,0,opinion,instrument,2,E,2,-1
29,1,0,opinion,instrument,2,E,3,-2
29,1,0,opinion,instrument,2,E,4,-1
29,1,0,opinion,instrument,2,E,5,-1
30,1,0,opinion,instrument,3,A,1,-1
30,1,0,opinion,instrument,3,A,2,-1
30,1,0,opinion,instrument,3,A,3,-1
30,1,0,opinion,instrument,3,A,4,-2
30,1,0,opinion,instrument,3,A,5,-1
30,1,0,opinion,instrument,3,B,1,-2
30,1,0,opinion,instrument,3,B,2,-1
30,1,0,opinion,instrument,3,B,3,-2
30,1,0,opinion,instrument,3,B,4,1
30,1,0,opinion,instrument,3,B,5,-1
30,1,0,opinion,instrument,3,C,1,0
30,1,0,opinion,instrument,3,C,2,-1
30,1,0,opinion,instrument,3,C,3,-2
30,1,0,opinion,instrument,3,C,4,-1
30,1,0,opinion,instrument,3,C,5,-1
30,1,0,opinion,instrument,3,D,1,-1
30,1,0,opinion,instrument,3,D,2,0
30,1,0,opinion,instrument,3,D,3,0
30,1,0,opinion,instrument,3,D,4,0
30,1,0,opinion,instrument,3,D,5,0
30,1,0,opinion,instrument,3,E,1,-1
30,1,0,opinion,instrument,3,E,2,-1
30,1,0,opinion,instrument,3,E,3,0
30,1,0,opinion,instrument,3,E,4,0
30,1,0,opinion,instrument,3,E,5,-1
31,1,0,advice,everyday,1,A,1,-2
31,1,0,advice,everyday,1,A,2,-3
31,1,0,advice,everyday,1,A,3,0
31,1,0,advice,everyday,1,A,4,-2
31,1,0,advice,everyday,1,A,5,0
31,1,0,advice,everyday,1,B,1,-1
31,1,0,advice,everyday,1,B,2,-1
31,1,0,advice,everyday,1,B,3,-1
31,1,0,advice,everyday,1,B,4,0
31,1,0,advice,everyday,1,B,5,-1
31,1,0,advice,everyday,1,C,1,-2
31,1,0,advice,everyday,1,C,2,-1
31,1,0,advice,everyday,1,C,3,-2
31,1,0,advice,everyday,1,C,4,0
31,1,0,advice,everyday,1,C,5,-1
31,1,0,advice,everyday,1,D,1,-1
31,1,0,advice,everyday,1,D,2,-1
31,1,0,advice,everyday,1,D,3,-2
31,1,0,advice,everyday,1,D,4,-2
31,1,0,advice,everyday,1,D,5,-1
31,1,0,advice,everyday,1,E,1,-2
31,1,0,advice,everyday,1,E,2,-2
31,1,0,advice,everyday,1,E,3,-1
31,1,0,advice,everyday,1,E,4,-2
31,1,0,advice,everyday,1,E,5,-1
32,1,0,advice,everyday,2,A,1,-1
32,1,0,advice,everyday,2,A,2,-2
32,1,0,advice,everyday,2,A,3,-1
32,1,0,advice,everyday,2,A,4,-1
32,1,0,advice,everyday,2,A,5,-3
32,1,0,advice,everyday,2,B,1,0
32,1,0,advice,everyday,2,B,2,-1
32,1,0,advice,everyday,2,B,3,-1
32,1,0,advice,everyday,2,B,4,-2
32,1,0,advice,everyday,2,B,5,-2
32,1,0,advice,everyday,2,C,1,0
32,1,0,advice,everyday,2,C,2,-2
32,1,0,advice,everyday,2,C,3,-1
32,1,0,advice,everyday,2,C,4,-1
32,1,0,advice,everyday,2,C,5,0
32,1,0,advice,everyday,2,D,1,1
32,1,0,advice,everyday,2,D,2,-3
32,1,0,advice,everyday,2,D,3,-2
32,1,0,advice,everyday,2,D,4,0
32,1,0,advice,everyday,2,D,5,0
32,1,0,advice,everyday,2,E,1,-1
32,1,0,advice,everyday,2,E,2,0
32,1,0,advice,everyday,2,E,3,-2
32,1,0,advice,everyday,2,E,4,-1
32,1,0,advice,everyday,2,E,5,0
33,1,0,advice,everyday,3,A,1,0
33,1,0,advice,everyday,3,A,2,-2
33,1,0,advice,everyday,3,A,3,-2
33,1,0,advice,everyday,3,A,4,-2
33,1,0,advice,everyday,3,A,5,-2
33,1,0,advice,everyday,3,B,1,-2
33,1,0,advice,everyday,3,B,2,-1
33,1,0,advice,everyday,3,B,3,0
33,1,0,advice,everyday,3,B,4,-1
33,1,0,advice,everyday,3,B,5,0
33,1,0,advice,everyday,3,C,1,-1
33,1,0,advice,everyday,3,C,2,-1
33,1,0,advice,everyday,3,C,3,-1
33,1,0,advice,everyday,3,C,4,-1
33,1,0,advice,everyday,3,C,5,0
33,1,0,advice,everyday,3,D,1,-1
33,1,0,advice,everyday,3,D,2,-1
33,1,0,advice,everyday,3,D,3,-1
33,1,0,advice,everyday,3,D,4,0
33,1,0,advice,everyday,3,D,5,-2
33,1,0,advice,everyday,3,E,1,-1
33,1,0,advice,everyday,3,E,2,-1
33,1,0,advice,everyday,3,E,3,-1
33,1,0,advice,everyday,3,E,4,0
33,1,0,advice,everyday,3,E,5,-1
34,1,0,advice,instrument,1,A,1,0
34,1,0,advice,instrument,1,A,2,-1
34,1,0,advice,instrument,1,A,3,-2
34,1,0,advice,instrument,1,A,4,0
34,1,0,advice,instrument,1,A,5,-1
34,1,0,advice,instrument,1,B,1,-1
34,1,0,advice,instrument,1,B,2,-2
34,1,0,advice,instrument,1,B,3,0
34,1,0,advice,instrument,1,B,4,0
34,1,0,advice,instrument,1,B,5,1
34,1,0,advice,instrument,1,C,1,-1
34,1,0,advice,instrument,1,C,2,-1
34,1,0,advice,instrument,1,C,3,0
34,1,0,advice,instrument,1,C,4,0
34,1,0,advice,instrument,1,C,5,-1
34,1,0,advice,instrument,1,D,1,0
34,1,0,advice,instrument,1,D,2,-3
34,1,0,advice,instrument,1,D,3,-1
34,1,0,advice,instrument,1,D,4,0
34,1,0,advice,instrument,1,D,5,0
34,1,0,advice,instrument,1,E,1,-2
34,1,0,advice,instrument,1,E,2,-2
34,1,0,advice,instrument,1,E,3,-1
34,1,0,advice,instrument,1,E,4,-1
34,1,0,advice,instrument,1,E,5,0
35,1,0,advice,instrument,2,A,1,-1
35,1,0,advice,instrument,2,A,2,-1
35,1,0,advice,instrument,2,A,3,0
35,1,0,advice,instrument,2,A,4,-1
35,1,0,advice,instrument,2,A,5,-1
35,1,0,advice,instrument,2,B,1,-2
35,1,0,advice,instrument,2,B,2,0
35,1,0,advice,instrument,2,B,3,1
35,1,0,advice,instrument,2,B,4,0
35,1,0,advice,instrument,2,B,5,0
35,1,0,advice,instrument,2,C,1,-1
35,1,0,advice,instrument,2,C,2,-1
35,1,0,advice,instrument,2,C,3,0
35,1,0,advice,instrument,2,C,4,0
35,1,0,advice,instrument,2,C,5,0
35,1,0,advice,instrument,2,D,1,0
35,1,0,advice,instrument,2,D,2,-1
35,1,0,advice,instrument,2,D,3,0
35,1,0,advice,instrument,2,D,4,2
35,1,0,advice,instrument,2,D,5,0
35,1,0,advice,instrument,2,E,1,-1
35,1,0,advice,instrument,2,E,2,0
35,1,0,advice,instrument,2,E,3,0
35,1,0,advice,instrument,2,E,4,-1
35,1,0,advice,instrument,2,E,5,0
36,1,0,advice,instrument,3,A,1,0
36,1,0,advice,instrument,3,A,2,-1
36,1,0,advice,instrument,3,A,3,-2
36,1,0,advice,instrument,3,A,4,-1
36,1,0,advice,instrument,3,A,5,-1
36,1,0,advice,instrument,3,B,1,-1
36,1,0,advice,instrument,3,B,2,-1
36,1,0,advice,instrument,3,B,3,0
36,1,0,advice,instrument,3,B,4,-1
36,1,0,advice,instrument,3,B,5,0
36,1,0,advice,instrument,3,C,1,-1
36,1,0,advice,instrument,3,C,2,0
36,1,0,advice,instrument,3,C,3,0
36,1,0,advice,instrument,3,C,4,0
36,1,0,advice,instrument,3,C,5,-1
36,1,0,advice,instrument,3,D,1,-1
36,1,0,advice,instrument,3,D,2,-1
36,1,0,advice,instrument,3,D,3,1
36,1,0,advice,instrument,3,D,4,0
36,1,0,advice,instrument,3,D,5,0
36,1,0,advice,instrument,3,E,1,0
36,1,0,advice,instrument,3,E,2,0
36,1,0,advice,instrument,3,E,3,1
36,1,0,advice,instrument,3,E,4,0
36,1,0,advice,instrument,3,E,5,-1
37,2,0,summary,everyday,1,A,1,0
37,2,0,summary,everyday,1,A,2,0
37,2,0,summary,everyday,1,A,3,0
37,2,0,summary,everyday,1,A,4,-1
37,2,0,summary,everyday,1,A,5,0
37,2,0,summary,everyday,1,B,1,0
37,2,0,summary,everyday,1,B,2,1
37,2,0,summary,everyday,1,B,3,0
37,2,0,summary,everyday,1,B,4,-1
37,2,0,summary,everyday,1,B,5,-1
37,2,0,summary,everyday,1,C,1,0
37,2,0,summary,everyday,1,C,2,1
37,2,0,summary,everyday,1,C,3,0
37,2,0,summary,everyday,1,C,4,-1
37,2,0,summary,everyday,1,C,5,0
37,2,0,summary,everyday,1,D,1,0
37,2,0,summary,everyday,1,D,2,0
37,2,0,summary,everyday,1,D,3,0
37,2,0,summary,everyday,1,D,4,0
37,2,0,summary,everyday,1,D,5,-1
37,2,0,summary,everyday,1,E,1,0
37,2,0,summary,everyday,1,E,2,-2
37,2,0,summary,everyday,1,E,3,-1
37,2,0,summary,everyday,1,E,4,1
37,2,0,summary,everyday,1,E,5,0
38,2,0,summary,everyday,2,A,1,0
38,2,0,summary,everyday,2,A,2,0
38,2,0,summary,everyday,2,A,3,-1
38,2,0,summary,everyday,2,A,4,-1
38,2,0,summary,everyday,2,A,5,0
38,2,0,summary,everyday,2,B,1,0
38,2,0,summary,everyday,2,B,2,-1
38,2,0,summary,everyday,2,B,3,0
38,2,0,summary,everyday,2,B,4,0
38,2,0,summary,everyday,2,B,5,0
38,2,0,summary,everyday,2,C,1,1
38,2,0,summary,everyday,2,C,2,1
38,2,0,summary,everyday,2,C,3,-1
38,2,0,summary,everyday,2,C,4,-2
38,2,0,summary,everyday,2,C,5,1
38,2,0,summary,everyday,2,D,1,1
38,2,0,summary,everyday,2,D,2,0
38,2,0,summary,everyday,2,D,3,0
38,2,0,summary,everyday,2,D,4,0
38,2,0,summary,everyday,2,D,5,-1
38,2,0,summary,everyday,2,E,1,0
38,2,0,summary,everyday,2,E,2,-1
38,2,0,summary,everyday,2,E,3,0
38,2,0,summary,everyday,2,E,4,-1
38,2,0,summary,everyday,2,E,5,-1
39,2,0,summary,everyday,3,A,1,-1
39,2,0,summary,everyday,3,A,2,-1
39,2,0,summary,everyday,3,A,3,-2
39,2,0,summary,everyday,3,A,4,0
39,2,0,summary,everyday,3,A,5,0
39,2,0,summary,everyday,3,B,1,0
39,2,0,summary,everyday,3,B,2,-1
39,2,0,summary,everyday,3,B,3,-1
39,2,0,summary,everyday,3,B,4,0
39,2,0,summary,everyday,3,B,5,-1
39,2,0,summary,everyday,3,C,1,-1
39,2,0,summary,everyday,3,C,2,0
39,2,0,summary,everyday,3,C,3,-2
39,2,0,summary,everyday,3,C,4,0
39,2,0,summary,everyday,3,C,5,-1
39,2,0,summary,everyday,3,D,1,1
39,2,0,summary,everyday,3,D,2,1
39,2,0,summary,everyday,3,D,3,0
39,2,0,summary,everyday,3,D,4,0
39,2,0,summary,everyday,3,D,5,0
39,2,0,summary,everyday,3,E,1,0
39,2,0,summary,everyday,3,E,2,0
39,2,0,summary,everyday,3,E,3,-1
39,2,0,summary,everyday,3,E,4,-2
39,2,0,summary,everyday,3,E,5,0
40,2,0,summary,instrument,1,A,1,1
40,2,0,summary,instrument,1,A,2,0
40,2,0,summary,instrument,1,A,3,-1
40,2,0,summary,instrument,1,A,4,0
40,2,0,summary,instrument,1,A,5,0
40,2,0,summary,instrument,1,B,1,1
40,2,0,summary,instrument,1,B,2,1
40,2,0,summary,instrument,1,B,3,1
40,2,0,summary,instrument,1,B,4,0
40,2,0,summary,instrument,1,B,5,0
40,2,0,summary,instrument,1,C,1,0
40,2,0,summary,instrument,1,C,2,0
40,2,0,summary,instrument,1,C,3,0
40,2,0,summary,instrument,1,C,4,0
40,2,0,summary,instrument,1,C,5,0
40,2,0,summary,instrument,1,D,1,0
40,2,0,summary,instrument,1,D,2,0
40,2,0,summary,instrument,1,D,3,1
40,2,0,summary,instrument,1,D,4,0
40,2,0,summary,instrument,1,D,5,0
40,2,0,summary,instrument,1,E,1,1
40,2,0,summary,instrument,1,E,2,-1
40,2,0,summary,instrument,1,E,3,0
40,2,0,summary,instrument,1,E,4,0
40,2,0,summary,instrument,1,E,5,-2
41,2,0,summary,instrument,2,A,1,0
41,2,0,summary,instrument,2,A,2,0
41,2,0,summary,instrument,2,A,3,0
41,2,0,summary,instrument,2,A,4,0
41,2,0,summary,instrument,2,A,5,0
41,2,0,summary,instrument,2,B,1,0
41,2,0,summary,instrument,2,B,2,0
41,2,0,summary,instrument,2,B,3,0
41,2,0,summary,instrument,2,B,4,0
41,2,0,summary,instrument,2,B,5,1
41,2,0,summary,instrument,2,C,1,0
41,2,0,summary,instrument,2,C,2,0
41,2,0,summary,instrument,2,C,3,-1
41,2,0,summary,instrument,2,C,4,0
41,2,0,summary,instrument,2,C,5,-1
41,2,0,summary,instrument,2,D,1,1
41,2,0,summary,instrument,2,D,2,1
41,2,0,summary,instrument,2,D,3,-2
41,2,0,summary,instrument,2,D,4,1
41,2,0,summary,instrument,2,D,5,1
41,2,0,summary,instrument,2,E,1,0
41,2,0,summary,instrument,2,E,2,0
41,2,0,summary,instrument,2,E,3,0
41,2,0,summary,instrument,2,E,4,1
41,2,0,summary,instrument,2,E,5,0
42,2,0,summary,instrument,3,A,1,-1
42,2,0,summary,instrument,3,A,2,0
42,2,0,summary,instrument,3,A,3,-1
42,2,0,summary,instrument,3,A,4,0
42,2,0,summary,instrument,3,A,5,0
42,2,0,summary,instrument,3,B,1,-1
42,2,0,summary,instrument,3,B,2,-1
42,2,0,summary,instrument,3,B,3,0
42,2,0,summary,instrument,3,B,4,-1
42,2,0,summary,instrument,3,B,5,-2
42,2,0,summary,instrument,3,C,1,0
42,2,0,summary,instrument,3,C,2,0
42,2,0,summary,instrument,3,C,3,0
42,2,0,summary,instrument,3,C,4,0
42,2,0,summary,instrument,3,C,5,-1
42,2,0,summary,instrument,3,D,1,1
42,2,0,summary,instrument,3,D,2,0
42,2,0,summary,instrument,3,D,3,1
42,2,0,summary,instrument,3,D,4,-1
42,2,0,summary,instrument,3,D,5,-1
42,2,0,summary,instrument,3,E,1,-1
42,2,0,summary,instrument,3,E,2,0
42,2,0,summary,instrument,3,E,3,-2
42,2,0,summary,instrument,3,E,4,0
42,2,0,summary,instrument,3,E,5,-1
43,2,0,explanation,everyday,1,A,1,-1
43,2,0,explanation,everyday,1,A,2,0
43,2,0,explanation,everyday,1,A,3,1
43,2,0,explanation,everyday,1,A,4,0
43,2,0,explanation,everyday,1,A,5,-2
43,2,0,explanation,everyday,1,B,1,-1
43,2,0,explanation,everyday,1,B,2,1
43,2,0,explanation,everyday,1,B,3,-1
43,2,0,explanation,everyday,1,B,4,0
43,2,0,explanation,everyday,1,B,5,0
43,2,0,explanation,everyday,1,C,1,1
43,2,0,explanation,everyday,1,C,2,-1
43,2,0,explanation,everyday,1,C,3,-1
43,2,0,explanation,everyday,1,C,4,0
43,2,0,explanation,everyday,1,C,5,0
43,2,0,explanation,everyday,1,D,1,-1
43,2,0,explanation,everyday,1,D,2,1
43,2,0,explanation,everyday,1,D,3,0
43,2,0,explanation,everyday,1,D,4,0
43,2,0,explanation,everyday,1,D,5,-1
43,2,0,explanation,everyday,1,E,1,-1
43,2,0,explanation,everyday,1,E,2,-1
43,2,0,explanation,everyday,1,E,3,0
43,2,0,explanation,everyday,1,E,4,1
43,2,0,explanation,everyday,1,E,5,0
44,2,0,explanation,everyday,2,A,1,-2
44,2,0,explanation,everyday,2,A,2,2
44,2,0,explanation,everyday,2,A,3,0
44,2,0,explanation,everyday,2,A,4,-1
44,2,0,explanation,everyday,2,A,5,0
44,2,0,explanation,everyday,2,B,1,-1
44,2,0,explanation,everyday,2,B,2,0
44,2,0,explanation,everyday,2,B,3,-1
44,2,0,explanation,everyday,2,B,4,1
44,2,0,explanation,everyday,2,B,5,0
44,2,0,explanation,everyday,2,C,1,-1
44,2,0,explanation,everyday,2,C,2,1
44,2,0,explanation,everyday,2,C,3,0
44,2,0,explanation,everyday,2,C,4,0
44,2,0,explanation,everyday,2,C,5,-1
44,2,0,explanation,everyday,2,D,1,0
44,2,0,explanation,everyday,2,D,2,0
44,2,0,explanation,everyday,2,D,3,0
44,2,0,explanation,everyday,2,D,4,-1
44,2,0,explanation,everyday,2,D,5,0
44,2,0,explanation,everyday,2,E,1,0
44,2,0,explanation,everyday,2,E,2,0
44,2,0,explanation,everyday,2,E,3,-1
44,2,0,explanation,everyday,2,E,4,0
44,2,0,explanation,everyday,2,E,5,0
45,2,0,explanation,everyday,3,A,1,-1
45,2,0,explanation,everyday,3,A,2,-1
45,2,0,explanation,everyday,3,A,3,-1
45,2,0,explanation,everyday,3,A,4,-2
45,2,0,explanation,everyday,3,A,5,-2
45,2,0,explanation,everyday,3,B,1,-1
45,2,0,explanation,everyday,3,B,2,-1
45,2,0,explanation,everyday,3,B,3,-1
45,2,0,explanation,everyday,3,B,4,-1
45,2,0,explanation,everyday,3,B,5,0
45,2,0,explanation,everyday,3,C,1,-2
45,2,0,explanation,everyday,3,C,2,2
45,2,0,explanation,everyday,3,C,3,1
45,2,0,explanation,everyday,3,C,4,2
45,2,0,explanation,everyday,3,C,5,-1
45,2,0,explanation,everyday,3,D,1,0
45,2,0,explanation,everyday,3,D,2,0
45,2,0,explanation,everyday,3,D,3,0
45,2,0,explanation,everyday,3,D,4,0
45,2,0,explanation,everyday,3,D,5,0
45,2,0,explanation,everyday,3,E,1,0
45,2,0,explanation,everyday,3,E,2,0
45,2,0,explanation,everyday,3,E,3,0
45,2,0,explanation,everyday,3,E,4,0
45,2,0,explanation,everyday,3,E,5,0
46,2,0,explanation,instrument,1,A,1,0
46,2,0,explanation,instrument,1,A,2,-1
46,2,0,explanation,instrument,1,A,3,-1
46,2,0,explanation,instrument,1,A,4,0
46,2,0,explanation,instrument,1,A,5,0
46,2,0,explanation,instrument,1,B,1,-2
46,2,0,explanation,instrument,1,B,2,-2
46,2,0,explanation,instrument,1,B,3,-1
46,2,0,explanation,instrument,1,B,4,0
46,2,0,explanation,instrument,1,B,5,0
46,2,0,explanation,instrument,1,C,1,0
46,2,0,explanation,instrument,1,C,2,1
46,2,0,explanation,instrument,1,C,3,-2
46,2,0,explanation,instrument,1,C,4,-2
46,2,0,explanation,instrument,1,C,5,0
46,2,0,explanation,instrument,1,D,1,0
46,2,0,explanation,instrument,1,D,2,0
46,2,0,explanation,instrument,1,D,3,0
46,2,0,explanation,instrument,1,D,4,2
46,2,0,explanation,instrument,1,D,5,0
46,2,0,explanation,instrument,1,E,1,0
46,2,0,explanation,instrument,1,E,2,-1
46,2,0,explanation,instrument,1,E,3,-1
46,2,0,explanation,instrument,1,E,4,0
46,2,0,explanation,instrument,1,E,5,2
47,2,0,explanation,instrument,2,A,1,0
47,2,0,explanation,instrument,2,A,2,0
47,2,0,explanation,instrument,2,A,3,-1
47,2,0,explanation,instrument,2,A,4,0
47,2,0,explanation,instrument,2,A,5,0
47,2,0,explanation,instrument,2,B,1,0
47,2,0,explanation,instrument,2,B,2,-2
47,2,0,explanation,instrument,2,B,3,0
47,2,0,explanation,instrument,2,B,4,1
47,2,0,explanation,instrument,2,B,5,0
47,2,0,explanation,instrument,2,C,1,0
47,2,0,explanation,instrument,2,C,2,-1
47,2,0,explanation,instrument,2,C,3,0
47,2,0,explanation,instrument,2,C,4,-1
47,2,0,explanation,instrument,2,C,5,-1
47,2,0,explanation,instrument,2,D,1,1
47,2,0,explanation,instrument,2,D,2,0
47,2,0,explanation,instrument,2,D,3,0
47,2,0,explanation,instrument,2,D,4,-1
47,2,0,explanation,instrument,2,D,5,0
47,2,0,explanation,instrument,2,E,1,0
47,2,0,explanation,instrument,2,E,2,1
47,2,0,explanation,instrument,2,E,3,0
47,2,0,explanation,instrument,2,E,4,0
47,2,0,explanation,instrument,2,E,5,0
48,2,0,explanation,instrument,3,A,1,0
48,2,0,explanation,instrument,3,A,2,1
48,2,0,explanation,instrument,3,A,3,0
48,2,0,explanation,instrument,3,A,4,-1
48,2,0,explanation,instrument,3,A,5,0
48,2,0,explanation,instrument,3,B,1,-1
48,2,0,explanation,instrument,3,B,2,-2
48,2,0,explanation,instrument,3,B,3,1
48,2,0,explanation,instrument,3,B,4,0
48,2,0,explanation,instrument,3,B,5,-1
48,2,0,explanation,instrument,3,C,1,0
48,2,0,explanation,instrument,3,C,2,0
48,2,0,explanation,instrument,3,C,3,-1
48,2,0,explanation,instrument,3,C,4,1
48,2,0,explanation,instrument,3,C,5,0
48,2,0,explanation,instrument,3,D,1,1
48,2,0,explanation,instrument,3,D,2,0
48,2,0,explanation,instrument,3,D,3,0
48,2,0,explanation,instrument,3,D,4,-1
48,2,0,explanation,instrument,3,D,5,0
48,2,0,explanation,instrument,3,E,1,-1
48,2,0,explanation,instrument,3,E,2,-1
48,2,0,explanation,instrument,3,E,3,-1
48,2,0,explanation,instrument,3,E,4,2
48,2,0,explanation,instrument,3,E,5,0
49,2,0,fairness,everyday,1,A,1,-1
49,2,0,fairness,everyday,1,A,2,-1
49,2,0,fairness,everyday,1,A,3,0
49,2,0,fairness,everyday,1,A,4,-1
49,2,0,fairness,everyday,1,A,5,-2
49,2,0,fairness,everyday,1,B,1,-1
49,2,0,fairness,everyday,1,B,2,0
49,2,0,fairness,everyday,1,B,3,-1
49,2,0,fairness,everyday,1,B,4,-1
49,2,0,fairness,everyday,1,B,5,-1
49,2,0,fairness,everyday,1,C,1,-1
49,2,0,fairness,everyday,1,C,2,0
49,2,0,fairness,everyday,1,C,3,-2
49,2,0,fairness,everyday,1,C,4,0
49,2,0,fairness,everyday,1,C,5,-1
49,2,0,fairness,everyday,1,D,1,0
49,2,0,fairness,everyday,1,D,2,1
49,2,0,fairness,everyday,1,D,3,1
49,2,0,fairness,everyday,1,D,4,-1
49,2,0,fairness,everyday,1,D,5,1
49,2,0,fairness,everyday,1,E,1,0
49,2,0,fairness,everyday,1,E,2,-1
49,2,0,fairness,everyday,1,E,3,-1
49,2,0,fairness,everyday,1,E,4,-1
49,2,0,fairness,everyday,1,E,5,0
50,2,0,fairness,everyday,2,A,1,-1
50,2,0,fairness,everyday,2,A,2,-2
50,2,0,fairness,everyday,2,A,3,-1
50,2,0,fairness,everyday,2,A,4,-1
50,2,0,fairness,everyday,2,A,5,-3
50,2,0,fairness,everyday,2,B,1,0
50,2,0,fairness,everyday,2,B,2,1
50,2,0,fairness,everyday,2,B,3,-2
50,2,0,fairness,everyday,2,B,4,1
50,2,0,fairness,everyday,2,B,5,0
50,2,0,fairness,everyday,2,C,1,0
50,2,0,fairness,everyday,2,C,2,0
50,2,0,fairness,everyday,2,C,3,1
50,2,0,fairness,everyday,2,C,4,-1
50,2,0,fairness,everyday,2,C,5,0
50,2,0,fairness,everyday,2,D,1,0
50,2,0,fairness,everyday,2,D,2,0
50,2,0,fairness,everyday,2,D,3,2
50,2,0,fairness,everyday,2,D,4,1
50,2,0,fairness,everyday,2,D,5,-1
50,2,0,fairness,everyday,2,E,1,0
50,2,0,fairness,everyday,2,E,2,1
50,2,0,fairness,everyday,2,E,3,0
50,2,0,fairness,everyday,2,E,4,-1
50,2,0,fairness,everyday,2,E,5,-1
51,2,0,fairness,everyday,3,A,1,-1
51,2,0,fairness,everyday,3,A,2,-1
51,2,0,fairness,everyday,3,A,3,0
51,2,0,fairness,everyday,3,A,4,-2
51,2,0,fairness,everyday,3,A,5,-2
51,2,0,fairness,everyday,3,B,1,-1
51,2,0,fairness,everyday,3,B,2,0
51,2,0,fairness,everyday,3,B,3,-2
51,2,0,fairness,everyday,3,B,4,-1
51,2,0,fairness,everyday,3,B,5,1
51,2,0,fairness,everyday,3,C,1,-1
51,2,0,fairness,everyday,3,C,2,-1
51,2,0,fairness,everyday,3,C,3,0
51,2,0,fairness,everyday,3,C,4,-1
51,2,0,fairness,everyday,3,C,5,-1
51,2,0,fairness,everyday,3,D,1,0
51,2,0,fairness,everyday,3,D,2,1
51,2,0,fairness,everyday,3,D,3,1
51,2,0,fairness,everyday,3,D,4,1
51,2,0,fairness,everyday,3,D,5,1
51,2,0,fairness,everyday,3,E,1,-1
51,2,0,fairness,everyday,3,E,2,0
51,2,0,fairness,everyday,3,E,3,-1
51,2,0,fairness,everyday,3,E,4,-1
51,2,0,fairness,everyday,3,E,5,-1
52,2,0,fairness,instrument,1,A,1,-1
52,2,0,fairness,instrument,1,A,2,0
52,2,0,fairness,instrument,1,A,3,-1
52,2,0,fairness,instrument,1,A,4,-1
52,2,0,fairness,instrument,1,A,5,0
52,2,0,fairness,instrument,1,B,1,-2
52,2,0,fairness,instrument,1,B,2,-1
52,2,0,fairness,instrument,1,B,3,-1
52,2,0,fairness,instrument,1,B,4,-1
52,2,0,fairness,instrument,1,B,5,-1
52,2,0,fairness,instrument,1,C,1,0
52,2,0,fairness,instrument,1,C,2,-1
52,2,0,fairness,instrument,1,C,3,-1
52,2,0,fairness,instrument,1,C,4,0
52,2,0,fairness,instrument,1,C,5,0
52,2,0,fairness,instrument,1,D,1,-1
52,2,0,fairness,instrument,1,D,2,-2
52,2,0,fairness,instrument,1,D,3,0
52,2,0,fairness,instrument,1,D,4,0
52,2,0,fairness,instrument,1,D,5,0
52,2,0,fairness,instrument,1,E,1,0
52,2,0,fairness,instrument,1,E,2,0
52,2,0,fairness,instrument,1,E,3,1
52,2,0,fairness,instrument,1,E,4,0
52,2,0,fairness,instrument,1,E,5,1
53,2,0,fairness,instrument,2,A,1,-2
53,2,0,fairness,instrument,2,A,2,-1
53,2,0,fairness,instrument,2,A,3,-2
53,2,0,fairness,instrument,2,A,4,-1
53,2,0,fairness,instrument,2,A,5,0
53,2,0,fairness,instrument,2,B,1,-1
53,2,0,fairness,instrument,2,B,2,-1
53,2,0,fairness,instrument,2,B,3,1
53,2,0,fairness,instrument,2,B,4,1
53,2,0,fairness,instrument,2,B,5,-2
53,2,0,fairness,instrument,2,C,1,1
53,2,0,fairness,instrument,2,C,2,-1
53,2,0,fairness,instrument,2,C,3,0
53,2,0,fairness,instrument,2,C,4,-1
53,2,0,fairness,instrument,2,C,5,0
53,2,0,fairness,instrument,2,D,1,0
53,2,0,fairness,instrument,2,D,2,0
53,2,0,fairness,instrument,2,D,3,1
53,2,0,fairness,instrument,2,D,4,2
53,2,0,fairness,instrument,2,D,5,0
53,2,0,fairness,instrument,2,E,1,0
53,2,0,fairness,instrument,2,E,2,-1
53,2,0,fairness,instrument,2,E,3,1
53,2,0,fairness,instrument,2,E,4,1
53,2,0,fairness,instrument,2,E,5,0
54,2,0,fairness,instrument,3,A,1,1
54,2,0,fairness,instrument,3,A,2,-1
54,2,0,fairness,instrument,3,A,3,-1
54,2,0,fairness,instrument,3,A,4,-1
54,2,0,fairness,instrument,3,A,5,1
54,2,0,fairness,instrument,3,B,1,-1
54,2,0,fairness,instrument,3,B,2,-1
54,2,0,fairness,instrument,3,B,3,2
54,2,0,fairness,instrument,3,B,4,1
54,2,0,fairness,instrument,3,B,5,0
54,2,0,fairness,instrument,3,C,1,-1
54,2,0,fairness,instrument,3,C,2,1
54,2,0,fairness,instrument,3,C,3,0
54,2,0,fairness,instrument,3,C,4,1
54,2,0,fairness,instrument,3,C,5,-2
54,2,0,fairness,instrument,3,D,1,0
54,2,0,fairness,instrument,3,D,2,0
54,2,0,fairness,instrument,3,D,3,1
54,2,0,fairness,instrument,3,D,4,1
54,2,0,fairness,instrument,3,D,5,0
54,2,0,fairness,instrument,3,E,1,1
54,2,0,fairness,instrument,3,E,2,1
54,2,0,fairness,instrument,3,E,3,0
54,2,0,fairness,instrument,3,E,4,0
54,2,0,fairness,instrument,3,E,5,1
55,2,0,prediction,everyday,1,A,1,1
55,2,0,prediction,everyday,1,A,2,0
55,2,0,prediction,everyday,1,A,3,-1
55,2,0,prediction,everyday,1,A,4,0
55,2,0,prediction,everyday,1,A,5,-1
55,2,0,prediction,everyday,1,B,1,0
55,2,0,prediction,everyday,1,B,2,0
55,2,0,prediction,everyday,1,B,3,-1
55,2,0,prediction,everyday,1,B,4,0
55,2,0,prediction,everyday,1,B,5,-1
55,2,0,prediction,everyday,1,C,1,-2
55,2,0,prediction,everyday,1,C,2,-1
55,2,0,prediction,everyday,1,C,3,0
55,2,0,prediction,everyday,1,C,4,-1
55,2,0,prediction,everyday,1,C,5,-1
55,2,0,prediction,everyday,1,D,1,-1
55,2,0,prediction,everyday,1,D,2,0
55,2,0,prediction,everyday,1,D,3,0
55,2,0,prediction,everyday,1,D,4,2
55,2,0,prediction,everyday,1,D,5,0
55,2,0,prediction,everyday,1,E,1,0
55,2,0,prediction,everyday,1,E,2,0
55,2,0,prediction,everyday,1,E,3,-1
55,2,0,prediction,everyday,1,E,4,0
55,2,0,prediction,everyday,1,E,5,0
56,2,0,prediction,everyday,2,A,1,1
56,2,0,prediction,everyday,2,A,2,1
56,2,0,prediction,everyday,2,A,3,0
56,2,0,prediction,everyday,2,A,4,0
56,2,0,prediction,everyday,2,A,5,0
56,2,0,prediction,everyday,2,B,1,0
56,2,0,prediction,everyday,2,B,2,0
56,2,0,prediction,everyday,2,B,3,-1
56,2,0,prediction,everyday,2,B,4,0
56,2,0,prediction,everyday,2,B,5,-1
56,2,0,prediction,everyday,2,C,1,1
56,2,0,prediction,everyday,2,C,2,1
56,2,0,prediction,everyday,2,C,3,0
56,2,0,prediction,everyday,2,C,4,0
56,2,0,prediction,everyday,2,C,5,0
56,2,0,prediction,everyday,2,D,1,0
56,2,0,prediction,everyday,2,D,2,0
56,2,0,prediction,everyday,2,D,3,0
56,2,0,prediction,everyday,2,D,4,0
56,2,0,prediction,everyday,2,D,5,0
56,2,0,prediction,everyday,2,E,1,-1
56,2,0,prediction,everyday,2,E,2,1
56,2,0,prediction,everyday,2,E,3,-1
56,2,0,prediction,everyday,2,E,4,2
56,2,0,prediction,everyday,2,E,5,0
57,2,0,prediction,everyday,3,A,1,-1
57,2,0,prediction,everyday,3,A,2,1
57,2,0,prediction,everyday,3,A,3,-1
57,2,0,prediction,everyday,3,A,4,-1
57,2,0,prediction,everyday,3,A,5,0
57,2,0,prediction,everyday,3,B,1,-1
57,2,0,prediction,everyday,3,B,2,1
57,2,0,prediction,everyday,3,B,3,-1
57,2,0,prediction,everyday,3,B,4,-1
57,2,0,prediction,everyday,3,B,5,1
57,2,0,prediction,everyday,3,C,1,0
57,2,0,prediction,everyday,3,C,2,-1
57,2,0,prediction,everyday,3,C,3,0
57,2,0,prediction,everyday,3,C,4,0
57,2,0,prediction,everyday,3,C,5,-1
57,2,0,prediction,everyday,3,D,1,0
57,2,0,prediction,everyday,3,D,2,2
57,2,0,prediction,everyday,3,D,3,0
57,2,0,prediction,everyday,3,D,4,1
57,2,0,prediction,everyday,3,D,5,0
57,2,0,prediction,everyday,3,E,1,-1
57,2,0,prediction,everyday,3,E,2,-1
57,2,0,prediction,everyday,3,E,3,0
57,2,0,prediction,everyday,3,E,4,1
57,2,0,prediction,everyday,3,E,5,0
58,2,0,prediction,instrument,1,A,1,0
58,2,0,prediction,instrument,1,A,2,-1
58,2,0,prediction,instrument,1,A,3,0
58,2,0,prediction,instrument,1,A,4,1
58,2,0,prediction,instrument,1,A,5,-1
58,2,0,prediction,instrument,1,B,1,-1
58,2,0,prediction,instrument,1,B,2,-1
58,2,0,prediction,instrument,1,B,3,-1
58,2,0,prediction,instrument,1,B,4,-1
58,2,0,prediction,instrument,1,B,5,0
58,2,0,prediction,instrument,1,C,1,0
58,2,0,prediction,instrument,1,C,2,0
58,2,0,prediction,instrument,1,C,3,-1
58,2,0,prediction,instrument,1,C,4,-1
58,2,0,prediction,instrument,1,C,5,1
58,2,0,prediction,instrument,1,D,1,0
58,2,0,prediction,instrument,1,D,2,0
58,2,0,prediction,instrument,1,D,3,0
58,2,0,prediction,instrument,1,D,4,-1
58,2,0,prediction,instrument,1,D,5,0
58,2,0,prediction,instrument,1,E,1,-2
58,2,0,prediction,instrument,1,E,2,0
58,2,0,prediction,instrument,1,E,3,1
58,2,0,prediction,instrument,1,E,4,1
58,2,0,prediction,instrument,1,E,5,0
59,2,0,prediction,instrument,2,A,1,0
59,2,0,prediction,instrument,2,A,2,1
59,2,0,prediction,instrument,2,A,3,-1
59,2,0,prediction,instrument,2,A,4,0
59,2,0,prediction,instrument,2,A,5,0
59,2,0,prediction,instrument,2,B,1,0
59,2,0,prediction,instrument,2,B,2,-1
59,2,0,prediction,instrument,2,B,3,0
59,2,0,prediction,instrument,2,B,4,-2
59,2,0,prediction,instrument,2,B,5,-2
59,2,0,prediction,instrument,2,C,1,-1
59,2,0,prediction,instrument,2,C,2,-1
59,2,0,prediction,instrument,2,C,3,0
59,2,0,prediction,instrument,2,C,4,-1
59,2,0,prediction,instrument,2,C,5,0
59,2,0,prediction,instrument,2,D,1,-2
59,2,0,prediction,instrument,2,D,2,0
59,2,0,prediction,instrument,2,D,3,1
59,2,0,prediction,instrument,2,D,4,0
59,2,0,prediction,instrument,2,D,5,0
59,2,0,prediction,instrument,2,E,1,0
59,2,0,prediction,instrument,2,E,2,-1
59,2,0,prediction,instrument,2,E,3,0
59,2,0,prediction,instrument,2,E,4,-1
59,2,0,prediction,instrument,2,E,5,-1
60,2,0,prediction,instrument,3,A,1,0
60,2,0,prediction,instrument,3,A,2,0
60,2,0,prediction,instrument,3,A,3,-1
60,2,0,prediction,instrument,3,A,4,1
60,2,0,prediction,instrument,3,A,5,-1
60,2,0,prediction,instrument,3,B,1,1
60,2,0,prediction,instrument,3,B,2,0
60,2,0,prediction,instrument,3,B,3,0
60,2,0,prediction,instrument,3,B,4,0
60,2,0,prediction,instrument,3,B,5,0
60,2,0,prediction,instrument,3,C,1,0
60,2,0,prediction,instrument,3,C,2,-1
60,2,0,prediction,instrument,3,C,3,-1
60,2,0,prediction,instrument,3,C,4,-1
60,2,0,prediction,instrument,3,C,5,0
60,2,0,prediction,instrument,3,D,1,0
60,2,0,prediction,instrument,3,D,2,0
60,2,0,prediction,instrument,3,D,3,-1
60,2,0,prediction,instrument,3,D,4,-1
60,2,0,prediction,instrument,3,D,5,-1
60,2,0,prediction,instrument,3,E,1,0
60,2,0,prediction,instrument,3,E,2,-1
60,2,0,prediction,instrument,3,E,3,1
60,2,0,prediction,instrument,3,E,4,0
60,2,0,prediction,instrument,3,E,5,1
61,2,0,opinion,everyday,1,A,1,-2
61,2,0,opinion,everyday,1,A,2,1
61,2,0,opinion,everyday,1,A,3,-1
61,2,0,opinion,everyday,1,A,4,0
61,2,0,opinion,everyday,1,A,5,0
61,2,0,opinion,everyday,1,B,1,-2
61,2,0,opinion,everyday,1,B,2,-1
61,2,0,opinion,everyday,1,B,3,-2
61,2,0,opinion,everyday,1,B,4,-1
61,2,0,opinion,everyday,1,B,5,-1
61,2,0,opinion,everyday,1,C,1,-1
61,2,0,opinion,everyday,1,C,2,0
61,2,0,opinion,everyday,1,C,3,-2
61,2,0,opinion,everyday,1,C,4,-1
61,2,0,opinion,everyday,1,C,5,0
61,2,0,opinion,everyday,1,D,1,1
61,2,0,opinion,everyday,1,D,2,1
61,2,0,opinion,everyday,1,D,3,2
61,2,0,opinion,everyday,1,D,4,-1
61,2,0,opinion,everyday,1,D,5,-1
61,2,0,opinion,everyday,1,E,1,-1
61,2,0,opinion,everyday,1,E,2,1
61,2,0,opinion,everyday,1,E,3,1
61,2,0,opinion,everyday,1,E,4,0
61,2,0,opinion,everyday,1,E,5,-1
62,2,0,opinion,everyday,2,A,1,0
62,2,0,opinion,everyday,2,A,2,0
62,2,0,opinion,everyday,2,A,3,-2
62,2,0,opinion,everyday,2,A,4,0
62,2,0,opinion,everyday,2,A,5,0
62,2,0,opinion,everyday,2,B,1,1
62,2,0,opinion,everyday,2,B,2,-1
62,2,0,opinion,everyday,2,B,3,0
62,2,0,opinion,everyday,2,B,4,-1
62,2,0,opinion,everyday,2,B,5,-1
62,2,0,opinion,everyday,2,C,1,0
62,2,0,opinion,everyday,2,C,2,-1
62,2,0,opinion,everyday,2,C,3,0
62,2,0,opinion,everyday,2,C,4,-1
62,2,0,opinion,everyday,2,C,5,1
62,2,0,opinion,everyday,2,D,1,-1
62,2,0,opinion,everyday,2,D,2,1
62,2,0,opinion,everyday,2,D,3,0
62,2,0,opinion,everyday,2,D,4,1
62,2,0,opinion,everyday,2,D,5,-1
62,2,0,opinion,everyday,2,E,1,0
62,2,0,opinion,everyday,2,E,2,-1
62,2,0,opinion,everyday,2,E,3,-1
62,2,0,opinion,everyday,2,E,4,1
62,2,0,opinion,everyday,2,E,5,0
63,2,0,opinion,everyday,3,A,1,0
63,2,0,opinion,everyday,3,A,2,-1
63,2,0,opinion,everyday,3,A,3,1
63,2,0,opinion,everyday,3,A,4,-1
63,2,0,opinion,everyday,3,A,5,-1
63,2,0,opinion,everyday,3,B,1,-2
63,2,0,opinion,everyday,3,B,2,-1
63,2,0,opinion,everyday,3,B,3,-1
63,2,0,opinion,everyday,3,B,4,-1
63,2,0,opinion,everyday,3,B,5,-1
63,2,0,opinion,everyday,3,C,1,0
63,2,0,opinion,everyday,3,C,2,-2
63,2,0,opinion,everyday,3,C,3,0
63,2,0,opinion,everyday,3,C,4,0
63,2,0,opinion,everyday,3,C,5,0
63,2,0,opinion,everyday,3,D,1,1
63,2,0,opinion,everyday,3,D,2,-2
63,2,0,opinion,everyday,3,D,3,0
63,2,0,opinion,everyday,3,D,4,0
63,2,0,opinion,everyday,3,D,5,1
63,2,0,opinion,everyday,3,E,1,-1
63,2,0,opinion,everyday,3,E,2,-1
63,2,0,opinion,everyday,3,E,3,0
63,2,0,opinion,everyday,3,E,4,-1
63,2,0,opinion,everyday,3,E,5,0
64,2,0,opinion,instrument,1,A,1,1
64,2,0,opinion,instrument,1,A,2,-1
64,2,0,opinion,instrument,1,A,3,-1
64,2,0,opinion,instrument,1,A,4,-1
64,2,0,opinion,instrument,1,A,5,-1
64,2,0,opinion,instrument,1,B,1,0
64,2,0,opinion,instrument,1,B,2,1
64,2,0,opinion,instrument,1,B,3,-1
64,2,0,opinion,instrument,1,B,4,0
64,2,0,opinion,instrument,1,B,5,0
64,2,0,opinion,instrument,1,C,1,-1
64,2,0,opinion,instrument,1,C,2,-1
64,2,0,opinion,instrument,1,C,3,0
64,2,0,opinion,instrument,1,C,4,-2
64,2,0,opinion,instrument,1,C,5,0
64,2,0,opinion,instrument,1,D,1,0
64,2,0,opinion,instrument,1,D,2,-1
64,2,0,opinion,instrument,1,D,3,1
64,2,0,opinion,instrument,1,D,4,-1
64,2,0,opinion,instrument,1,D,5,0
64,2,0,opinion,instrument,1,E,1,0
64,2,0,opinion,instrument,1,E,2,-2
64,2,0,opinion,instrument,1,E,3,1
64,2,0,opinion,instrument,1,E,4,0
64,2,0,opinion,instrument,1,E,5,-1
65,2,0,opinion,instrument,2,A,1,0
65,2,0,opinion,instrument,2,A,2,0
65,2,0,opinion,instrument,2,A,3,0
65,2,0,opinion,instrument,2,A,4,0
65,2,0,opinion,instrument,2,A,5,0
65,2,0,opinion,instrument,2,B,1,0
65,2,0,opinion,instrument,2,B,2,-1
65,2,0,opinion,instrument,2,B,3,0
65,2,0,opinion,instrument,2,B,4,0
65,2,0,opinion,instrument,2,B,5,1
65,2,0,opinion,instrument,2,C,1,0
65,2,0,opinion,instrument,2,C,2,-1
65,2,0,opinion,instrument,2,C,3,0
65,2,0,opinion,instrument,2,C,4,0
65,2,0,opinion,instrument,2,C,5,-1
65,2,0,opinion,instrument,2,D,1,0
65,2,0,opinion,instrument,2,D,2,-1
65,2,0,opinion,instrument,2,D,3,0
65,2,0,opinion,instrument,2,D,4,1
65,2,0,opinion,instrument,2,D,5,-1
65,2,0,opinion,instrument,2,E,1,0
65,2,0,opinion,instrument,2,E,2,1
65,2,0,opinion,instrument,2,E,3,-1
65,2,0,opinion,instrument,2,E,4,1
65,2,0,opinion,instrument,2,E,5,0
66,2,0,opinion,instrument,3,A,1,-1
66,2,0,opinion,instrument,3,A,2,-2
66,2,0,opinion,instrument,3,A,3,-2
66,2,0,opinion,instrument,3,A,4,-1
66,2,0,opinion,instrument,3,A,5,0
66,2,0,opinion,instrument,3,B,1,-1
66,2,0,opinion,instrument,3,B,2,-2
66,2,0,opinion,instrument,3,B,3,0
66,2,0,opinion,instrument,3,B,4,-1
66,2,0,opinion,instrument,3,B,5,0
66,2,0,opinion,instrument,3,C,1,0
66,2,0,opinion,instrument,3,C,2,-1
66,2,0,opinion,instrument,3,C,3,0
66,2,0,opinion,instrument,3,C,4,-1
66,2,0,opinion,instrument,3,C,5,-1
66,2,0,opinion,instrument,3,D,1,0
66,2,0,opinion,instrument,3,D,2,1
66,2,0,opinion,instrument,3,D,3,-2
66,2,0,opinion,instrument,3,D,4,0
66,2,0,opinion,instrument,3,D,5,-1
66,2,0,opinion,instrument,3,E,1,1
66,2,0,opinion,instrument,3,E,2,0
66,2,0,opinion,instrument,3,E,3,0
66,2,0,opinion,instrument,3,E,4,-1
66,2,0,opinion,instrument,3,E,5,-1
67,2,0,advice,everyday,1,A,1,0
67,2,0,advice,everyday,1,A,2,-1
67,2,0,advice,everyday,1,A,3,-1
67,2,0,advice,everyday,1,A,4,0
67,2,0,advice,everyday,1,A,5,-1
67,2,0,advice,everyday,1,B,1,0
67,2,0,advice,everyday,1,B,2,0
67,2,0,advice,everyday,1,B,3,-1
67,2,0,advice,everyday,1,B,4,1
67,2,0,advice,everyday,1,B,5,-1
67,2,0,advice,everyday,1,C,1,-1
67,2,0,advice,everyday,1,C,2,0
67,2,0,advice,everyday,1,C,3,-1
67,2,0,advice,everyday,1,C,4,1
67,2,0,advice,everyday,1,C,5,-1
67,2,0,advice,everyday,1,D,1,-1
67,2,0,advice,everyday,1,D,2,0
67,2,0,advice,everyday,1,D,3,0
67,2,0,advice,everyday,1,D,4,-1
67,2,0,advice,everyday,1,D,5,0
67,2,0,advice,everyday,1,E,1,0
67,2,0,advice,everyday,1,E,2,0
67,2,0,advice,everyday,1,E,3,0
67,2,0,advice,everyday,1,E,4,-2
67,2,0,advice,everyday,1,E,5,1
68,2,0,advice,everyday,2,A,1,-1
68,2,0,advice,everyday,2,A,2,0
68,2,0,advice,everyday,2,A,3,0
68,2,0,advice,everyday,2,A,4,-1
68,2,0,advice,everyday,2,A,5,0
68,2,0,advice,everyday,2,B,1,-1
68,2,0,advice,everyday,2,B,2,-1
68,2,0,advice,everyday,2,B,3,-1
68,2,0,advice,everyday,2,B,4,-1
68,2,0,advice,everyday,2,B,5,-1
68,2,0,advice,everyday,2,C,1,-1
68,2,0,advice,everyday,2,C,2,0
68,2,0,advice,everyday,2,C,3,-2
68,2,0,advice,everyday,2,C,4,-1
68,2,0,advice,everyday,2,C,5,0
68,2,0,advice,everyday,2,D,1,0
68,2,0,advice,everyday,2,D,2,0
68,2,0,advice,everyday,2,D,3,-1
68,2,0,advice,everyday,2,D,4,0
68,2,0,advice,everyday,2,D,5,-1
68,2,0,advice,everyday,2,E,1,-1
68,2,0,advice,everyday,2,E,2,-3
68,2,0,advice,everyday,2,E,3,-1
68,2,0,advice,everyday,2,E,4,0
68,2,0,advice,everyday,2,E,5,1
69,2,0,advice,everyday,3,A,1,0
69,2,0,advice,everyday,3,A,2,-1
69,2,0,advice,everyday,3,A,3,-1
69,2,0,advice,everyday,3,A,4,0
69,2,0,advice,everyday,3,A,5,-1
69,2,0,advice,everyday,3,B,1,-1
69,2,0,advice,everyday,3,B,2,-1
69,2,0,advice,everyday,3,B,3,-1
69,2,0,advice,everyday,3,B,4,-1
69,2,0,advice,everyday,3,B,5,0
69,2,0,advice,everyday,3,C,1,-1
69,2,0,advice,everyday,3,C,2,0
69,2,0,advice,everyday,3,C,3,2
69,2,0,advice,everyday,3,C,4,0
69,2,0,advice,everyday,3,C,5,1
69,2,0,advice,everyday,3,D,1,0
69,2,0,advice,everyday,3,D,2,-1
69,2,0,advice,everyday,3,D,3,1
69,2,0,advice,everyday,3,D,4,-1
69,2,0,advice,everyday,3,D,5,0
69,2,0,advice,everyday,3,E,1,1
69,2,0,advice,everyday,3,E,2,1
69,2,0,advice,everyday,3,E,3,0
69,2,0,advice,everyday,3,E,4,0
69,2,0,advice,everyday,3,E,5,1
70,2,0,advice,instrument,1,A,1,-2
70,2,0,advice,instrument,1,A,2,-1
70,2,0,advice,instrument,1,A,3,-1
70,2,0,advice,instrument,1,A,4,-1
70,2,0,advice,instrument,1,A,5,0
70,2,0,advice,instrument,1,B,1,-1
70,2,0,advice,instrument,1,B,2,0
70,2,0,advice,instrument,1,B,3,1
70,2,0,advice,instrument,1,B,4,0
70,2,0,advice,instrument,1,B,5,-1
70,2,0,advice,instrument,1,C,1,-1
70,2,0,advice,instrument,1,C,2,-1
70,2,0,advice,instrument,1,C,3,0
70,2,0,advice,instrument,1,C,4,0
70,2,0,advice,instrument,1,C,5,-1
70,2,0,advice,instrument,1,D,1,0
70,2,0,advice,instrument,1,D,2,0
70,2,0,advice,instrument,1,D,3,1
70,2,0,advice,instrument,1,D,4,-2
70,2,0,advice,instrument,1,D,5,-2
70,2,0,advice,instrument,1,E,1,0
70,2,0,advice,instrument,1,E,2,0
70,2,0,advice,instrument,1,E,3,-1
70,2,0,advice,instrument,1,E,4,1
70,2,0,advice,instrument,1,E,5,0
71,2,0,advice,instrument,2,A,1,0
71,2,0,advice,instrument,2,A,2,-2
71,2,0,advice,instrument,2,A,3,-1
71,2,0,advice,instrument,2,A,4,-1
71,2,0,advice,instrument,2,A,5,0
71,2,0,advice,instrument,2,B,1,0
71,2,0,advice,instrument,2,B,2,-2
71,2,0,advice,instrument,2,B,3,1
71,2,0,advice,instrument,2,B,4,0
71,2,0,advice,instrument,2,B,5,0
71,2,0,advice,instrument,2,C,1,1
71,2,0,advice,instrument,2,C,2,0
71,2,0,advice,instrument,2,C,3,0
71,2,0,advice,instrument,2,C,4,-1
71,2,0,advice,instrument,2,C,5,-1
71,2,0,advice,instrument,2,D,1,-1
71,2,0,advice,instrument,2,D,2,0
71,2,0,advice,instrument,2,D,3,0
71,2,0,advice,instrument,2,D,4,2
71,2,0,advice,instrument,2,D,5,0
71,2,0,advice,instrument,2,E,1,0
71,2,0,advice,instrument,2,E,2,0
71,2,0,advice,instrument,2,E,3,0
71,2,0,advice,instrument,2,E,4,1
71,2,0,advice,instrument,2,E,5,0
72,2,0,advice,instrument,3,A,1,0
72,2,0,advice,instrument,3,A,2,-1
72,2,0,advice,instrument,3,A,3,0
72,2,0,advice,instrument,3,A,4,-1
72,2,0,advice,instrument,3,A,5,1
72,2,0,advice,instrument,3,B,1,-1
72,2,0,advice,instrument,3,B,2,0
72,2,0,advice,instrument,3,B,3,0
72,2,0,advice,instrument,3,B,4,-1
72,2,0,advice,instrument,3,B,5,-1
72,2,0,advice,instrument,3,C,1,0
72,2,0,advice,instrument,3,C,2,-1
72,2,0,advice,instrument,3,C,3,-1
72,2,0,advice,instrument,3,C,4,0
72,2,0,advice,instrument,3,C,5,1
72,2,0,advice,instrument,3,D,1,1
72,2,0,advice,instrument,3,D,2,0
72,2,0,advice,instrument,3,D,3,0
72,2,0,advice,instrument,3,D,4,-1
72,2,0,advice,instrument,3,D,5,1
72,2,0,advice,instrument,3,E,1,-1
72,2,0,advice,instrument,3,E,2,0
72,2,0,advice,instrument,3,E,3,0
72,2,0,advice,instrument,3,E,4,1
72,2,0,advice,instrument,3,E,5,0
73,3,0,summary,everyday,1,A,1,0
73,3,0,summary,everyday,1,A,2,0
73,3,0,summary,everyday,1,A,3,0
73,3,0,summary,everyday,1,A,4,2
73,3,0,summary,everyday,1,A,5,0
73,3,0,summary,everyday,1,B,1,0
73,3,0,summary,everyday,1,B,2,1
73,3,0,summary,everyday,1,B,3,0
73,3,0,summary,everyday,1,B,4,0
73,3,0,summary,everyday,1,B,5,-1
73,3,0,summary,everyday,1,C,1,0
73,3,0,summary,everyday,1,C,2,1
73,3,0,summary,everyday,1,C,3,1
73,3,0,summary,everyday,1,C,4,1
73,3,0,summary,everyday,1,C,5,-1
73,3,0,summary,everyday,1,D,1,0
73,3,0,summary,everyday,1,D,2,2
73,3,0,summary,everyday,1,D,3,0
73,3,0,summary,everyday,1,D,4,0
73,3,0,summary,everyday,1,D,5,1
73,3,0,summary,everyday,1,E,1,1
73,3,0,summary,everyday,1,E,2,0
73,3,0,summary,everyday,1,E,3,0
73,3,0,summary,everyday,1,E,4,1
73,3,0,summary,everyday,1,E,5,-1
74,3,0,summary,everyday,2,A,1,0
74,3,0,summary,everyday,2,A,2,0
74,3,0,summary,everyday,2,A,3,0
74,3,0,summary,everyday,2,A,4,1
74,3,0,summary,everyday,2,A,5,1
74,3,0,summary,everyday,2,B,1,0
74,3,0,summary,everyday,2,B,2,1
74,3,0,summary,everyday,2,B,3,0
74,3,0,summary,everyday,2,B,4,1
74,3,0,summary,everyday,2,B,5,0
74,3,0,summary,everyday,2,C,1,0
74,3,0,summary,everyday,2,C,2,1
74,3,0,summary,everyday,2,C,3,0
74,3,0,summary,everyday,2,C,4,0
74,3,0,summary,everyday,2,C,5,-2
74,3,0,summary,everyday,2,D,1,0
74,3,0,summary,everyday,2,D,2,1
74,3,0,summary,everyday,2,D,3,1
74,3,0,summary,everyday,2,D,4,0
74,3,0,summary,everyday,2,D,5,0
74,3,0,summary,everyday,2,E,1,0
74,3,0,summary,everyday,2,E,2,0
74,3,0,summary,everyday,2,E,3,-1
74,3,0,summary,everyday,2,E,4,-1
74,3,0,summary,everyday,2,E,5,0
75,3,0,summary,everyday,3,A,1,1
75,3,0,summary,everyday,3,A,2,-1
75,3,0,summary,everyday,3,A,3,1
75,3,0,summary,everyday,3,A,4,-1
75,3,0,summary,everyday,3,A,5,1
75,3,0,summary,everyday,3,B,1,0
75,3,0,summary,everyday,3,B,2,-1
75,3,0,summary,everyday,3,B,3,-1
75,3,0,summary,everyday,3,B,4,-1
75,3,0,summary,everyday,3,B,5,0
75,3,0,summary,everyday,3,C,1,-2
75,3,0,summary,everyday,3,C,2,-2
75,3,0,summary,everyday,3,C,3,1
75,3,0,summary,everyday,3,C,4,0
75,3,0,summary,everyday,3,C,5,0
75,3,0,summary,everyday,3,D,1,-2
75,3,0,summary,everyday,3,D,2,0
75,3,0,summary,everyday,3,D,3,0
75,3,0,summary,everyday,3,D,4,0
75,3,0,summary,everyday,3,D,5,0
75,3,0,summary,everyday,3,E,1,1
75,3,0,summary,everyday,3,E,2,-1
75,3,0,summary,everyday,3,E,3,0
75,3,0,summary,everyday,3,E,4,0
75,3,0,summary,everyday,3,E,5,-2
76,3,0,summary,instrument,1,A,1,0
76,3,0,summary,instrument,1,A,2,0
76,3,0,summary,instrument,1,A,3,0
76,3,0,summary,instrument,1,A,4,0
76,3,0,summary,instrument,1,A,5,0
76,3,0,summary,instrument,1,B,1,-1
76,3,0,summary,instrument,1,B,2,1
76,3,0,summary,instrument,1,B,3,0
76,3,0,summary,instrument,1,B,4,1
76,3,0,summary,instrument,1,B,5,0
76,3,0,summary,instrument,1,C,1,0
76,3,0,summary,instrument,1,C,2,1
76,3,0,summary,instrument,1,C,3,1
76,3,0,summary,instrument,1,C,4,0
76,3,0,summary,instrument,1,C,5,-1
76,3,0,summary,instrument,1,D,1,0
76,3,0,summary,instrument,1,D,2,0
76,3,0,summary,instrument,1,D,3,-2
76,3,0,summary,instrument,1,D,4,-1
76,3,0,summary,instrument,1,D,5,-1
76,3,0,summary,instrument,1,E,1,1
76,3,0,summary,instrument,1,E,2,0
76,3,0,summary,instrument,1,E,3,0
76,3,0,summary,instrument,1,E,4,0
76,3,0,summary,instrument,1,E,5,1
77,3,0,summary,instrument,2,A,1,1
77,3,0,summary,instrument,2,A,2,0
77,3,0,summary,instrument,2,A,3,0
77,3,0,summary,instrument,2,A,4,-1
77,3,0,summary,instrument,2,A,5,1
77,3,0,summary,instrument,2,B,1,1
77,3,0,summary,instrument,2,B,2,1
77,3,0,summary,instrument,2,B,3,0
77,3,0,summary,instrument,2,B,4,1
77,3,0,summary,instrument,2,B,5,1
77,3,0,summary,instrument,2,C,1,0
77,3,0,summary,instrument,2,C,2,-1
77,3,0,summary,instrument,2,C,3,0
77,3,0,summary,instrument,2,C,4,1
77,3,0,summary,instrument,2,C,5,-1
77,3,0,summary,instrument,2,D,1,-2
77,3,0,summary,instrument,2,D,2,2
77,3,0,summary,instrument,2,D,3,0
77,3,0,summary,instrument,2,D,4,0
77,3,0,summary,instrument,2,D,5,1
77,3,0,summary,instrument,2,E,1,1
77,3,0,summary,instrument,2,E,2,1
77,3,0,summary,instrument,2,E,3,0
77,3,0,summary,instrument,2,E,4,0
77,3,0,summary,instrument,2,E,5,0
78,3,0,summary,instrument,3,A,1,-2
78,3,0,summary,instrument,3,A,2,-1
78,3,0,summary,instrument,3,A,3,-1
78,3,0,summary,instrument,3,A,4,0
78,3,0,summary,instrument,3,A,5,-1
78,3,0,summary,instrument,3,B,1,-2
78,3,0,summary,instrument,3,B,2,0
78,3,0,summary,instrument,3,B,3,2
78,3,0,summary,instrument,3,B,4,0
78,3,0,summary,instrument,3,B,5,-1
78,3,0,summary,instrument,3,C,1,-1
78,3,0,summary,instrument,3,C,2,1
78,3,0,summary,instrument,3,C,3,1
78,3,0,summary,instrument,3,C,4,1
78,3,0,summary,instrument,3,C,5,0
78,3,0,summary,instrument,3,D,1,0
78,3,0,summary,instrument,3,D,2,1
78,3,0,summary,instrument,3,D,3,-2
78,3,0,summary,instrument,3,D,4,1
78,3,0,summary,instrument,3,D,5,2
78,3,0,summary,instrument,3,E,1,0
78,3,0,summary,instrument,3,E,2,-1
78,3,0,summary,instrument,3,E,3,1
78,3,0,summary,instrument,3,E,4,0
78,3,0,summary,instrument,3,E,5,1
79,3,0,explanation,everyday,1,A,1,-1
79,3,0,explanation,everyday,1,A,2,1
79,3,0,explanation,everyday,1,A,3,-1
79,3,0,explanation,everyday,1,A,4,-1
79,3,0,explanation,everyday,1,A,5,-1
79,3,0,explanation,everyday,1,B,1,0
79,3,0,explanation,everyday,1,B,2,1
79,3,0,explanation,everyday,1,B,3,-1
79,3,0,explanation,everyday,1,B,4,0
79,3,0,explanation,everyday,1,B,5,-1
79,3,0,explanation,everyday,1,C,1,-1
79,3,0,explanation,everyday,1,C,2,0
79,3,0,explanation,everyday,1,C,3,-2
79,3,0,explanation,everyday,1,C,4,0
79,3,0,explanation,everyday,1,C,5,0
79,3,0,explanation,everyday,1,D,1,0
79,3,0,explanation,everyday,1,D,2,-1
79,3,0,explanation,everyday,1,D,3,-1
79,3,0,explanation,everyday,1,D,4,-1
79,3,0,explanation,everyday,1,D,5,0
79,3,0,explanation,everyday,1,E,1,0
79,3,0,explanation,everyday,1,E,2,-1
79,3,0,explanation,everyday,1,E,3,0
79,3,0,explanation,everyday,1,E,4,0
79,3,0,explanation,everyday,1,E,5,-2
80,3,0,explanation,everyday,2,A,1,0
80,3,0,explanation,everyday,2,A,2,0
80,3,0,explanation,everyday,2,A,3,0
80,3,0,explanation,everyday,2,A,4,-1
80,3,0,explanation,everyday,2,A,5,0
80,3,0,explanation,everyday,2,B,1,0
80,3,0,explanation,everyday,2,B,2,0
80,3,0,explanation,everyday,2,B,3,-1
80,3,0,explanation,everyday,2,B,4,0
80,3,0,explanation,everyday,2,B,5,0
80,3,0,explanation,everyday,2,C,1,0
80,3,0,explanation,everyday,2,C,2,0
80,3,0,explanation,everyday,2,C,3,0
80,3,0,explanation,everyday,2,C,4,1
80,3,0,explanation,everyday,2,C,5,0
80,3,0,explanation,everyday,2,D,1,0
80,3,0,explanation,everyday,2,D,2,0
80,3,0,explanation,everyday,2,D,3,0
80,3,0,explanation,everyday,2,D,4,1
80,3,0,explanation,everyday,2,D,5,1
80,3,0,explanation,everyday,2,E,1,1
80,3,0,explanation,everyday,2,E,2,-1
80,3,0,explanation,everyday,2,E,3,1
80,3,0,explanation,everyday,2,E,4,0
80,3,0,explanation,everyday,2,E,5,2
81,3,0,explanation,everyday,3,A,1,1
81,3,0,explanation,everyday,3,A,2,1
81,3,0,explanation,everyday,3,A,3,-1
81,3,0,explanation,everyday,3,A,4,1
81,3,0,explanation,everyday,3,A,5,1
81,3,0,explanation,everyday,3,B,1,2
81,3,0,explanation,everyday,3,B,2,0
81,3,0,explanation,everyday,3,B,3,1
81,3,0,explanation,everyday,3,B,4,0
81,3,0,explanation,everyday,3,B,5,0
81,3,0,explanation,everyday,3,C,1,1
81,3,0,explanation,everyday,3,C,2,0
81,3,0,explanation,everyday,3,C,3,-1
81,3,0,explanation,everyday,3,C,4,-1
81,3,0,explanation,everyday,3,C,5,1
81,3,0,explanation,everyday,3,D,1,1
81,3,0,explanation,everyday,3,D,2,1
81,3,0,explanation,everyday,3,D,3,0
81,3,0,explanation,everyday,3,D,4,0
81,3,0,explanation,everyday,3,D,5,0
81,3,0,explanation,everyday,3,E,1,0
81,3,0,explanation,everyday,3,E,2,0
81,3,0,explanation,everyday,3,E,3,0
81,3,0,explanation,everyday,3,E,4,1
81,3,0,explanation,everyday,3,E,5,1
82,3,0,explanation,instrument,1,A,1,1
82,3,0,explanation,instrument,1,A,2,0
82,3,0,explanation,instrument,1,A,3,2
82,3,0,explanation,instrument,1,A,4,1
82,3,0,explanation,instrument,1,A,5,2
82,3,0,explanation,instrument,1,B,1,0
82,3,0,explanation,instrument,1,B,2,3
82,3,0,explanation,instrument,1,B,3,-1
82,3,0,explanation,instrument,1,B,4,0
82,3,0,explanation,instrument,1,B,5,-1
82,3,0,explanation,instrument,1,C,1,1
82,3,0,explanation,instrument,1,C,2,-1
82,3,0,explanation,instrument,1,C,3,0
82,3,0,explanation,instrument,1,C,4,2
82,3,0,explanation,instrument,1,C,5,1
82,3,0,explanation,instrument,1,D,1,0
82,3,0,explanation,instrument,1,D,2,1
82,3,0,explanation,instrument,1,D,3,0
82,3,0,explanation,instrument,1,D,4,1
82,3,0,explanation,instrument,1,D,5,1
82,3,0,explanation,instrument,1,E,1,2
82,3,0,explanation,instrument,1,E,2,0
82,3,0,explanation,instrument,1,E,3,1
82,3,0,explanation,instrument,1,E,4,0
82,3,0,explanation,instrument,1,E,5,0
83,3,0,explanation,instrument,2,A,1,-1
83,3,0,explanation,instrument,2,A,2,1
83,3,0,explanation,instrument,2,A,3,1
83,3,0,explanation,instrument,2,A,4,-1
83,3,0,explanation,instrument,2,A,5,1
83,3,0,explanation,instrument,2,B,1,-1
83,3,0,explanation,instrument,2,B,2,-1
83,3,0,explanation,instrument,2,B,3,0
83,3,0,explanation,instrument,2,B,4,0
83,3,0,explanation,instrument,2,B,5,2
83,3,0,explanation,instrument,2,C,1,0
83,3,0,explanation,instrument,2,C,2,1
83,3,0,explanation,instrument,2,C,3,1
83,3,0,explanation,instrument,2,C,4,1
83,3,0,explanation,instrument,2,C,5,0
83,3,0,explanation,instrument,2,D,1,1
83,3,0,explanation,instrument,2,D,2,1
83,3,0,explanation,instrument,2,D,3,1
83,3,0,explanation,instrument,2,D,4,1
83,3,0,explanation,instrument,2,D,5,1
83,3,0,explanation,instrument,2,E,1,0
83,3,0,explanation,instrument,2,E,2,0
83,3,0,explanation,instrument,2,E,3,0
83,3,0,explanation,instrument,2,E,4,1
83,3,0,explanation,instrument,2,E,5,-1
84,3,0,explanation,instrument,3,A,1,0
84,3,0,explanation,instrument,3,A,2,1
84,3,0,explanation,instrument,3,A,3,-1
84,3,0,explanation,instrument,3,A,4,1
84,3,0,explanation,instrument,3,A,5,-1
84,3,0,explanation,instrument,3,B,1,1
84,3,0,explanation,instrument,3,B,2,0
84,3,0,explanation,instrument,3,B,3,1
84,3,0,explanation,instrument,3,B,4,1
84,3,0,explanation,instrument,3,B,5,0
84,3,0,explanation,instrument,3,C,1,1
84,3,0,explanation,instrument,3,C,2,1
84,3,0,explanation,instrument,3,C,3,0
84,3,0,explanation,instrument,3,C,4,-1
84,3,0,explanation,instrument,3,C,5,0
84,3,0,explanation,instrument,3,D,1,1
84,3,0,explanation,instrument,3,D,2,-1
84,3,0,explanation,instrument,3,D,3,1
84,3,0,explanation,instrument,3,D,4,2
84,3,0,explanation,instrument,3,D,5,-1
84,3,0,explanation,instrument,3,E,1,0
84,3,0,explanation,instrument,3,E,2,-1
84,3,0,explanation,instrument,3,E,3,0
84,3,0,explanation,instrument,3,E,4,0
84,3,0,explanation,instrument,3,E,5,-1
85,3,0,fairness,everyday,1,A,1,-2
85,3,0,fairness,everyday,1,A,2,-1
85,3,0,fairness,everyday,1,A,3,0
85,3,0,fairness,everyday,1,A,4,0
85,3,0,fairness,everyday,1,A,5,-1
85,3,0,fairness,everyday,1,B,1,-1
85,3,0,fairness,everyday,1,B,2,0
85,3,0,fairness,everyday,1,B,3,-1
85,3,0,fairness,everyday,1,B,4,0
85,3,0,fairness,everyday,1,B,5,-1
85,3,0,fairness,everyday,1,C,1,-1
85,3,0,fairness,everyday,1,C,2,1
85,3,0,fairness,everyday,1,C,3,-1
85,3,0,fairness,everyday,1,C,4,0
85,3,0,fairness,everyday,1,C,5,1
85,3,0,fairness,everyday,1,D,1,1
85,3,0,fairness,everyday,1,D,2,1
85,3,0,fairness,everyday,1,D,3,0
85,3,0,fairness,everyday,1,D,4,0
85,3,0,fairness,everyday,1,D,5,-1
85,3,0,fairness,everyday,1,E,1,0
85,3,0,fairness,everyday,1,E,2,0
85,3,0,fairness,everyday,1,E,3,-1
85,3,0,fairness,everyday,1,E,4,0
85,3,0,fairness,everyday,1,E,5,0
86,3,0,fairness,everyday,2,A,1,0
86,3,0,fairness,everyday,2,A,2,0
86,3,0,fairness,everyday,2,A,3,0
86,3,0,fairness,everyday,2,A,4,0
86,3,0,fairness,everyday,2,A,5,0
86,3,0,fairness,everyday,2,B,1,1
86,3,0,fairness,everyday,2,B,2,1
86,3,0,fairness,everyday,2,B,3,0
86,3,0,fairness,everyday,2,B,4,0
86,3,0,fairness,everyday,2,B,5,-1
86,3,0,fairness,everyday,2,C,1,-1
86,3,0,fairness,everyday,2,C,2,0
86,3,0,fairness,everyday,2,C,3,0
86,3,0,fairness,everyday,2,C,4,1
86,3,0,fairness,everyday,2,C,5,1
86,3,0,fairness,everyday,2,D,1,-1
86,3,0,fairness,everyday,2,D,2,0
86,3,0,fairness,everyday,2,D,3,0
86,3,0,fairness,everyday,2,D,4,1
86,3,0,fairness,everyday,2,D,5,-1
86,3,0,fairness,everyday,2,E,1,0
86,3,0,fairness,everyday,2,E,2,1
86,3,0,fairness,everyday,2,E,3,-1
86,3,0,fairness,everyday,2,E,4,0
86,3,0,fairness,everyday,2,E,5,-1
87,3,0,fairness,everyday,3,A,1,1
87,3,0,fairness,everyday,3,A,2,0
87,3,0,fairness,everyday,3,A,3,0
87,3,0,fairness,everyday,3,A,4,-1
87,3,0,fairness,everyday,3,A,5,0
87,3,0,fairness,everyday,3,B,1,-1
87,3,0,fairness,everyday,3,B,2,-1
87,3,0,fairness,everyday,3,B,3,1
87,3,0,fairness,everyday,3,B,4,0
87,3,0,fairness,everyday,3,B,5,-1
87,3,0,fairness,everyday,3,C,1,1
87,3,0,fairness,everyday,3,C,2,0
87,3,0,fairness,everyday,3,C,3,-1
87,3,0,fairness,everyday,3,C,4,-1
87,3,0,fairness,everyday,3,C,5,-1
87,3,0,fairness,everyday,3,D,1,0
87,3,0,fairness,everyday,3,D,2,1
87,3,0,fairness,everyday,3,D,3,2
87,3,0,fairness,everyday,3,D,4,-1
87,3,0,fairness,everyday,3,D,5,0
87,3,0,fairness,everyday,3,E,1,-1
87,3,0,fairness,everyday,3,E,2,1
87,3,0,fairness,everyday,3,E,3,1
87,3,0,fairness,everyday,3,E,4,0
87,3,0,fairness,everyday,3,E,5,-1
88,3,0,fairness,instrument,1,A,1,0
88,3,0,fairness,instrument,1,A,2,0
88,3,0,fairness,instrument,1,A,3,-1
88,3,0,fairness,instrument,1,A,4,0
88,3,0,fairness,instrument,1,A,5,-1
88,3,0,fairness,instrument,1,B,1,0
88,3,0,fairness,instrument,1,B,2,1
88,3,0,fairness,instrument,1,B,3,0
88,3,0,fairness,instrument,1,B,4,0
88,3,0,fairness,instrument,1,B,5,0
88,3,0,fairness,instrument,1,C,1,-1
88,3,0,fairness,instrument,1,C,2,0
88,3,0,fairness,instrument,1,C,3,0
88,3,0,fairness,instrument,1,C,4,0
88,3,0,fairness,instrument,1,C,5,1
88,3,0,fairness,instrument,1,D,1,0
88,3,0,fairness,instrument,1,D,2,0
88,3,0,fairness,instrument,1,D,3,0
88,3,0,fairness,instrument,1,D,4,1
88,3,0,fairness,instrument,1,D,5,0
88,3,0,fairness,instrument,1,E,1,0
88,3,0,fairness,instrument,1,E,2,0
88,3,0,fairness,instrument,1,E,3,-1
88,3,0,fairness,instrument,1,E,4,2
88,3,0,fairness,instrument,1,E,5,2
89,3,0,fairness,instrument,2,A,1,0
89,3,0,fairness,instrument,2,A,2,1
89,3,0,fairness,instrument,2,A,3,-1
89,3,0,fairness,instrument,2,A,4,-1
89,3,0,fairness,instrument,2,A,5,0
89,3,0,fairness,instrument,2,B,1,2
89,3,0,fairness,instrument,2,B,2,0
89,3,0,fairness,instrument,2,B,3,0
89,3,0,fairness,instrument,2,B,4,-1
89,3,0,fairness,instrument,2,B,5,1
89,3,0,fairness,instrument,2,C,1,-1
89,3,0,fairness,instrument,2,C,2,1
89,3,0,fairness,instrument,2,C,3,1
89,3,0,fairness,instrument,2,C,4,1
89,3,0,fairness,instrument,2,C,5,1
89,3,0,fairness,instrument,2,D,1,0
89,3,0,fairness,instrument,2,D,2,2
89,3,0,fairness,instrument,2,D,3,-1
89,3,0,fairness,instrument,2,D,4,1
89,3,0,fairness,instrument,2,D,5,0
89,3,0,fairness,instrument,2,E,1,1
89,3,0,fairness,instrument,2,E,2,2
89,3,0,fairness,instrument,2,E,3,-1
89,3,0,fairness,instrument,2,E,4,2
89,3,0,fairness,instrument,2,E,5,-1
90,3,0,fairness,instrument,3,A,1,-1
90,3,0,fairness,instrument,3,A,2,0
90,3,0,fairness,instrument,3,A,3,-1
90,3,0,fairness,instrument,3,A,4,-1
90,3,0,fairness,instrument,3,A,5,0
90,3,0,fairness,instrument,3,B,1,-1
90,3,0,fairness,instrument,3,B,2,0
90,3,0,fairness,instrument,3,B,3,-1
90,3,0,fairness,instrument,3,B,4,1
90,3,0,fairness,instrument,3,B,5,2
90,3,0,fairness,instrument,3,C,1,1
90,3,0,fairness,instrument,3,C,2,-1
90,3,0,fairness,instrument,3,C,3,1
90,3,0,fairness,instrument,3,C,4,0
90,3,0,fairness,instrument,3,C,5,1
90,3,0,fairness,instrument,3,D,1,1
90,3,0,fairness,instrument,3,D,2,0
90,3,0,fairness,instrument,3,D,3,0
90,3,0,fairness,instrument,3,D,4,-1
90,3,0,fairness,instrument,3,D,5,1
90,3,0,fairness,instrument,3,E,1,0
90,3,0,fairness,instrument,3,E,2,0
90,3,0,fairness,instrument,3,E,3,0
90,3,0,fairness,instrument,3,E,4,0
90,3,0,fairness,instrument,3,E,5,2
91,3,0,prediction,everyday,1,A,1,1
91,3,0,prediction,everyday,1,A,2,-1
91,3,0,prediction,everyday,1,A,3,0
91,3,0,prediction,everyday,1,A,4,0
91,3,0,prediction,everyday,1,A,5,2
91,3,0,prediction,everyday,1,B,1,0
91,3,0,prediction,everyday,1,B,2,0
91,3,0,prediction,everyday,1,B,3,1
91,3,0,prediction,everyday,1,B,4,1
91,3,0,prediction,everyday,1,B,5,2
91,3,0,prediction,everyday,1,C,1,1
91,3,0,prediction,everyday,1,C,2,1
91,3,0,prediction,everyday,1,C,3,0
91,3,0,prediction,everyday,1,C,4,0
91,3,0,prediction,everyday,1,C,5,0
91,3,0,prediction,everyday,1,D,1,2
91,3,0,prediction,everyday,1,D,2,1
91,3,0,prediction,everyday,1,D,3,-1
91,3,0,prediction,everyday,1,D,4,0
91,3,0,prediction,everyday,1,D,5,0
91,3,0,prediction,everyday,1,E,1,0
91,3,0,prediction,everyday,1,E,2,0
91,3,0,prediction,everyday,1,E,3,0
91,3,0,prediction,everyday,1,E,4,2
91,3,0,prediction,everyday,1,E,5,2
92,3,0,prediction,everyday,2,A,1,1
92,3,0,prediction,everyday,2,A,2,-2
92,3,0,prediction,everyday,2,A,3,0
92,3,0,prediction,everyday,2,A,4,0
92,3,0,prediction,everyday,2,A,5,0
92,3,0,prediction,everyday,2,B,1,0
92,3,0,prediction,everyday,2,B,2,0
92,3,0,prediction,everyday,2,B,3,0
92,3,0,prediction,everyday,2,B,4,-1
92,3,0,prediction,everyday,2,B,5,0
92,3,0,prediction,everyday,2,C,1,0
92,3,0,prediction,everyday,2,C,2,0
92,3,0,prediction,everyday,2,C,3,0
92,3,0,prediction,everyday,2,C,4,0
92,3,0,prediction,everyday,2,C,5,-1
92,3,0,prediction,everyday,2,D,1,0
92,3,0,prediction,everyday,2,D,2,-1
92,3,0,prediction,everyday,2,D,3,-1
92,3,0,prediction,everyday,2,D,4,-1
92,3,0,prediction,everyday,2,D,5,0
92,3,0,prediction,everyday,2,E,1,1
92,3,0,prediction,everyday,2,E,2,1
92,3,0,prediction,everyday,2,E,3,0
92,3,0,prediction,everyday,2,E,4,-2
92,3,0,prediction,everyday,2,E,5,0
93,3,0,prediction,everyday,3,A,1,1
93,3,0,prediction,everyday,3,A,2,-1
93,3,0,prediction,everyday,3,A,3,-1
93,3,0,prediction,everyday,3,A,4,0
93,3,0,prediction,everyday,3,A,5,0
93,3,0,prediction,everyday,3,B,1,1
93,3,0,prediction,everyday,3,B,2,-2
93,3,0,prediction,everyday,3,B,3,-1
93,3,0,prediction,everyday,3,B,4,-1
93,3,0,prediction,everyday,3,B,5,-1
93,3,0,prediction,everyday,3,C,1,0
93,3,0,prediction,everyday,3,C,2,-2
93,3,0,prediction,everyday,3,C,3,0
93,3,0,prediction,everyday,3,C,4,-1
93,3,0,prediction,everyday,3,C,5,-1
93,3,0,prediction,everyday,3,D,1,0
93,3,0,prediction,everyday,3,D,2,-1
93,3,0,prediction,everyday,3,D,3,-1
93,3,0,prediction,everyday,3,D,4,0
93,3,0,prediction,everyday,3,D,5,0
93,3,0,prediction,everyday,3,E,1,0
93,3,0,prediction,everyday,3,E,2,0
93,3,0,prediction,everyday,3,E,3,0
93,3,0,prediction,everyday,3,E,4,0
93,3,0,prediction,everyday,3,E,5,0
94,3,0,prediction,instrument,1,A,1,0
94,3,0,prediction,instrument,1,A,2,0
94,3,0,prediction,instrument,1,A,3,0
94,3,0,prediction,instrument,1,A,4,0
94,3,0,prediction,instrument,1,A,5,0
94,3,0,prediction,instrument,1,B,1,-1
94,3,0,prediction,instrument,1,B,2,-2
94,3,0,prediction,instrument,1,B,3,-2
94,3,0,prediction,instrument,1,B,4,-2
94,3,0,prediction,instrument,1,B,5,-1
94,3,0,prediction,instrument,1,C,1,0
94,3,0,prediction,instrument,1,C,2,0
94,3,0,prediction,instrument,1,C,3,-3
94,3,0,prediction,instrument,1,C,4,-1
94,3,0,prediction,instrument,1,C,5,0
94,3,0,prediction,instrument,1,D,1,0
94,3,0,prediction,instrument,1,D,2,0
94,3,0,prediction,instrument,1,D,3,0
94,3,0,prediction,instrument,1,D,4,1
94,3,0,prediction,instrument,1,D,5,-1
94,3,0,prediction,instrument,1,E,1,-1
94,3,0,prediction,instrument,1,E,2,-1
94,3,0,prediction,instrument,1,E,3,0
94,3,0,prediction,instrument,1,E,4,-1
94,3,0,prediction,instrument,1,E,5,1
95,3,0,prediction,instrument,2,A,1,0
95,3,0,prediction,instrument,2,A,2,-1
95,3,0,prediction,instrument,2,A,3,0
95,3,0,prediction,instrument,2,A,4,1
95,3,0,prediction,instrument,2,A,5,-1
95,3,0,prediction,instrument,2,B,1,0
95,3,0,prediction,instrument,2,B,2,0
95,3,0,prediction,instrument,2,B,3,3
95,3,0,prediction,instrument,2,B,4,0
95,3,0,prediction,instrument,2,B,5,1
95,3,0,prediction,instrument,2,C,1,2
95,3,0,prediction,instrument,2,C,2,0
95,3,0,prediction,instrument,2,C,3,0
95,3,0,prediction,instrument,2,C,4,1
95,3,0,prediction,instrument,2,C,5,1
95,3,0,prediction,instrument,2,D,1,1
95,3,0,prediction,instrument,2,D,2,0
95,3,0,prediction,instrument,2,D,3,2
95,3,0,prediction,instrument,2,D,4,2
95,3,0,prediction,instrument,2,D,5,1
95,3,0,prediction,instrument,2,E,1,0
95,3,0,prediction,instrument,2,E,2,0
95,3,0,prediction,instrument,2,E,3,1
95,3,0,prediction,instrument,2,E,4,2
95,3,0,prediction,instrument,2,E,5,1
96,3,0,prediction,instrument,3,A,1,0
96,3,0,prediction,instrument,3,A,2,-1
96,3,0,prediction,instrument,3,A,3,0
96,3,0,prediction,instrument,3,A,4,0
96,3,0,prediction,instrument,3,A,5,-1
96,3,0,prediction,instrument,3,B,1,1
96,3,0,prediction,instrument,3,B,2,-1
96,3,0,prediction,instrument,3,B,3,-1
96,3,0,prediction,instrument,3,B,4,1
96,3,0,prediction,instrument,3,B,5,0
96,3,0,prediction,instrument,3,C,1,0
96,3,0,prediction,instrument,3,C,2,0
96,3,0,prediction,instrument,3,C,3,0
96,3,0,prediction,instrument,3,C,4,1
96,3,0,prediction,instrument,3,C,5,0
96,3,0,prediction,instrument,3,D,1,1
96,3,0,prediction,instrument,3,D,2,0
96,3,0,prediction,instrument,3,D,3,1
96,3,0,prediction,instrument,3,D,4,1
96,3,0,prediction,instrument,3,D,5,0
96,3,0,prediction,instrument,3,E,1,0
96,3,0,prediction,instrument,3,E,2,0
96,3,0,prediction,instrument,3,E,3,0
96,3,0,prediction,instrument,3,E,4,1
96,3,0,prediction,instrument,3,E,5,-1
97,3,0,opinion,everyday,1,A,1,0
97,3,0,opinion,everyday,1,A,2,-1
97,3,0,opinion,everyday,1,A,3,-1
97,3,0,opinion,everyday,1,A,4,-1
97,3,0,opinion,everyday,1,A,5,-1
97,3,0,opinion,everyday,1,B,1,0
97,3,0,opinion,everyday,1,B,2,-2
97,3,0,opinion,everyday,1,B,3,-1
97,3,0,opinion,everyday,1,B,4,1
97,3,0,opinion,everyday,1,B,5,1
97,3,0,opinion,everyday,1,C,1,0
97,3,0,opinion,everyday,1,C,2,0
97,3,0,opinion,everyday,1,C,3,-1
97,3,0,opinion,everyday,1,C,4,0
97,3,0,opinion,everyday,1,C,5,-1
97,3,0,opinion,everyday,1,D,1,0
97,3,0,opinion,everyday,1,D,2,0
97,3,0,opinion,everyday,1,D,3,0
97,3,0,opinion,everyday,1,D,4,0
97,3,0,opinion,everyday,1,D,5,0
97,3,0,opinion,everyday,1,E,1,0
97,3,0,opinion,everyday,1,E,2,1
97,3,0,opinion,everyday,1,E,3,-1
97,3,0,opinion,everyday,1,E,4,-2
97,3,0,opinion,everyday,1,E,5,1
98,3,0,opinion,everyday,2,A,1,-1
98,3,0,opinion,everyday,2,A,2,0
98,3,0,opinion,everyday,2,A,3,-1
98,3,0,opinion,everyday,2,A,4,0
98,3,0,opinion,everyday,2,A,5,1
98,3,0,opinion,everyday,2,B,1,-1
98,3,0,opinion,everyday,2,B,2,0
98,3,0,opinion,everyday,2,B,3,0
98,3,0,opinion,everyday,2,B,4,1
98,3,0,opinion,everyday,2,B,5,-1
98,3,0,opinion,everyday,2,C,1,-1
98,3,0,opinion,everyday,2,C,2,-1
98,3,0,opinion,everyday,2,C,3,0
98,3,0,opinion,everyday,2,C,4,0
98,3,0,opinion,everyday,2,C,5,1
98,3,0,opinion,everyday,2,D,1,0
98,3,0,opinion,everyday,2,D,2,0
98,3,0,opinion,everyday,2,D,3,1
98,3,0,opinion,everyday,2,D,4,1
98,3,0,opinion,everyday,2,D,5,-2
98,3,0,opinion,everyday,2,E,1,-1
98,3,0,opinion,everyday,2,E,2,-1
98,3,0,opinion,everyday,2,E,3,-1
98,3,0,opinion,everyday,2,E,4,-1
98,3,0,opinion,everyday,2,E,5,0
99,3,0,opinion,everyday,3,A,1,0
99,3,0,opinion,everyday,3,A,2,-1
99,3,0,opinion,everyday,3,A,3,0
99,3,0,opinion,everyday,3,A,4,-2
99,3,0,opinion,everyday,3,A,5,-1
99,3,0,opinion,everyday,3,B,1,0
99,3,0,opinion,everyday,3,B,2,1
99,3,0,opinion,everyday,3,B,3,0
99,3,0,opinion,everyday,3,B,4,0
99,3,0,opinion,everyday,3,B,5,1
99,3,0,opinion,everyday,3,C,1,0
99,3,0,opinion,everyday,3,C,2,0
99,3,0,opinion,everyday,3,C,3,-1
99,3,0,opinion,everyday,3,C,4,1
99,3,0,opinion,everyday,3,C,5,-1
99,3,0,opinion,everyday,3,D,1,0
99,3,0,opinion,everyday,3,D,2,0
99,3,0,opinion,everyday,3,D,3,0
99,3,0,opinion,everyday,3,D,4,-1
99,3,0,opinion,everyday,3,D,5,0
99,3,0,opinion,everyday,3,E,1,-1
99,3,0,opinion,everyday,3,E,2,-1
99,3,0,opinion,everyday,3,E,3,-1
99,3,0,opinion,everyday,3,E,4,-1
99,3,0,opinion,everyday,3,E,5,1
100,3,0,opinion,instrument,1,A,1,-2
100,3,0,opinion,instrument,1,A,2,0
100,3,0,opinion,instrument,1,A,3,1
100,3,0,opinion,instrument,1,A,4,-1
100,3,0,opinion,instrument,1,A,5,0
100,3,0,opinion,instrument,1,B,1,0
100,3,0,opinion,instrument,1,B,2,0
100,3,0,opinion,instrument,1,B,3,2
100,3,0,opinion,instrument,1,B,4,-1
100,3,0,opinion,instrument,1,B,5,0
100,3,0,opinion,instrument,1,C,1,0
100,3,0,opinion,instrument,1,C,2,0
100,3,0,opinion,instrument,1,C,3,1
100,3,0,opinion,instrument,1,C,4,0
100,3,0,opinion,instrument,1,C,5,-2
100,3,0,opinion,instrument,1,D,1,-1
100,3,0,opinion,instrument,1,D,2,2
100,3,0,opinion,instrument,1,D,3,2
100,3,0,opinion,instrument,1,D,4,1
100,3,0,opinion,instrument,1,D,5,1
100,3,0,opinion,instrument,1,E,1,1
100,3,0,opinion,instrument,1,E,2,0
100,3,0,opinion,instrument,1,E,3,0
100,3,0,opinion,instrument,1,E,4,-1
100,3,0,opinion,instrument,1,E,5,2
101,3,0,opinion,instrument,2,A,1,0
101,3,0,opinion,instrument,2,A,2,-2
101,3,0,opinion,instrument,2,A,3,-1
101,3,0,opinion,instrument,2,A,4,1
101,3,0,opinion,instrument,2,A,5,-1
101,3,0,opinion,instrument,2,B,1,-1
101,3,0,opinion,instrument,2,B,2,0
101,3,0,opinion,instrument,2,B,3,-1
101,3,0,opinion,instrument,2,B,4,-1
101,3,0,opinion,instrument,2,B,5,0
101,3,0,opinion,instrument,2,C,1,2
101,3,0,opinion,instrument,2,C,2,-1
101,3,0,opinion,instrument,2,C,3,0
101,3,0,opinion,instrument,2,C,4,0
101,3,0,opinion,instrument,2,C,5,-1
101,3,0,opinion,instrument,2,D,1,1
101,3,0,opinion,instrument,2,D,2,0
101,3,0,opinion,instrument,2,D,3,1
101,3,0,opinion,instrument,2,D,4,-1
101,3,0,opinion,instrument,2,D,5,0
101,3,0,opinion,instrument,2,E,1,-1
101,3,0,opinion,instrument,2,E,2,0
101,3,0,opinion,instrument,2,E,3,1
101,3,0,opinion,instrument,2,E,4,0
101,3,0,opinion,instrument,2,E,5,1
102,3,0,opinion,instrument,3,A,1,1
102,3,0,opinion,instrument,3,A,2,0
102,3,0,opinion,instrument,3,A,3,1
102,3,0,opinion,instrument,3,A,4,1
102,3,0,opinion,instrument,3,A,5,0
102,3,0,opinion,instrument,3,B,1,1
102,3,0,opinion,instrument,3,B,2,1
102,3,0,opinion,instrument,3,B,3,1
102,3,0,opinion,instrument,3,B,4,1
102,3,0,opinion,instrument,3,B,5,0
102,3,0,opinion,instrument,3,C,1,0
102,3,0,opinion,instrument,3,C,2,1
102,3,0,opinion,instrument,3,C,3,2
102,3,0,opinion,instrument,3,C,4,1
102,3,0,opinion,instrument,3,C,5,1
102,3,0,opinion,instrument,3,D,1,0
102,3,0,opinion,instrument,3,D,2,1
102,3,0,opinion,instrument,3,D,3,1
102,3,0,opinion,instrument,3,D,4,1
102,3,0,opinion,instrument,3,D,5,2
102,3,0,opinion,instrument,3,E,1,2
102,3,0,opinion,instrument,3,E,2,1
102,3,0,opinion,instrument,3,E,3,1
102,3,0,opinion,instrument,3,E,4,2
102,3,0,opinion,instrument,3,E,5,2
103,3,0,advice,everyday,1,A,1,0
103,3,0,advice,everyday,1,A,2,0
103,3,0,advice,everyday,1,A,3,-1
103,3,0,advice,everyday,1,A,4,-2
103,3,0,advice,everyday,1,A,5,0
103,3,0,advice,everyday,1,B,1,1
103,3,0,advice,everyday,1,B,2,1
103,3,0,advice,everyday,1,B,3,0
103,3,0,advice,everyday,1,B,4,-1
103,3,0,advice,everyday,1,B,5,-2
103,3,0,advice,everyday,1,C,1,-2
103,3,0,advice,everyday,1,C,2,1
103,3,0,advice,everyday,1,C,3,0
103,3,0,advice,everyday,1,C,4,-1
103,3,0,advice,everyday,1,C,5,0
103,3,0,advice,everyday,1,D,1,-1
103,3,0,advice,everyday,1,D,2,0
103,3,0,advice,everyday,1,D,3,0
103,3,0,advice,everyday,1,D,4,1
103,3,0,advice,everyday,1,D,5,0
103,3,0,advice,everyday,1,E,1,1
103,3,0,advice,everyday,1,E,2,0
103,3,0,advice,everyday,1,E,3,1
103,3,0,advice,everyday,1,E,4,-1
103,3,0,advice,everyday,1,E,5,0
104,3,0,advice,everyday,2,A,1,-1
104,3,0,advice,everyday,2,A,2,-2
104,3,0,advice,everyday,2,A,3,0
104,3,0,advice,everyday,2,A,4,1
104,3,0,advice,everyday,2,A,5,1
104,3,0,advice,everyday,2,B,1,0
104,3,0,advice,everyday,2,B,2,0
104,3,0,advice,everyday,2,B,3,0
104,3,0,advice,everyday,2,B,4,-1
104,3,0,advice,everyday,2,B,5,0
104,3,0,advice,everyday,2,C,1,-1
104,3,0,advice,everyday,2,C,2,2
104,3,0,advice,everyday,2,C,3,2
104,3,0,advice,everyday,2,C,4,-1
104,3,0,advice,everyday,2,C,5,-1
104,3,0,advice,everyday,2,D,1,0
104,3,0,advice,everyday,2,D,2,0
104,3,0,advice,everyday,2,D,3,0
104,3,0,advice,everyday,2,D,4,-2
104,3,0,advice,everyday,2,D,5,0
104,3,0,advice,everyday,2,E,1,1
104,3,0,advice,everyday,2,E,2,-1
104,3,0,advice,everyday,2,E,3,1
104,3,0,advice,everyday,2,E,4,0
104,3,0,advice,everyday,2,E,5,-1
105,3,0,advice,everyday,3,A,1,0
105,3,0,advice,everyday,3,A,2,-1
105,3,0,advice,everyday,3,A,3,-1
105,3,0,advice,everyday,3,A,4,1
105,3,0,advice,everyday,3,A,5,0
105,3,0,advice,everyday,3,B,1,0
105,3,0,advice,everyday,3,B,2,-1
105,3,0,advice,everyday,3,B,3,1
105,3,0,advice,everyday,3,B,4,-1
105,3,0,advice,everyday,3,B,5,-1
105,3,0,advice,everyday,3,C,1,0
105,3,0,advice,everyday,3,C,2,0
105,3,0,advice,everyday,3,C,3,0
105,3,0,advice,everyday,3,C,4,1
105,3,0,advice,everyday,3,C,5,-1
105,3,0,advice,everyday,3,D,1,-1
105,3,0,advice,everyday,3,D,2,0
105,3,0,advice,everyday,3,D,3,0
105,3,0,advice,everyday,3,D,4,0
105,3,0,advice,everyday,3,D,5,1
105,3,0,advice,everyday,3,E,1,1
105,3,0,advice,everyday,3,E,2,0
105,3,0,advice,everyday,3,E,3,1
105,3,0,advice,everyday,3,E,4,0
105,3,0,advice,everyday,3,E,5,1
106,3,0,advice,instrument,1,A,1,-1
106,3,0,advice,instrument,1,A,2,1
106,3,0,advice,instrument,1,A,3,0
106,3,0,advice,instrument,1,A,4,1
106,3,0,advice,instrument,1,A,5,0
106,3,0,advice,instrument,1,B,1,-1
106,3,0,advice,instrument,1,B,2,2
106,3,0,advice,instrument,1,B,3,0
106,3,0,advice,instrument,1,B,4,1
106,3,0,advice,instrument,1,B,5,1
106,3,0,advice,instrument,1,C,1,2
106,3,0,advice,instrument,1,C,2,1
106,3,0,advice,instrument,1,C,3,-2
106,3,0,advice,instrument,1,C,4,1
106,3,0,advice,instrument,1,C,5,0
106,3,0,advice,instrument,1,D,1,1
106,3,0,advice,instrument,1,D,2,1
106,3,0,advice,instrument,1,D,3,1
106,3,0,advice,instrument,1,D,4,1
106,3,0,advice,instrument,1,D,5,2
106,3,0,advice,instrument,1,E,1,1
106,3,0,advice,instrument,1,E,2,1
106,3,0,advice,instrument,1,E,3,0
106,3,0,advice,instrument,1,E,4,1
106,3,0,advice,instrument,1,E,5,0
107,3,0,advice,instrument,2,A,1,0
107,3,0,advice,instrument,2,A,2,0
107,3,0,advice,instrument,2,A,3,0
107,3,0,advice,instrument,2,A,4,0
107,3,0,advice,instrument,2,A,5,-1
107,3,0,advice,instrument,2,B,1,-1
107,3,0,advice,instrument,2,B,2,0
107,3,0,advice,instrument,2,B,3,-1
107,3,0,advice,instrument,2,B,4,0
107,3,0,advice,instrument,2,B,5,-1
107,3,0,advice,instrument,2,C,1,0
107,3,0,advice,instrument,2,C,2,-1
107,3,0,advice,instrument,2,C,3,0
107,3,0,advice,instrument,2,C,4,0
107,3,0,advice,instrument,2,C,5,0
107,3,0,advice,instrument,2,D,1,0
107,3,0,advice,instrument,2,D,2,0
107,3,0,advice,instrument,2,D,3,1
107,3,0,advice,instrument,2,D,4,1
107,3,0,advice,instrument,2,D,5,0
107,3,0,advice,instrument,2,E,1,0
107,3,0,advice,instrument,2,E,2,-2
107,3,0,advice,instrument,2,E,3,0
107,3,0,advice,instrument,2,E,4,1
107,3,0,advice,instrument,2,E,5,1
108,3,0,advice,instrument,3,A,1,0
108,3,0,advice,instrument,3,A,2,0
108,3,0,advice,instrument,3,A,3,1
108,3,0,advice,instrument,3,A,4,0
108,3,0,advice,instrument,3,A,5,0
108,3,0,advice,instrument,3,B,1,1
108,3,0,advice,instrument,3,B,2,1
108,3,0,advice,instrument,3,B,3,-1
108,3,0,advice,instrument,3,B,4,0
108,3,0,advice,instrument,3,B,5,1
108,3,0,advice,instrument,3,C,1,1
108,3,0,advice,instrument,3,C,2,1
108,3,0,advice,instrument,3,C,3,0
108,3,0,advice,instrument,3,C,4,1
108,3,0,advice,instrument,3,C,5,-1
108,3,0,advice,instrument,3,D,1,1
108,3,0,advice,instrument,3,D,2,2
108,3,0,advice,instrument,3,D,3,1
108,3,0,advice,instrument,3,D,4,0
108,3,0,advice,instrument,3,D,5,0
108,3,0,advice,instrument,3,E,1,1
108,3,0,advice,instrument,3,E,2,0
108,3,0,advice,instrument,3,E,3,1
108,3,0,advice,instrument,3,E,4,-1
108,3,0,advice,instrument,3,E,5,2
109,4,0,summary,everyday,1,A,1,-1
109,4,0,summary,everyday,1,A,2,-1
109,4,0,summary,everyday,1,A,3,-1
109,4,0,summary,everyday,1,A,4,-1
109,4,0,summary,everyday,1,A,5,-2
109,4,0,summary,everyday,1,B,1,0
109,4,0,summary,everyday,1,B,2,0
109,4,0,summary,everyday,1,B,3,-1
109,4,0,summary,everyday,1,B,4,0
109,4,0,summary,everyday,1,B,5,0
109,4,0,summary,everyday,1,C,1,1
109,4,0,summary,everyday,1,C,2,-1
109,4,0,summary,everyday,1,C,3,-1
109,4,0,summary,everyday,1,C,4,-1
109,4,0,summary,everyday,1,C,5,-1
109,4,0,summary,everyday,1,D,1,-1
109,4,0,summary,everyday,1,D,2,-1
109,4,0,summary,everyday,1,D,3,0
109,4,0,summary,everyday,1,D,4,0
109,4,0,summary,everyday,1,D,5,-1
109,4,0,summary,everyday,1,E,1,0
109,4,0,summary,everyday,1,E,2,-1
109,4,0,summary,everyday,1,E,3,0
109,4,0,summary,everyday,1,E,4,0
109,4,0,summary,everyday,1,E,5,-1
110,4,0,summary,everyday,2,A,1,0
110,4,0,summary,everyday,2,A,2,-1
110,4,0,summary,everyday,2,A,3,-1
110,4,0,summary,everyday,2,A,4,0
110,4,0,summary,everyday,2,A,5,0
110,4,0,summary,everyday,2,B,1,2
110,4,0,summary,everyday,2,B,2,1
110,4,0,summary,everyday,2,B,3,0
110,4,0,summary,everyday,2,B,4,0
110,4,0,summary,everyday,2,B,5,0
110,4,0,summary,everyday,2,C,1,0
110,4,0,summary,everyday,2,C,2,1
110,4,0,summary,everyday,2,C,3,0
110,4,0,summary,everyday,2,C,4,0
110,4,0,summary,everyday,2,C,5,-2
110,4,0,summary,everyday,2,D,1,1
110,4,0,summary,everyday,2,D,2,0
110,4,0,summary,everyday,2,D,3,-1
110,4,0,summary,everyday,2,D,4,0
110,4,0,summary,everyday,2,D,5,-1
110,4,0,summary,everyday,2,E,1,-1
110,4,0,summary,everyday,2,E,2,1
110,4,0,summary,everyday,2,E,3,-1
110,4,0,summary,everyday,2,E,4,-1
110,4,0,summary,everyday,2,E,5,-1
111,4,0,summary,everyday,3,A,1,1
111,4,0,summary,everyday,3,A,2,-1
111,4,0,summary,everyday,3,A,3,0
111,4,0,summary,everyday,3,A,4,0
111,4,0,summary,everyday,3,A,5,0
111,4,0,summary,everyday,3,B,1,-1
111,4,0,summary,everyday,3,B,2,0
111,4,0,summary,everyday,3,B,3,-2
111,4,0,summary,everyday,3,B,4,-1
111,4,0,summary,everyday,3,B,5,0
111,4,0,summary,everyday,3,C,1,-1
111,4,0,summary,everyday,3,C,2,0
111,4,0,summary,everyday,3,C,3,0
111,4,0,summary,everyday,3,C,4,0
111,4,0,summary,everyday,3,C,5,0
111,4,0,summary,everyday,3,D,1,0
111,4,0,summary,everyday,3,D,2,0
111,4,0,summary,everyday,3,D,3,0
111,4,0,summary,everyday,3,D,4,1
111,4,0,summary,everyday,3,D,5,1
111,4,0,summary,everyday,3,E,1,0
111,4,0,summary,everyday,3,E,2,0
111,4,0,summary,everyday,3,E,3,0
111,4,0,summary,everyday,3,E,4,0
111,4,0,summary,everyday,3,E,5,-2
112,4,0,summary,instrument,1,A,1,0
112,4,0,summary,instrument,1,A,2,1
112,4,0,summary,instrument,1,A,3,0
112,4,0,summary,instrument,1,A,4,-2
112,4,0,summary,instrument,1,A,5,0
112,4,0,summary,instrument,1,B,1,0
112,4,0,summary,instrument,1,B,2,0
112,4,0,summary,instrument,1,B,3,0
112,4,0,summary,instrument,1,B,4,0
112,4,0,summary,instrument,1,B,5,0
112,4,0,summary,instrument,1,C,1,-2
112,4,0,summary,instrument,1,C,2,0
112,4,0,summary,instrument,1,C,3,-1
112,4,0,summary,instrument,1,C,4,-3
112,4,0,summary,instrument,1,C,5,1
112,4,0,summary,instrument,1,D,1,1
112,4,0,summary,instrument,1,D,2,2
112,4,0,summary,instrument,1,D,3,0
112,4,0,summary,instrument,1,D,4,-1
112,4,0,summary,instrument,1,D,5,-2
112,4,0,summary,instrument,1,E,1,0
112,4,0,summary,instrument,1,E,2,0
112,4,0,summary,instrument,1,E,3,-1
112,4,0,summary,instrument,1,E,4,0
112,4,0,summary,instrument,1,E,5,-1
113,4,0,summary,instrument,2,A,1,-1
113,4,0,summary,instrument,2,A,2,-1
113,4,0,summary,instrument,2,A,3,0
113,4,0,summary,instrument,2,A,4,0
113,4,0,summary,instrument,2,A,5,1
113,4,0,summary,instrument,2,B,1,1
113,4,0,summary,instrument,2,B,2,0
113,4,0,summary,instrument,2,B,3,1
113,4,0,summary,instrument,2,B,4,0
113,4,0,summary,instrument,2,B,5,0
113,4,0,summary,instrument,2,C,1,0
113,4,0,summary,instrument,2,C,2,0
113,4,0,summary,instrument,2,C,3,1
113,4,0,summary,instrument,2,C,4,1
113,4,0,summary,instrument,2,C,5,1
113,4,0,summary,instrument,2,D,1,1
113,4,0,summary,instrument,2,D,2,1
113,4,0,summary,instrument,2,D,3,0
113,4,0,summary,instrument,2,D,4,1
113,4,0,summary,instrument,2,D,5,0
113,4,0,summary,instrument,2,E,1,1
113,4,0,summary,instrument,2,E,2,2
113,4,0,summary,instrument,2,E,3,1
113,4,0,summary,instrument,2,E,4,1
113,4,0,summary,instrument,2,E,5,0
114,4,0,summary,instrument,3,A,1,-1
114,4,0,summary,instrument,3,A,2,0
114,4,0,summary,instrument,3,A,3,0
114,4,0,summary,instrument,3,A,4,1
114,4,0,summary,instrument,3,A,5,0
114,4,0,summary,instrument,3,B,1,0
114,4,0,summary,instrument,3,B,2,0
114,4,0,summary,instrument,3,B,3,0
114,4,0,summary,instrument,3,B,4,-2
114,4,0,summary,instrument,3,B,5,1
114,4,0,summary,instrument,3,C,1,0
114,4,0,summary,instrument,3,C,2,0
114,4,0,summary,instrument,3,C,3,0
114,4,0,summary,instrument,3,C,4,1
114,4,0,summary,instrument,3,C,5,-1
114,4,0,summary,instrument,3,D,1,0
114,4,0,summary,instrument,3,D,2,1
114,4,0,summary,instrument,3,D,3,-2
114,4,0,summary,instrument,3,D,4,0
114,4,0,summary,instrument,3,D,5,0
114,4,0,summary,instrument,3,E,1,-1
114,4,0,summary,instrument,3,E,2,1
114,4,0,summary,instrument,3,E,3,0
114,4,0,summary,instrument,3,E,4,0
114,4,0,summary,instrument,3,E,5,1
115,4,0,explanation,everyday,1,A,1,-1
115,4,0,explanation,everyday,1,A,2,0
115,4,0,explanation,everyday,1,A,3,-2
115,4,0,explanation,everyday,1,A,4,-1
115,4,0,explanation,everyday,1,A,5,0
115,4,0,explanation,everyday,1,B,1,-1
115,4,0,explanation,everyday,1,B,2,-1
115,4,0,explanation,everyday,1,B,3,0
115,4,0,explanation,everyday,1,B,4,-1
115,4,0,explanation,everyday,1,B,5,-1
115,4,0,explanation,everyday,1,C,1,-1
115,4,0,explanation,everyday,1,C,2,-1
115,4,0,explanation,everyday,1,C,3,0
115,4,0,explanation,everyday,1,C,4,0
115,4,0,explanation,everyday,1,C,5,1
115,4,0,explanation,everyday,1,D,1,0
115,4,0,explanation,everyday,1,D,2,-2
115,4,0,explanation,everyday,1,D,3,-1
115,4,0,explanation,everyday,1,D,4,-1
115,4,0,explanation,everyday,1,D,5,0
115,4,0,explanation,everyday,1,E,1,1
115,4,0,explanation,everyday,1,E,2,0
115,4,0,explanation,everyday,1,E,3,-1
115,4,0,explanation,everyday,1,E,4,-1
115,4,0,explanation,everyday,1,E,5,0
116,4,0,explanation,everyday,2,A,1,0
116,4,0,explanation,everyday,2,A,2,-1
116,4,0,explanation,everyday,2,A,3,-1
116,4,0,explanation,everyday,2,A,4,1
116,4,0,explanation,everyday,2,A,5,0
116,4,0,explanation,everyday,2,B,1,-1
116,4,0,explanation,everyday,2,B,2,-1
116,4,0,explanation,everyday,2,B,3,-1
116,4,0,explanation,everyday,2,B,4,0
116,4,0,explanation,everyday,2,B,5,-2
116,4,0,explanation,everyday,2,C,1,1
116,4,0,explanation,everyday,2,C,2,0
116,4,0,explanation,everyday,2,C,3,0
116,4,0,explanation,everyday,2,C,4,0
116,4,0,explanation,everyday,2,C,5,0
116,4,0,explanation,everyday,2,D,1,0
116,4,0,explanation,everyday,2,D,2,1
116,4,0,explanation,everyday,2,D,3,0
116,4,0,explanation,everyday,2,D,4,0
116,4,0,explanation,everyday,2,D,5,0
116,4,0,explanation,everyday,2,E,1,1
116,4,0,explanation,everyday,2,E,2,0
116,4,0,explanation,everyday,2,E,3,0
116,4,0,explanation,everyday,2,E,4,-1
116,4,0,explanation,everyday,2,E,5,-2
117,4,0,explanation,everyday,3,A,1,-1
117,4,0,explanation,everyday,3,A,2,0
117,4,0,explanation,everyday,3,A,3,0
117,4,0,explanation,everyday,3,A,4,0
117,4,0,explanation,everyday,3,A,5,0
117,4,0,explanation,everyday,3,B,1,-2
117,4,0,explanation,everyday,3,B,2,-1
117,4,0,explanation,everyday,3,B,3,-2
117,4,0,explanation,everyday,3,B,4,-1
117,4,0,explanation,everyday,3,B,5,-1
117,4,0,explanation,everyday,3,C,1,-1
117,4,0,explanation,everyday,3,C,2,-1
117,4,0,explanation,everyday,3,C,3,0
117,4,0,explanation,everyday,3,C,4,-1
117,4,0,explanation,everyday,3,C,5,-2
117,4,0,explanation,everyday,3,D,1,0
117,4,0,explanation,everyday,3,D,2,-1
117,4,0,explanation,everyday,3,D,3,0
117,4,0,explanation,everyday,3,D,4,0
117,4,0,explanation,everyday,3,D,5,-1
117,4,0,explanation,everyday,3,E,1,0
117,4,0,explanation,everyday,3,E,2,-1
117,4,0,explanation,everyday,3,E,3,-1
117,4,0,explanation,everyday,3,E,4,-1
117,4,0,explanation,everyday,3,E,5,-1
118,4,0,explanation,instrument,1,A,1,-1
118,4,0,explanation,instrument,1,A,2,0
118,4,0,explanation,instrument,1,A,3,0
118,4,0,explanation,instrument,1,A,4,-1
118,4,0,explanation,instrument,1,A,5,0
118,4,0,explanation,instrument,1,B,1,-1
118,4,0,explanation,instrument,1,B,2,1
118,4,0,explanation,instrument,1,B,3,-1
118,4,0,explanation,instrument,1,B,4,-1
118,4,0,explanation,instrument,1,B,5,-1
118,4,0,explanation,instrument,1,C,1,-1
118,4,0,explanation,instrument,1,C,2,-1
118,4,0,explanation,instrument,1,C,3,-1
118,4,0,explanation,instrument,1,C,4,0
118,4,0,explanation,instrument,1,C,5,0
118,4,0,explanation,instrument,1,D,1,-1
118,4,0,explanation,instrument,1,D,2,-1
118,4,0,explanation,instrument,1,D,3,2
118,4,0,explanation,instrument,1,D,4,1
118,4,0,explanation,instrument,1,D,5,1
118,4,0,explanation,instrument,1,E,1,0
118,4,0,explanation,instrument,1,E,2,-1
118,4,0,explanation,instrument,1,E,3,0
118,4,0,explanation,instrument,1,E,4,0
118,4,0,explanation,instrument,1,E,5,0
119,4,0,explanation,instrument,2,A,1,1
119,4,0,explanation,instrument,2,A,2,0
119,4,0,explanation,instrument,2,A,3,-1
119,4,0,explanation,instrument,2,A,4,-1
119,4,0,explanation,instrument,2,A,5,0
119,4,0,explanation,instrument,2,B,1,0
119,4,0,explanation,instrument,2,B,2,0
119,4,0,explanation,instrument,2,B,3,0
119,4,0,explanation,instrument,2,B,4,1
119,4,0,explanation,instrument,2,B,5,0
119,4,0,explanation,instrument,2,C,1,2
119,4,0,explanation,instrument,2,C,2,0
119,4,0,explanation,instrument,2,C,3,1
119,4,0,explanation,instrument,2,C,4,0
119,4,0,explanation,instrument,2,C,5,0
119,4,0,explanation,instrument,2,D,1,0
119,4,0,explanation,instrument,2,D,2,0
119,4,0,explanation,instrument,2,D,3,0
119,4,0,explanation,instrument,2,D,4,1
119,4,0,explanation,instrument,2,D,5,1
119,4,0,explanation,instrument,2,E,1,0
119,4,0,explanation,instrument,2,E,2,2
119,4,0,explanation,instrument,2,E,3,0
119,4,0,explanation,instrument,2,E,4,-1
119,4,0,explanation,instrument,2,E,5,-1
120,4,0,explanation,instrument,3,A,1,1
120,4,0,explanation,instrument,3,A,2,0
120,4,0,explanation,instrument,3,A,3,-1
120,4,0,explanation,instrument,3,A,4,-2
120,4,0,explanation,instrument,3,A,5,0
120,4,0,explanation,instrument,3,B,1,0
120,4,0,explanation,instrument,3,B,2,1
120,4,0,explanation,instrument,3,B,3,1
120,4,0,explanation,instrument,3,B,4,-1
120,4,0,explanation,instrument,3,B,5,0
120,4,0,explanation,instrument,3,C,1,-2
120,4,0,explanation,instrument,3,C,2,0
120,4,0,explanation,instrument,3,C,3,-1
120,4,0,explanation,instrument,3,C,4,0
120,4,0,explanation,instrument,3,C,5,0
120,4,0,explanation,instrument,3,D,1,1
120,4,0,explanation,instrument,3,D,2,1
120,4,0,explanation,instrument,3,D,3,1
120,4,0,explanation,instrument,3,D,4,-1
120,4,0,explanation,instrument,3,D,5,-1
120,4,0,explanation,instrument,3,E,1,0
120,4,0,explanation,instrument,3,E,2,1
120,4,0,explanation,instrument,3,E,3,0
120,4,0,explanation,instrument,3,E,4,0
120,4,0,explanation,instrument,3,E,5,0
121,4,0,fairness,everyday,1,A,1,-1
121,4,0,fairness,everyday,1,A,2,-1
121,4,0,fairness,everyday,1,A,3,0
121,4,0,fairness,everyday,1,A,4,-2
121,4,0,fairness,everyday,1,A,5,-2
121,4,0,fairness,everyday,1,B,1,0
121,4,0,fairness,everyday,1,B,2,-3
121,4,0,fairness,everyday,1,B,3,-2
121,4,0,fairness,everyday,1,B,4,0
121,4,0,fairness,everyday,1,B,5,-3
121,4,0,fairness,everyday,1,C,1,-1
121,4,0,fairness,everyday,1,C,2,-2
121,4,0,fairness,everyday,1,C,3,0
121,4,0,fairness,everyday,1,C,4,-2
121,4,0,fairness,everyday,1,C,5,0
121,4,0,fairness,everyday,1,D,1,1
121,4,0,fairness,everyday,1,D,2,-1
121,4,0,fairness,everyday,1,D,3,-1
121,4,0,fairness,everyday,1,D,4,-1
121,4,0,fairness,everyday,1,D,5,0
121,4,0,fairness,everyday,1,E,1,-1
121,4,0,fairness,everyday,1,E,2,-2
121,4,0,fairness,everyday,1,E,3,0
121,4,0,fairness,everyday,1,E,4,-1
121,4,0,fairness,everyday,1,E,5,0
122,4,0,fairness,everyday,2,A,1,-1
122,4,0,fairness,everyday,2,A,2,-1
122,4,0,fairness,everyday,2,A,3,-1
122,4,0,fairness,everyday,2,A,4,-2
122,4,0,fairness,everyday,2,A,5,0
122,4,0,fairness,everyday,2,B,1,0
122,4,0,fairness,everyday,2,B,2,-1
122,4,0,fairness,everyday,2,B,3,-1
122,4,0,fairness,everyday,2,B,4,-1
122,4,0,fairness,everyday,2,B,5,-1
122,4,0,fairness,everyday,2,C,1,1
122,4,0,fairness,everyday,2,C,2,0
122,4,0,fairness,everyday,2,C,3,-1
122,4,0,fairness,everyday,2,C,4,0
122,4,0,fairness,everyday,2,C,5,0
122,4,0,fairness,everyday,2,D,1,1
122,4,0,fairness,everyday,2,D,2,-1
122,4,0,fairness,everyday,2,D,3,-2
122,4,0,fairness,everyday,2,D,4,0
122,4,0,fairness,everyday,2,D,5,-2
122,4,0,fairness,everyday,2,E,1,-1
122,4,0,fairness,everyday,2,E,2,0
122,4,0,fairness,everyday,2,E,3,-1
122,4,0,fairness,everyday,2,E,4,0
122,4,0,fairness,everyday,2,E,5,1
123,4,0,fairness,everyday,3,A,1,-2
123,4,0,fairness,everyday,3,A,2,-1
123,4,0,fairness,everyday,3,A,3,-2
123,4,0,fairness,everyday,3,A,4,-1
123,4,0,fairness,everyday,3,A,5,-3
123,4,0,fairness,everyday,3,B,1,-1
123,4,0,fairness,everyday,3,B,2,-2
123,4,0,fairness,everyday,3,B,3,-2
123,4,0,fairness,everyday,3,B,4,-1
123,4,0,fairness,everyday,3,B,5,-2
123,4,0,fairness,everyday,3,C,1,-2
123,4,0,fairness,everyday,3,C,2,0
123,4,0,fairness,everyday,3,C,3,0
123,4,0,fairness,everyday,3,C,4,-2
123,4,0,fairness,everyday,3,C,5,-3
123,4,0,fairness,everyday,3,D,1,0
123,4,0,fairness,everyday,3,D,2,-2
123,4,0,fairness,everyday,3,D,3,0
123,4,0,fairness,everyday,3,D,4,1
123,4,0,fairness,everyday,3,D,5,1
123,4,0,fairness,everyday,3,E,1,-1
123,4,0,fairness,everyday,3,E,2,0
123,4,0,fairness,everyday,3,E,3,-1
123,4,0,fairness,everyday,3,E,4,0
123,4,0,fairness,everyday,3,E,5,1
124,4,0,fairness,instrument,1,A,1,-1
124,4,0,fairness,instrument,1,A,2,-1
124,4,0,fairness,instrument,1,A,3,-1
124,4,0,fairness,instrument,1,A,4,0
124,4,0,fairness,instrument,1,A,5,0
124,4,0,fairness,instrument,1,B,1,0
124,4,0,fairness,instrument,1,B,2,-3
124,4,0,fairness,instrument,1,B,3,0
124,4,0,fairness,instrument,1,B,4,1
124,4,0,fairness,instrument,1,B,5,1
124,4,0,fairness,instrument,1,C,1,0
124,4,0,fairness,instrument,1,C,2,-2
124,4,0,fairness,instrument,1,C,3,0
124,4,0,fairness,instrument,1,C,4,0
124,4,0,fairness,instrument,1,C,5,-1
124,4,0,fairness,instrument,1,D,1,1
124,4,0,fairness,instrument,1,D,2,1
124,4,0,fairness,instrument,1,D,3,1
124,4,0,fairness,instrument,1,D,4,0
124,4,0,fairness,instrument,1,D,5,-1
124,4,0,fairness,instrument,1,E,1,0
124,4,0,fairness,instrument,1,E,2,1
124,4,0,fairness,instrument,1,E,3,0
124,4,0,fairness,instrument,1,E,4,0
124,4,0,fairness,instrument,1,E,5,0
125,4,0,fairness,instrument,2,A,1,-2
125,4,0,fairness,instrument,2,A,2,-1
125,4,0,fairness,instrument,2,A,3,1
125,4,0,fairness,instrument,2,A,4,0
125,4,0,fairness,instrument,2,A,5,0
125,4,0,fairness,instrument,2,B,1,1
125,4,0,fairness,instrument,2,B,2,-1
125,4,0,fairness,instrument,2,B,3,0
125,4,0,fairness,instrument,2,B,4,-1
125,4,0,fairness,instrument,2,B,5,-2
125,4,0,fairness,instrument,2,C,1,0
125,4,0,fairness,instrument,2,C,2,-1
125,4,0,fairness,instrument,2,C,3,0
125,4,0,fairness,instrument,2,C,4,0
125,4,0,fairness,instrument,2,C,5,0
125,4,0,fairness,instrument,2,D,1,-1
125,4,0,fairness,instrument,2,D,2,-1
125,4,0,fairness,instrument,2,D,3,-1
125,4,0,fairness,instrument,2,D,4,0
125,4,0,fairness,instrument,2,D,5,-1
125,4,0,fairness,instrument,2,E,1,1
125,4,0,fairness,instrument,2,E,2,1
125,4,0,fairness,instrument,2,E,3,-1
125,4,0,fairness,instrument,2,E,4,-2
125,4,0,fairness,instrument,2,E,5,0
126,4,0,fairness,instrument,3,A,1,-1
126,4,0,fairness,instrument,3,A,2,0
126,4,0,fairness,instrument,3,A,3,0
126,4,0,fairness,instrument,3,A,4,0
126,4,0,fairness,instrument,3,A,5,0
126,4,0,fairness,instrument,3,B,1,-1
126,4,0,fairness,instrument,3,B,2,-1
126,4,0,fairness,instrument,3,B,3,-1
126,4,0,fairness,instrument,3,B,4,0
126,4,0,fairness,instrument,3,B,5,0
126,4,0,fairness,instrument,3,C,1,-1
126,4,0,fairness,instrument,3,C,2,-1
126,4,0,fairness,instrument,3,C,3,0
126,4,0,fairness,instrument,3,C,4,1
126,4,0,fairness,instrument,3,C,5,-2
126,4,0,fairness,instrument,3,D,1,-1
126,4,0,fairness,instrument,3,D,2,1
126,4,0,fairness,instrument,3,D,3,1
126,4,0,fairness,instrument,3,D,4,0
126,4,0,fairness,instrument,3,D,5,1
126,4,0,fairness,instrument,3,E,1,1
126,4,0,fairness,instrument,3,E,2,-1
126,4,0,fairness,instrument,3,E,3,0
126,4,0,fairness,instrument,3,E,4,0
126,4,0,fairness,instrument,3,E,5,-1
127,4,0,prediction,everyday,1,A,1,-2
127,4,0,prediction,everyday,1,A,2,0
127,4,0,prediction,everyday,1,A,3,-1
127,4,0,prediction,everyday,1,A,4,-1
127,4,0,prediction,everyday,1,A,5,-1
127,4,0,prediction,everyday,1,B,1,0
127,4,0,prediction,everyday,1,B,2,-1
127,4,0,prediction,everyday,1,B,3,0
127,4,0,prediction,everyday,1,B,4,-1
127,4,0,prediction,everyday,1,B,5,-1
127,4,0,prediction,everyday,1,C,1,-2
127,4,0,prediction,everyday,1,C,2,-1
127,4,0,prediction,everyday,1,C,3,-2
127,4,0,prediction,everyday,1,C,4,-1
127,4,0,prediction,everyday,1,C,5,-1
127,4,0,prediction,everyday,1,D,1,-1
127,4,0,prediction,everyday,1,D,2,0
127,4,0,prediction,everyday,1,D,3,0
127,4,0,prediction,everyday,1,D,4,0
127,4,0,prediction,everyday,1,D,5,-1
127,4,0,prediction,everyday,1,E,1,-1
127,4,0,prediction,everyday,1,E,2,-1
127,4,0,prediction,everyday,1,E,3,1
127,4,0,prediction,everyday,1,E,4,-1
127,4,0,prediction,everyday,1,E,5,0
128,4,0,prediction,everyday,2,A,1,-1
128,4,0,prediction,everyday,2,A,2,0
128,4,0,prediction,everyday,2,A,3,0
128,4,0,prediction,everyday,2,A,4,-1
128,4,0,prediction,everyday,2,A,5,-1
128,4,0,prediction,everyday,2,B,1,-1
128,4,0,prediction,everyday,2,B,2,1
128,4,0,prediction,everyday,2,B,3,-1
128,4,0,prediction,everyday,2,B,4,0
128,4,0,prediction,everyday,2,B,5,0
128,4,0,prediction,everyday,2,C,1,0
128,4,0,prediction,everyday,2,C,2,-1
128,4,0,prediction,everyday,2,C,3,-2
128,4,0,prediction,everyday,2,C,4,-1
128,4,0,prediction,everyday,2,C,5,0
128,4,0,prediction,everyday,2,D,1,-1
128,4,0,prediction,everyday,2,D,2,0
128,4,0,prediction,everyday,2,D,3,-1
128,4,0,prediction,everyday,2,D,4,-1
128,4,0,prediction,everyday,2,D,5,0
128,4,0,prediction,everyday,2,E,1,0
128,4,0,prediction,everyday,2,E,2,0
128,4,0,prediction,everyday,2,E,3,0
128,4,0,prediction,everyday,2,E,4,1
128,4,0,prediction,everyday,2,E,5,0
129,4,0,prediction,everyday,3,A,1,1
129,4,0,prediction,everyday,3,A,2,-1
129,4,0,prediction,everyday,3,A,3,0
129,4,0,prediction,everyday,3,A,4,0
129,4,0,prediction,everyday,3,A,5,-1
129,4,0,prediction,everyday,3,B,1,0
129,4,0,prediction,everyday,3,B,2,-1
129,4,0,prediction,everyday,3,B,3,-1
129,4,0,prediction,everyday,3,B,4,1
129,4,0,prediction,everyday,3,B,5,0
129,4,0,prediction,everyday,3,C,1,-1
129,4,0,prediction,everyday,3,C,2,-1
129,4,0,prediction,everyday,3,C,3,1
129,4,0,prediction,everyday,3,C,4,0
129,4,0,prediction,everyday,3,C,5,0
129,4,0,prediction,everyday,3,D,1,1
129,4,0,prediction,everyday,3,D,2,0
129,4,0,prediction,everyday,3,D,3,-1
129,4,0,prediction,everyday,3,D,4,0
129,4,0,prediction,everyday,3,D,5,0
129,4,0,prediction,everyday,3,E,1,-2
129,4,0,prediction,everyday,3,E,2,0
129,4,0,prediction,everyday,3,E,3,1
129,4,0,prediction,everyday,3,E,4,-1
129,4,0,prediction,everyday,3,E,5,1
130,4,0,prediction,instrument,1,A,1,-1
130,4,0,prediction,instrument,1,A,2,0
130,4,0,prediction,instrument,1,A,3,0
130,4,0,prediction,instrument,1,A,4,-1
130,4,0,prediction,instrument,1,A,5,0
130,4,0,prediction,instrument,1,B,1,0
130,4,0,prediction,instrument,1,B,2,0
130,4,0,prediction,instrument,1,B,3,0
130,4,0,prediction,instrument,1,B,4,0
130,4,0,prediction,instrument,1,B,5,1
130,4,0,prediction,instrument,1,C,1,-1
130,4,0,prediction,instrument,1,C,2,-1
130,4,0,prediction,instrument,1,C,3,-2
130,4,0,prediction,instrument,1,C,4,-1
130,4,0,prediction,instrument,1,C,5,1
130,4,0,prediction,instrument,1,D,1,-1
130,4,0,prediction,instrument,1,D,2,-1
130,4,0,prediction,instrument,1,D,3,1
130,4,0,prediction,instrument,1,D,4,0
130,4,0,prediction,instrument,1,D,5,0
130,4,0,prediction,instrument,1,E,1,0
130,4,0,prediction,instrument,1,E,2,1
130,4,0,prediction,instrument,1,E,3,-1
130,4,0,prediction,instrument,1,E,4,1
130,4,0,prediction,instrument,1,E,5,-1
131,4,0,prediction,instrument,2,A,1,-1
131,4,0,prediction,instrument,2,A,2,0
131,4,0,prediction,instrument,2,A,3,0
131,4,0,prediction,instrument,2,A,4,1
131,4,0,prediction,instrument,2,A,5,0
131,4,0,prediction,instrument,2,B,1,2
131,4,0,prediction,instrument,2,B,2,0
131,4,0,prediction,instrument,2,B,3,1
131,4,0,prediction,instrument,2,B,4,1
131,4,0,prediction,instrument,2,B,5,0
131,4,0,prediction,instrument,2,C,1,0
131,4,0,prediction,instrument,2,C,2,-1
131,4,0,prediction,instrument,2,C,3,0
131,4,0,prediction,instrument,2,C,4,0
131,4,0,prediction,instrument,2,C,5,1
131,4,0,prediction,instrument,2,D,1,0
131,4,0,prediction,instrument,2,D,2,0
131,4,0,prediction,instrument,2,D,3,-1
131,4,0,prediction,instrument,2,D,4,1
131,4,0,prediction,instrument,2,D,5,0
131,4,0,prediction,instrument,2,E,1,1
131,4,0,prediction,instrument,2,E,2,0
131,4,0,prediction,instrument,2,E,3,1
131,4,0,prediction,instrument,2,E,4,1
131,4,0,prediction,instrument,2,E,5,1
132,4,0,prediction,instrument,3,A,1,0
132,4,0,prediction,instrument,3,A,2,0
132,4,0,prediction,instrument,3,A,3,-1
132,4,0,prediction,instrument,3,A,4,-1
132,4,0,prediction,instrument,3,A,5,0
132,4,0,prediction,instrument,3,B,1,0
132,4,0,prediction,instrument,3,B,2,-1
132,4,0,prediction,instrument,3,B,3,1
132,4,0,prediction,instrument,3,B,4,1
132,4,0,prediction,instrument,3,B,5,2
132,4,0,prediction,instrument,3,C,1,0
132,4,0,prediction,instrument,3,C,2,-1
132,4,0,prediction,instrument,3,C,3,-2
132,4,0,prediction,instrument,3,C,4,1
132,4,0,prediction,instrument,3,C,5,0
132,4,0,prediction,instrument,3,D,1,1
132,4,0,prediction,instrument,3,D,2,1
132,4,0,prediction,instrument,3,D,3,0
132,4,0,prediction,instrument,3,D,4,0
132,4,0,prediction,instrument,3,D,5,0
132,4,0,prediction,instrument,3,E,1,1
132,4,0,prediction,instrument,3,E,2,0
132,4,0,prediction,instrument,3,E,3,1
132,4,0,prediction,instrument,3,E,4,0
132,4,0,prediction,instrument,3,E,5,0
133,4,0,opinion,everyday,1,A,1,-3
133,4,0,opinion,everyday,1,A,2,-2
133,4,0,opinion,everyday,1,A,3,-1
133,4,0,opinion,everyday,1,A,4,-1
133,4,0,opinion,everyday,1,A,5,-1
133,4,0,opinion,everyday,1,B,1,-1
133,4,0,opinion,everyday,1,B,2,0
133,4,0,opinion,everyday,1,B,3,-3
133,4,0,opinion,everyday,1,B,4,-1
133,4,0,opinion,everyday,1,B,5,-1
133,4,0,opinion,everyday,1,C,1,-1
133,4,0,opinion,everyday,1,C,2,-3
133,4,0,opinion,everyday,1,C,3,1
133,4,0,opinion,everyday,1,C,4,1
133,4,0,opinion,everyday,1,C,5,-1
133,4,0,opinion,everyday,1,D,1,0
133,4,0,opinion,everyday,1,D,2,0
133,4,0,opinion,everyday,1,D,3,-1
133,4,0,opinion,everyday,1,D,4,-1
133,4,0,opinion,everyday,1,D,5,0
133,4,0,opinion,everyday,1,E,1,0
133,4,0,opinion,everyday,1,E,2,-2
133,4,0,opinion,everyday,1,E,3,-1
133,4,0,opinion,everyday,1,E,4,-1
133,4,0,opinion,everyday,1,E,5,0
134,4,0,opinion,everyday,2,A,1,-1
134,4,0,opinion,everyday,2,A,2,-1
134,4,0,opinion,everyday,2,A,3,0
134,4,0,opinion,everyday,2,A,4,-1
134,4,0,opinion,everyday,2,A,5,-2
134,4,0,opinion,everyday,2,B,1,-1
134,4,0,opinion,everyday,2,B,2,-1
134,4,0,opinion,everyday,2,B,3,-1
134,4,0,opinion,everyday,2,B,4,-1
134,4,0,opinion,everyday,2,B,5,-1
134,4,0,opinion,everyday,2,C,1,-1
134,4,0,opinion,everyday,2,C,2,-1
134,4,0,opinion,everyday,2,C,3,0
134,4,0,opinion,everyday,2,C,4,0
134,4,0,opinion,everyday,2,C,5,2
134,4,0,opinion,everyday,2,D,1,-1
134,4,0,opinion,everyday,2,D,2,0
134,4,0,opinion,everyday,2,D,3,-2
134,4,0,opinion,everyday,2,D,4,-1
134,4,0,opinion,everyday,2,D,5,-1
134,4,0,opinion,everyday,2,E,1,0
134,4,0,opinion,everyday,2,E,2,0
134,4,0,opinion,everyday,2,E,3,1
134,4,0,opinion,everyday,2,E,4,0
134,4,0,opinion,everyday,2,E,5,0
135,4,0,opinion,everyday,3,A,1,0
135,4,0,opinion,everyday,3,A,2,-3
135,4,0,opinion,everyday,3,A,3,-2
135,4,0,opinion,everyday,3,A,4,-1
135,4,0,opinion,everyday,3,A,5,0
135,4,0,opinion,everyday,3,B,1,-2
135,4,0,opinion,everyday,3,B,2,-1
135,4,0,opinion,everyday,3,B,3,0
135,4,0,opinion,everyday,3,B,4,-1
135,4,0,opinion,everyday,3,B,5,-1
135,4,0,opinion,everyday,3,C,1,0
135,4,0,opinion,everyday,3,C,2,-1
135,4,0,opinion,everyday,3,C,3,-1
135,4,0,opinion,everyday,3,C,4,0
135,4,0,opinion,everyday,3,C,5,-2
135,4,0,opinion,everyday,3,D,1,0
135,4,0,opinion,everyday,3,D,2,0
135,4,0,opinion,everyday,3,D,3,0
135,4,0,opinion,everyday,3,D,4,0
135,4,0,opinion,everyday,3,D,5,-1
135,4,0,opinion,everyday,3,E,1,0
135,4,0,opinion,everyday,3,E,2,0
135,4,0,opinion,everyday,3,E,3,-1
135,4,0,opinion,everyday,3,E,4,-1
135,4,0,opinion,everyday,3,E,5,0
136,4,0,opinion,instrument,1,A,1,-1
136,4,0,opinion,instrument,1,A,2,-1
136,4,0,opinion,instrument,1,A,3,-1
136,4,0,opinion,instrument,1,A,4,-1
136,4,0,opinion,instrument,1,A,5,-1
136,4,0,opinion,instrument,1,B,1,1
136,4,0,opinion,instrument,1,B,2,-1
136,4,0,opinion,instrument,1,B,3,-1
136,4,0,opinion,instrument,1,B,4,-1
136,4,0,opinion,instrument,1,B,5,-1
136,4,0,opinion,instrument,1,C,1,-1
136,4,0,opinion,instrument,1,C,2,0
136,4,0,opinion,instrument,1,C,3,-3
136,4,0,opinion,instrument,1,C,4,-1
136,4,0,opinion,instrument,1,C,5,0
136,4,0,opinion,instrument,1,D,1,-2
136,4,0,opinion,instrument,1,D,2,0
136,4,0,opinion,instrument,1,D,3,1
136,4,0,opinion,instrument,1,D,4,0
136,4,0,opinion,instrument,1,D,5,1
136,4,0,opinion,instrument,1,E,1,1
136,4,0,opinion,instrument,1,E,2,-1
136,4,0,opinion,instrument,1,E,3,0
136,4,0,opinion,instrument,1,E,4,-1
136,4,0,opinion,instrument,1,E,5,1
137,4,0,opinion,instrument,2,A,1,-1
137,4,0,opinion,instrument,2,A,2,1
137,4,0,opinion,instrument,2,A,3,0
137,4,0,opinion,instrument,2,A,4,-1
137,4,0,opinion,instrument,2,A,5,-1
137,4,0,opinion,instrument,2,B,1,-1
137,4,0,opinion,instrument,2,B,2,0
137,4,0,opinion,instrument,2,B,3,-1
137,4,0,opinion,instrument,2,B,4,-1
137,4,0,opinion,instrument,2,B,5,-1
137,4,0,opinion,instrument,2,C,1,0
137,4,0,opinion,instrument,2,C,2,-1
137,4,0,opinion,instrument,2,C,3,-1
137,4,0,opinion,instrument,2,C,4,0
137,4,0,opinion,instrument,2,C,5,0
137,4,0,opinion,instrument,2,D,1,0
137,4,0,opinion,instrument,2,D,2,-1
137,4,0,opinion,instrument,2,D,3,0
137,4,0,opinion,instrument,2,D,4,0
137,4,0,opinion,instrument,2,D,5,0
137,4,0,opinion,instrument,2,E,1,1
137,4,0,opinion,instrument,2,E,2,-2
137,4,0,opinion,instrument,2,E,3,2
137,4,0,opinion,instrument,2,E,4,-1
137,4,0,opinion,instrument,2,E,5,-1
138,4,0,opinion,instrument,3,A,1,0
138,4,0,opinion,instrument,3,A,2,0
138,4,0,opinion,instrument,3,A,3,-1
138,4,0,opinion,instrument,3,A,4,-2
138,4,0,opinion,instrument,3,A,5,0
138,4,0,opinion,instrument,3,B,1,0
138,4,0,opinion,instrument,3,B,2,-1
138,4,0,opinion,instrument,3,B,3,-1
138,4,0,opinion,instrument,3,B,4,0
138,4,0,opinion,instrument,3,B,5,0
138,4,0,opinion,instrument,3,C,1,0
138,4,0,opinion,instrument,3,C,2,0
138,4,0,opinion,instrument,3,C,3,0
138,4,0,opinion,instrument,3,C,4,-2
138,4,0,opinion,instrument,3,C,5,0
138,4,0,opinion,instrument,3,D,1,-2
138,4,0,opinion,instrument,3,D,2,-1
138,4,0,opinion,instrument,3,D,3,0
138,4,0,opinion,instrument,3,D,4,1
138,4,0,opinion,instrument,3,D,5,-1
138,4,0,opinion,instrument,3,E,1,0
138,4,0,opinion,instrument,3,E,2,-2
138,4,0,opinion,instrument,3,E,3,0
138,4,0,opinion,instrument,3,E,4,0
138,4,0,opinion,instrument,3,E,5,0
139,4,0,advice,everyday,1,A,1,-1
139,4,0,advice,everyday,1,A,2,-1
139,4,0,advice,everyday,1,A,3,-2
139,4,0,advice,everyday,1,A,4,-1
139,4,0,advice,everyday,1,A,5,0
139,4,0,advice,everyday,1,B,1,-1
139,4,0,advice,everyday,1,B,2,-2
139,4,0,advice,everyday,1,B,3,-2
139,4,0,advice,everyday,1,B,4,0
139,4,0,advice,everyday,1,B,5,-1
139,4,0,advice,everyday,1,C,1,-1
139,4,0,advice,everyday,1,C,2,0
139,4,0,advice,everyday,1,C,3,-1
139,4,0,advice,everyday,1,C,4,-1
139,4,0,advice,everyday,1,C,5,-2
139,4,0,advice,everyday,1,D,1,-1
139,4,0,advice,everyday,1,D,2,-1
139,4,0,advice,everyday,1,D,3,-1
139,4,0,advice,everyday,1,D,4,1
139,4,0,advice,everyday,1,D,5,-2
139,4,0,advice,everyday,1,E,1,0
139,4,0,advice,everyday,1,E,2,0
139,4,0,advice,everyday,1,E,3,-1
139,4,0,advice,everyday,1,E,4,0
139,4,0,advice,everyday,1,E,5,0
140,4,0,advice,everyday,2,A,1,-2
140,4,0,advice,everyday,2,A,2,0
140,4,0,advice,everyday,2,A,3,-2
140,4,0,advice,everyday,2,A,4,-1
140,4,0,advice,everyday,2,A,5,0
140,4,0,advice,everyday,2,B,1,-2
140,4,0,advice,everyday,2,B,2,0
140,4,0,advice,everyday,2,B,3,0
140,4,0,advice,everyday,2,B,4,0
140,4,0,advice,everyday,2,B,5,-1
140,4,0,advice,everyday,2,C,1,0
140,4,0,advice,everyday,2,C,2,-2
140,4,0,advice,everyday,2,C,3,0
140,4,0,advice,everyday,2,C,4,-2
140,4,0,advice,everyday,2,C,5,0
140,4,0,advice,everyday,2,D,1,-2
140,4,0,advice,everyday,2,D,2,-1
140,4,0,advice,everyday,2,D,3,0
140,4,0,advice,everyday,2,D,4,-2
140,4,0,advice,everyday,2,D,5,1
140,4,0,advice,everyday,2,E,1,-1
140,4,0,advice,everyday,2,E,2,-2
140,4,0,advice,everyday,2,E,3,-1
140,4,0,advice,everyday,2,E,4,0
140,4,0,advice,everyday,2,E,5,-1
141,4,0,advice,everyday,3,A,1,-2
141,4,0,advice,everyday,3,A,2,0
141,4,0,advice,everyday,3,A,3,-1
141,4,0,advice,everyday,3,A,4,-1
141,4,0,advice,everyday,3,A,5,0
141,4,0,advice,everyday,3,B,1,0
141,4,0,advice,everyday,3,B,2,-1
141,4,0,advice,everyday,3,B,3,0
141,4,0,advice,everyday,3,B,4,0
141,4,0,advice,everyday,3,B,5,0
141,4,0,advice,everyday,3,C,1,-1
141,4,0,advice,everyday,3,C,2,-1
141,4,0,advice,everyday,3,C,3,-1
141,4,0,advice,everyday,3,C,4,0
141,4,0,advice,everyday,3,C,5,-1
141,4,0,advice,everyday,3,D,1,0
141,4,0,advice,everyday,3,D,2,0
141,4,0,advice,everyday,3,D,3,0
141,4,0,advice,everyday,3,D,4,-1
141,4,0,advice,everyday,3,D,5,0
141,4,0,advice,everyday,3,E,1,-1
141,4,0,advice,everyday,3,E,2,-1
141,4,0,advice,everyday,3,E,3,-1
141,4,0,advice,everyday,3,E,4,-1
141,4,0,advice,everyday,3,E,5,-1
142,4,0,advice,instrument,1,A,1,0
142,4,0,advice,instrument,1,A,2,-1
142,4,0,advice,instrument,1,A,3,0
142,4,0,advice,instrument,1,A,4,-1
142,4,0,advice,instrument,1,A,5,0
142,4,0,advice,instrument,1,B,1,0
142,4,0,advice,instrument,1,B,2,-1
142,4,0,advice,instrument,1,B,3,-1
142,4,0,advice,instrument,1,B,4,0
142,4,0,advice,instrument,1,B,5,0
142,4,0,advice,instrument,1,C,1,-1
142,4,0,advice,instrument,1,C,2,0
142,4,0,advice,instrument,1,C,3,-1
142,4,0,advice,instrument,1,C,4,-1
142,4,0,advice,instrument,1,C,5,-1
142,4,0,advice,instrument,1,D,1,-1
142,4,0,advice,instrument,1,D,2,1
142,4,0,advice,instrument,1,D,3,1
142,4,0,advice,instrument,1,D,4,-1
142,4,0,advice,instrument,1,D,5,0
142,4,0,advice,instrument,1,E,1,-1
142,4,0,advice,instrument,1,E,2,0
142,4,0,advice,instrument,1,E,3,-1
142,4,0,advice,instrument,1,E,4,0
142,4,0,advice,instrument,1,E,5,0
143,4,0,advice,instrument,2,A,1,-2
143,4,0,advice,instrument,2,A,2,0
143,4,0,advice,instrument,2,A,3,0
143,4,0,advice,instrument,2,A,4,0
143,4,0,advice,instrument,2,A,5,-1
143,4,0,advice,instrument,2,B,1,0
143,4,0,advice,instrument,2,B,2,0
143,4,0,advice,instrument,2,B,3,0
143,4,0,advice,instrument,2,B,4,1
143,4,0,advice,instrument,2,B,5,0
143,4,0,advice,instrument,2,C,1,1
143,4,0,advice,instrument,2,C,2,-1
143,4,0,advice,instrument,2,C,3,1
143,4,0,advice,instrument,2,C,4,-1
143,4,0,advice,instrument,2,C,5,-2
143,4,0,advice,instrument,2,D,1,0
143,4,0,advice,instrument,2,D,2,0
143,4,0,advice,instrument,2,D,3,1
143,4,0,advice,instrument,2,D,4,-1
143,4,0,advice,instrument,2,D,5,1
143,4,0,advice,instrument,2,E,1,0
143,4,0,advice,instrument,2,E,2,0
143,4,0,advice,instrument,2,E,3,-1
143,4,0,advice,instrument,2,E,4,-1
143,4,0,advice,instrument,2,E,5,1
144,4,0,advice,instrument,3,A,1,0
144,4,0,advice,instrument,3,A,2,0
144,4,0,advice,instrument,3,A,3,-1
144,4,0,advice,instrument,3,A,4,0
144,4,0,advice,instrument,3,A,5,0
144,4,0,advice,instrument,3,B,1,0
144,4,0,advice,instrument,3,B,2,0
144,4,0,advice,instrument,3,B,3,1
144,4,0,advice,instrument,3,B,4,0
144,4,0,advice,instrument,3,B,5,-1
144,4,0,advice,instrument,3,C,1,1
144,4,0,advice,instrument,3,C,2,-1
144,4,0,advice,instrument,3,C,3,1
144,4,0,advice,instrument,3,C,4,0
144,4,0,advice,instrument,3,C,5,1
144,4,0,advice,instrument,3,D,1,-1
144,4,0,advice,instrument,3,D,2,0
144,4,0,advice,instrument,3,D,3,0
144,4,0,advice,instrument,3,D,4,2
144,4,0,advice,instrument,3,D,5,0
144,4,0,advice,instrument,3,E,1,0
144,4,0,advice,instrument,3,E,2,1
144,4,0,advice,instrument,3,E,3,0
144,4,0,advice,instrument,3,E,4,0
144,4,0,advice,instrument,3,E,5,0
145,5,0,summary,everyday,1,A,1,-1
145,5,0,summary,everyday,1,A,2,0
145,5,0,summary,everyday,1,A,3,-2
145,5,0,summary,everyday,1,A,4,0
145,5,0,summary,everyday,1,A,5,-1
145,5,0,summary,everyday,1,B,1,-1
145,5,0,summary,everyday,1,B,2,1
145,5,0,summary,everyday,1,B,3,-2
145,5,0,summary,everyday,1,B,4,2
145,5,0,summary,everyday,1,B,5,0
145,5,0,summary,everyday,1,C,1,0
145,5,0,summary,everyday,1,C,2,-1
145,5,0,summary,everyday,1,C,3,0
145,5,0,summary,everyday,1,C,4,0
145,5,0,summary,everyday,1,C,5,0
145,5,0,summary,everyday,1,D,1,-1
145,5,0,summary,everyday,1,D,2,0
145,5,0,summary,everyday,1,D,3,1
145,5,0,summary,everyday,1,D,4,0
145,5,0,summary,everyday,1,D,5,0
145,5,0,summary,everyday,1,E,1,-1
145,5,0,summary,everyday,1,E,2,-1
145,5,0,summary,everyday,1,E,3,0
145,5,0,summary,everyday,1,E,4,-1
145,5,0,summary,everyday,1,E,5,0
146,5,0,summary,everyday,2,A,1,-1
146,5,0,summary,everyday,2,A,2,-1
146,5,0,summary,everyday,2,A,3,0
146,5,0,summary,everyday,2,A,4,1
146,5,0,summary,everyday,2,A,5,-1
146,5,0,summary,everyday,2,B,1,0
146,5,0,summary,everyday,2,B,2,-1
146,5,0,summary,everyday,2,B,3,0
146,5,0,summary,everyday,2,B,4,0
146,5,0,summary,everyday,2,B,5,0
146,5,0,summary,everyday,2,C,1,2
146,5,0,summary,everyday,2,C,2,1
146,5,0,summary,everyday,2,C,3,1
146,5,0,summary,everyday,2,C,4,1
146,5,0,summary,everyday,2,C,5,1
146,5,0,summary,everyday,2,D,1,1
146,5,0,summary,everyday,2,D,2,1
146,5,0,summary,everyday,2,D,3,0
146,5,0,summary,everyday,2,D,4,1
146,5,0,summary,everyday,2,D,5,1
146,5,0,summary,everyday,2,E,1,-1
146,5,0,summary,everyday,2,E,2,-1
146,5,0,summary,everyday,2,E,3,1
146,5,0,summary,everyday,2,E,4,2
146,5,0,summary,everyday,2,E,5,1
147,5,0,summary,everyday,3,A,1,-1
147,5,0,summary,everyday,3,A,2,-2
147,5,0,summary,everyday,3,A,3,0
147,5,0,summary,everyday,3,A,4,0
147,5,0,summary,everyday,3,A,5,-1
147,5,0,summary,everyday,3,B,1,1
147,5,0,summary,everyday,3,B,2,0
147,5,0,summary,everyday,3,B,3,-1
147,5,0,summary,everyday,3,B,4,0
147,5,0,summary,everyday,3,B,5,1
147,5,0,summary,everyday,3,C,1,0
147,5,0,summary,everyday,3,C,2,0
147,5,0,summary,everyday,3,C,3,1
147,5,0,summary,everyday,3,C,4,-1
147,5,0,summary,everyday,3,C,5,1
147,5,0,summary,everyday,3,D,1,-1
147,5,0,summary,everyday,3,D,2,0
147,5,0,summary,everyday,3,D,3,0
147,5,0,summary,everyday,3,D,4,0
147,5,0,summary,everyday,3,D,5,1
147,5,0,summary,everyday,3,E,1,1
147,5,0,summary,everyday,3,E,2,1
147,5,0,summary,everyday,3,E,3,1
147,5,0,summary,everyday,3,E,4,0
147,5,0,summary,everyday,3,E,5,0
148,5,0,summary,instrument,1,A,1,-1
148,5,0,summary,instrument,1,A,2,0
148,5,0,summary,instrument,1,A,3,1
148,5,0,summary,instrument,1,A,4,1
148,5,0,summary,instrument,1,A,5,0
148,5,0,summary,instrument,1,B,1,0
148,5,0,summary,instrument,1,B,2,0
148,5,0,summary,instrument,1,B,3,0
148,5,0,summary,instrument,1,B,4,0
148,5,0,summary,instrument,1,B,5,1
148,5,0,summary,instrument,1,C,1,0
148,5,0,summary,instrument,1,C,2,0
148,5,0,summary,instrument,1,C,3,0
148,5,0,summary,instrument,1,C,4,1
148,5,0,summary,instrument,1,C,5,0
148,5,0,summary,instrument,1,D,1,0
148,5,0,summary,instrument,1,D,2,0
148,5,0,summary,instrument,1,D,3,0
148,5,0,summary,instrument,1,D,4,1
148,5,0,summary,instrument,1,D,5,0
148,5,0,summary,instrument,1,E,1,-1
148,5,0,summary,instrument,1,E,2,-1
148,5,0,summary,instrument,1,E,3,-1
148,5,0,summary,instrument,1,E,4,1
148,5,0,summary,instrument,1,E,5,1
149,5,0,summary,instrument,2,A,1,-1
149,5,0,summary,instrument,2,A,2,1
149,5,0,summary,instrument,2,A,3,-1
149,5,0,summary,instrument,2,A,4,1
149,5,0,summary,instrument,2,A,5,0
149,5,0,summary,instrument,2,B,1,0
149,5,0,summary,instrument,2,B,2,0
149,5,0,summary,instrument,2,B,3,0
149,5,0,summary,instrument,2,B,4,-1
149,5,0,summary,instrument,2,B,5,0
149,5,0,summary,instrument,2,C,1,0
149,5,0,summary,instrument,2,C,2,0
149,5,0,summary,instrument,2,C,3,-1
149,5,0,summary,instrument,2,C,4,0
149,5,0,summary,instrument,2,C,5,-1
149,5,0,summary,instrument,2,D,1,0
149,5,0,summary,instrument,2,D,2,0
149,5,0,summary,instrument,2,D,3,0
149,5,0,summary,instrument,2,D,4,0
149,5,0,summary,instrument,2,D,5,0
149,5,0,summary,instrument,2,E,1,1
149,5,0,summary,instrument,2,E,2,1
149,5,0,summary,instrument,2,E,3,2
149,5,0,summary,instrument,2,E,4,-1
149,5,0,summary,instrument,2,E,5,1
150,5,0,summary,instrument,3,A,1,-1
150,5,0,summary,instrument,3,A,2,0
150,5,0,summary,instrument,3,A,3,-1
150,5,0,summary,instrument,3,A,4,0
150,5,0,summary,instrument,3,A,5,0
150,5,0,summary,instrument,3,B,1,1
150,5,0,summary,instrument,3,B,2,0
150,5,0,summary,instrument,3,B,3,-1
150,5,0,summary,instrument,3,B,4,0
150,5,0,summary,instrument,3,B,5,-1
150,5,0,summary,instrument,3,C,1,-1
150,5,0,summary,instrument,3,C,2,0
150,5,0,summary,instrument,3,C,3,1
150,5,0,summary,instrument,3,C,4,-1
150,5,0,summary,instrument,3,C,5,0
150,5,0,summary,instrument,3,D,1,-1
150,5,0,summary,instrument,3,D,2,-1
150,5,0,summary,instrument,3,D,3,2
150,5,0,summary,instrument,3,D,4,0
150,5,0,summary,instrument,3,D,5,2
150,5,0,summary,instrument,3,E,1,1
150,5,0,summary,instrument,3,E,2,0
150,5,0,summary,instrument,3,E,3,1
150,5,0,summary,instrument,3,E,4,0
150,5,0,summary,instrument,3,E,5,0
151,5,0,explanation,everyday,1,A,1,-1
151,5,0,explanation,everyday,1,A,2,-1
151,5,0,explanation,everyday,1,A,3,-1
151,5,0,explanation,everyday,1,A,4,1
151,5,0,explanation,everyday,1,A,5,-1
151,5,0,explanation,everyday,1,B,1,-1
151,5,0,explanation,everyday,1,B,2,-1
151,5,0,explanation,everyday,1,B,3,-1
151,5,0,explanation,everyday,1,B,4,1
151,5,0,explanation,everyday,1,B,5,-1
151,5,0,explanation,everyday,1,C,1,0
151,5,0,explanation,everyday,1,C,2,0
151,5,0,explanation,everyday,1,C,3,-2
151,5,0,explanation,everyday,1,C,4,0
151,5,0,explanation,everyday,1,C,5,-1
151,5,0,explanation,everyday,1,D,1,-1
151,5,0,explanation,everyday,1,D,2,-1
151,5,0,explanation,everyday,1,D,3,0
151,5,0,explanation,everyday,1,D,4,-2
151,5,0,explanation,everyday,1,D,5,-2
151,5,0,explanation,everyday,1,E,1,-2
151,5,0,explanation,everyday,1,E,2,0
151,5,0,explanation,everyday,1,E,3,0
151,5,0,explanation,everyday,1,E,4,-1
151,5,0,explanation,everyday,1,E,5,0
152,5,0,explanation,everyday,2,A,1,0
152,5,0,explanation,everyday,2,A,2,1
152,5,0,explanation,everyday,2,A,3,-1
152,5,0,explanation,everyday,2,A,4,-2
152,5,0,explanation,everyday,2,A,5,-1
152,5,0,explanation,everyday,2,B,1,0
152,5,0,explanation,everyday,2,B,2,1
152,5,0,explanation,everyday,2,B,3,1
152,5,0,explanation,everyday,2,B,4,0
152,5,0,explanation,everyday,2,B,5,1
152,5,0,explanation,everyday,2,C,1,2
152,5,0,explanation,everyday,2,C,2,1
152,5,0,explanation,everyday,2,C,3,1
152,5,0,explanation,everyday,2,C,4,1
152,5,0,explanation,everyday,2,C,5,-1
152,5,0,explanation,everyday,2,D,1,0
152,5,0,explanation,everyday,2,D,2,1
152,5,0,explanation,everyday,2,D,3,0
152,5,0,explanation,everyday,2,D,4,0
152,5,0,explanation,everyday,2,D,5,-1
152,5,0,explanation,everyday,2,E,1,-1
152,5,0,explanation,everyday,2,E,2,-1
152,5,0,explanation,everyday,2,E,3,1
152,5,0,explanation,everyday,2,E,4,1
152,5,0,explanation,everyday,2,E,5,1
153,5,0,explanation,everyday,3,A,1,-2
153,5,0,explanation,everyday,3,A,2,-1
153,5,0,explanation,everyday,3,A,3,-1
153,5,0,explanation,everyday,3,A,4,0
153,5,0,explanation,everyday,3,A,5,-1
153,5,0,explanation,everyday,3,B,1,-1
153,5,0,explanation,everyday,3,B,2,0
153,5,0,explanation,everyday,3,B,3,-1
153,5,0,explanation,everyday,3,B,4,-1
153,5,0,explanation,everyday,3,B,5,1
153,5,0,explanation,everyday,3,C,1,0
153,5,0,explanation,everyday,3,C,2,-1
153,5,0,explanation,everyday,3,C,3,0
153,5,0,explanation,everyday,3,C,4,-1
153,5,0,explanation,everyday,3,C,5,-2
153,5,0,explanation,everyday,3,D,1,0
153,5,0,explanation,everyday,3,D,2,1
153,5,0,explanation,everyday,3,D,3,0
153,5,0,explanation,everyday,3,D,4,0
153,5,0,explanation,everyday,3,D,5,0
153,5,0,explanation,everyday,3,E,1,0
153,5,0,explanation,everyday,3,E,2,0
153,5,0,explanation,everyday,3,E,3,-1
153,5,0,explanation,everyday,3,E,4,-1
153,5,0,explanation,everyday,3,E,5,0
154,5,0,explanation,instrument,1,A,1,-1
154,5,0,explanation,instrument,1,A,2,0
154,5,0,explanation,instrument,1,A,3,0
154,5,0,explanation,instrument,1,A,4,-1
154,5,0,explanation,instrument,1,A,5,-1
154,5,0,explanation,instrument,1,B,1,2
154,5,0,explanation,instrument,1,B,2,2
154,5,0,explanation,instrument,1,B,3,-2
154,5,0,explanation,instrument,1,B,4,-1
154,5,0,explanation,instrument,1,B,5,0
154,5,0,explanation,instrument,1,C,1,-1
154,5,0,explanation,instrument,1,C,2,0
154,5,0,explanation,instrument,1,C,3,1
154,5,0,explanation,instrument,1,C,4,1
154,5,0,explanation,instrument,1,C,5,0
154,5,0,explanation,instrument,1,D,1,0
154,5,0,explanation,instrument,1,D,2,1
154,5,0,explanation,instrument,1,D,3,1
154,5,0,explanation,instrument,1,D,4,1
154,5,0,explanation,instrument,1,D,5,0
154,5,0,explanation,instrument,1,E,1,0
154,5,0,explanation,instrument,1,E,2,1
154,5,0,explanation,instrument,1,E,3,1
154,5,0,explanation,instrument,1,E,4,1
154,5,0,explanation,instrument,1,E,5,1
155,5,0,explanation,instrument,2,A,1,1
155,5,0,explanation,instrument,2,A,2,-2
155,5,0,explanation,instrument,2,A,3,-1
155,5,0,explanation,instrument,2,A,4,-1
155,5,0,explanation,instrument,2,A,5,-1
155,5,0,explanation,instrument,2,B,1,-1
155,5,0,explanation,instrument,2,B,2,-1
155,5,0,explanation,instrument,2,B,3,1
155,5,0,explanation,instrument,2,B,4,-2
155,5,0,explanation,instrument,2,B,5,0
155,5,0,explanation,instrument,2,C,1,-1
155,5,0,explanation,instrument,2,C,2,-1
155,5,0,explanation,instrument,2,C,3,-2
155,5,0,explanation,instrument,2,C,4,0
155,5,0,explanation,instrument,2,C,5,-1
155,5,0,explanation,instrument,2,D,1,-1
155,5,0,explanation,instrument,2,D,2,1
155,5,0,explanation,instrument,2,D,3,1
155,5,0,explanation,instrument,2,D,4,0
155,5,0,explanation,instrument,2,D,5,-2
155,5,0,explanation,instrument,2,E,1,0
155,5,0,explanation,instrument,2,E,2,-1
155,5,0,explanation,instrument,2,E,3,0
155,5,0,explanation,instrument,2,E,4,1
155,5,0,explanation,instrument,2,E,5,0
156,5,0,explanation,instrument,3,A,1,0
156,5,0,explanation,instrument,3,A,2,-1
156,5,0,explanation,instrument,3,A,3,0
156,5,0,explanation,instrument,3,A,4,2
156,5,0,explanation,instrument,3,A,5,-2
156,5,0,explanation,instrument,3,B,1,1
156,5,0,explanation,instrument,3,B,2,0
156,5,0,explanation,instrument,3,B,3,0
156,5,0,explanation,instrument,3,B,4,-1
156,5,0,explanation,instrument,3,B,5,-2
156,5,0,explanation,instrument,3,C,1,0
156,5,0,explanation,instrument,3,C,2,1
156,5,0,explanation,instrument,3,C,3,1
156,5,0,explanation,instrument,3,C,4,0
156,5,0,explanation,instrument,3,C,5,0
156,5,0,explanation,instrument,3,D,1,0
156,5,0,explanation,instrument,3,D,2,0
156,5,0,explanation,instrument,3,D,3,0
156,5,0,explanation,instrument,3,D,4,1
156,5,0,explanation,instrument,3,D,5,1
156,5,0,explanation,instrument,3,E,1,1
156,5,0,explanation,instrument,3,E,2,-1
156,5,0,explanation,instrument,3,E,3,-2
156,5,0,explanation,instrument,3,E,4,1
156,5,0,explanation,instrument,3,E,5,0
157,5,0,fairness,everyday,1,A,1,0
157,5,0,fairness,everyday,1,A,2,-1
157,5,0,fairness,everyday,1,A,3,-1
157,5,0,fairness,everyday,1,A,4,1
157,5,0,fairness,everyday,1,A,5,-1
157,5,0,fairness,everyday,1,B,1,0
157,5,0,fairness,everyday,1,B,2,-1
157,5,0,fairness,everyday,1,B,3,-1
157,5,0,fairness,everyday,1,B,4,0
157,5,0,fairness,everyday,1,B,5,2
157,5,0,fairness,everyday,1,C,1,-1
157,5,0,fairness,everyday,1,C,2,0
157,5,0,fairness,everyday,1,C,3,0
157,5,0,fairness,everyday,1,C,4,-1
157,5,0,fairness,everyday,1,C,5,0
157,5,0,fairness,everyday,1,D,1,0
157,5,0,fairness,everyday,1,D,2,1
157,5,0,fairness,everyday,1,D,3,1
157,5,0,fairness,everyday,1,D,4,1
157,5,0,fairness,everyday,1,D,5,-1
157,5,0,fairness,everyday,1,E,1,1
157,5,0,fairness,everyday,1,E,2,1
157,5,0,fairness,everyday,1,E,3,0
157,5,0,fairness,everyday,1,E,4,-1
157,5,0,fairness,everyday,1,E,5,1
158,5,0,fairness,everyday,2,A,1,0
158,5,0,fairness,everyday,2,A,2,1
158,5,0,fairness,everyday,2,A,3,-1
158,5,0,fairness,everyday,2,A,4,-1
158,5,0,fairness,everyday,2,A,5,-1
158,5,0,fairness,everyday,2,B,1,0
158,5,0,fairness,everyday,2,B,2,-1
158,5,0,fairness,everyday,2,B,3,0
158,5,0,fairness,everyday,2,B,4,-3
158,5,0,fairness,everyday,2,B,5,-1
158,5,0,fairness,everyday,2,C,1,-1
158,5,0,fairness,everyday,2,C,2,1
158,5,0,fairness,everyday,2,C,3,-2
158,5,0,fairness,everyday,2,C,4,-1
158,5,0,fairness,everyday,2,C,5,-1
158,5,0,fairness,everyday,2,D,1,0
158,5,0,fairness,everyday,2,D,2,0
158,5,0,fairness,everyday,2,D,3,1
158,5,0,fairness,everyday,2,D,4,1
158,5,0,fairness,everyday,2,D,5,-1
158,5,0,fairness,everyday,2,E,1,0
158,5,0,fairness,everyday,2,E,2,-1
158,5,0,fairness,everyday,2,E,3,1
158,5,0,fairness,everyday,2,E,4,-1
158,5,0,fairness,everyday,2,E,5,0
159,5,0,fairness,everyday,3,A,1,0
159,5,0,fairness,everyday,3,A,2,-2
159,5,0,fairness,everyday,3,A,3,-1
159,5,0,fairness,everyday,3,A,4,0
159,5,0,fairness,everyday,3,A,5,-1
159,5,0,fairness,everyday,3,B,1,2
159,5,0,fairness,everyday,3,B,2,-1
159,5,0,fairness,everyday,3,B,3,-2
159,5,0,fairness,everyday,3,B,4,-1
159,5,0,fairness,everyday,3,B,5,-2
159,5,0,fairness,everyday,3,C,1,-1
159,5,0,fairness,everyday,3,C,2,1
159,5,0,fairness,everyday,3,C,3,-1
159,5,0,fairness,everyday,3,C,4,0
159,5,0,fairness,everyday,3,C,5,0
159,5,0,fairness,everyday,3,D,1,0
159,5,0,fairness,everyday,3,D,2,0
159,5,0,fairness,everyday,3,D,3,-2
159,5,0,fairness,everyday,3,D,4,0
159,5,0,fairness,everyday,3,D,5,1
159,5,0,fairness,everyday,3,E,1,1
159,5,0,fairness,everyday,3,E,2,0
159,5,0,fairness,everyday,3,E,3,-2
159,5,0,fairness,everyday,3,E,4,0
159,5,0,fairness,everyday,3,E,5,0
160,5,0,fairness,instrument,1,A,1,1
160,5,0,fairness,instrument,1,A,2,-2
160,5,0,fairness,instrument,1,A,3,-1
160,5,0,fairness,instrument,1,A,4,0
160,5,0,fairness,instrument,1,A,5,0
160,5,0,fairness,instrument,1,B,1,1
160,5,0,fairness,instrument,1,B,2,0
160,5,0,fairness,instrument,1,B,3,-2
160,5,0,fairness,instrument,1,B,4,-1
160,5,0,fairness,instrument,1,B,5,-1
160,5,0,fairness,instrument,1,C,1,-1
160,5,0,fairness,instrument,1,C,2,0
160,5,0,fairness,instrument,1,C,3,0
160,5,0,fairness,instrument,1,C,4,1
160,5,0,fairness,instrument,1,C,5,-1
160,5,0,fairness,instrument,1,D,1,1
160,5,0,fairness,instrument,1,D,2,1
160,5,0,fairness,instrument,1,D,3,2
160,5,0,fairness,instrument,1,D,4,2
160,5,0,fairness,instrument,1,D,5,0
160,5,0,fairness,instrument,1,E,1,0
160,5,0,fairness,instrument,1,E,2,-2
160,5,0,fairness,instrument,1,E,3,-2
160,5,0,fairness,instrument,1,E,4,0
160,5,0,fairness,instrument,1,E,5,0
161,5,0,fairness,instrument,2,A,1,0
161,5,0,fairness,instrument,2,A,2,0
161,5,0,fairness,instrument,2,A,3,0
161,5,0,fairness,instrument,2,A,4,-1
161,5,0,fairness,instrument,2,A,5,0
161,5,0,fairness,instrument,2,B,1,-1
161,5,0,fairness,instrument,2,B,2,1
161,5,0,fairness,instrument,2,B,3,0
161,5,0,fairness,instrument,2,B,4,0
161,5,0,fairness,instrument,2,B,5,0
161,5,0,fairness,instrument,2,C,1,0
161,5,0,fairness,instrument,2,C,2,0
161,5,0,fairness,instrument,2,C,3,0
161,5,0,fairness,instrument,2,C,4,0
161,5,0,fairness,instrument,2,C,5,0
161,5,0,fairness,instrument,2,D,1,0
161,5,0,fairness,instrument,2,D,2,1
161,5,0,fairness,instrument,2,D,3,0
161,5,0,fairness,instrument,2,D,4,1
161,5,0,fairness,instrument,2,D,5,2
161,5,0,fairness,instrument,2,E,1,-1
161,5,0,fairness,instrument,2,E,2,0
161,5,0,fairness,instrument,2,E,3,0
161,5,0,fairness,instrument,2,E,4,0
161,5,0,fairness,instrument,2,E,5,1
162,5,0,fairness,instrument,3,A,1,-2
162,5,0,fairness,instrument,3,A,2,0
162,5,0,fairness,instrument,3,A,3,-1
162,5,0,fairness,instrument,3,A,4,0
162,5,0,fairness,instrument,3,A,5,1
162,5,0,fairness,instrument,3,B,1,-2
162,5,0,fairness,instrument,3,B,2,-2
162,5,0,fairness,instrument,3,B,3,0
162,5,0,fairness,instrument,3,B,4,0
162,5,0,fairness,instrument,3,B,5,-1
162,5,0,fairness,instrument,3,C,1,-1
162,5,0,fairness,instrument,3,C,2,0
162,5,0,fairness,instrument,3,C,3,2
162,5,0,fairness,instrument,3,C,4,2
162,5,0,fairness,instrument,3,C,5,0
162,5,0,fairness,instrument,3,D,1,0
162,5,0,fairness,instrument,3,D,2,0
162,5,0,fairness,instrument,3,D,3,0
162,5,0,fairness,instrument,3,D,4,0
162,5,0,fairness,instrument,3,D,5,2
162,5,0,fairness,instrument,3,E,1,-1
162,5,0,fairness,instrument,3,E,2,0
162,5,0,fairness,instrument,3,E,3,1
162,5,0,fairness,instrument,3,E,4,0
162,5,0,fairness,instrument,3,E,5,-1
163,5,0,prediction,everyday,1,A,1,-1
163,5,0,prediction,everyday,1,A,2,1
163,5,0,prediction,everyday,1,A,3,-1
163,5,0,prediction,everyday,1,A,4,0
163,5,0,prediction,everyday,1,A,5,0
163,5,0,prediction,everyday,1,B,1,-2
163,5,0,prediction,everyday,1,B,2,-1
163,5,0,prediction,everyday,1,B,3,0
163,5,0,prediction,everyday,1,B,4,-1
163,5,0,prediction,everyday,1,B,5,-1
163,5,0,prediction,everyday,1,C,1,0
163,5,0,prediction,everyday,1,C,2,0
163,5,0,prediction,everyday,1,C,3,-1
163,5,0,prediction,everyday,1,C,4,-1
163,5,0,prediction,everyday,1,C,5,0
163,5,0,prediction,everyday,1,D,1,-1
163,5,0,prediction,everyday,1,D,2,0
163,5,0,prediction,everyday,1,D,3,1
163,5,0,prediction,everyday,1,D,4,1
163,5,0,prediction,everyday,1,D,5,0
163,5,0,prediction,everyday,1,E,1,1
163,5,0,prediction,everyday,1,E,2,-1
163,5,0,prediction,everyday,1,E,3,1
163,5,0,prediction,everyday,1,E,4,0
163,5,0,prediction,everyday,1,E,5,0
164,5,0,prediction,everyday,2,A,1,0
164,5,0,prediction,everyday,2,A,2,0
164,5,0,prediction,everyday,2,A,3,-3
164,5,0,prediction,everyday,2,A,4,-2
164,5,0,prediction,everyday,2,A,5,-1
164,5,0,prediction,everyday,2,B,1,0
164,5,0,prediction,everyday,2,B,2,0
164,5,0,prediction,everyday,2,B,3,-1
164,5,0,prediction,everyday,2,B,4,0
164,5,0,prediction,everyday,2,B,5,-1
164,5,0,prediction,everyday,2,C,1,1
164,5,0,prediction,everyday,2,C,2,0
164,5,0,prediction,everyday,2,C,3,0
164,5,0,prediction,everyday,2,C,4,-1
164,5,0,prediction,everyday,2,C,5,-2
164,5,0,prediction,everyday,2,D,1,0
164,5,0,prediction,everyday,2,D,2,0
164,5,0,prediction,everyday,2,D,3,0
164,5,0,prediction,everyday,2,D,4,-1
164,5,0,prediction,everyday,2,D,5,0
164,5,0,prediction,everyday,2,E,1,-1
164,5,0,prediction,everyday,2,E,2,0
164,5,0,prediction,everyday,2,E,3,0
164,5,0,prediction,everyday,2,E,4,-1
164,5,0,prediction,everyday,2,E,5,-1
165,5,0,prediction,everyday,3,A,1,0
165,5,0,prediction,everyday,3,A,2,0
165,5,0,prediction,everyday,3,A,3,1
165,5,0,prediction,everyday,3,A,4,-1
165,5,0,prediction,everyday,3,A,5,0
165,5,0,prediction,everyday,3,B,1,0
165,5,0,prediction,everyday,3,B,2,0
165,5,0,prediction,everyday,3,B,3,-2
165,5,0,prediction,everyday,3,B,4,0
165,5,0,prediction,everyday,3,B,5,1
165,5,0,prediction,everyday,3,C,1,1
165,5,0,prediction,everyday,3,C,2,-1
165,5,0,prediction,everyday,3,C,3,0
165,5,0,prediction,everyday,3,C,4,0
165,5,0,prediction,everyday,3,C,5,0
165,5,0,prediction,everyday,3,D,1,1
165,5,0,prediction,everyday,3,D,2,0
165,5,0,prediction,everyday,3,D,3,1
165,5,0,prediction,everyday,3,D,4,1
165,5,0,prediction,everyday,3,D,5,1
165,5,0,prediction,everyday,3,E,1,0
165,5,0,prediction,everyday,3,E,2,1
165,5,0,prediction,everyday,3,E,3,1
165,5,0,prediction,everyday,3,E,4,1
165,5,0,prediction,everyday,3,E,5,0
166,5,0,prediction,instrument,1,A,1,0
166,5,0,prediction,instrument,1,A,2,0
166,5,0,prediction,instrument,1,A,3,0
166,5,0,prediction,instrument,1,A,4,1
166,5,0,prediction,instrument,1,A,5,0
166,5,0,prediction,instrument,1,B,1,3
166,5,0,prediction,instrument,1,B,2,-1
166,5,0,prediction,instrument,1,B,3,1
166,5,0,prediction,instrument,1,B,4,1
166,5,0,prediction,instrument,1,B,5,0
166,5,0,prediction,instrument,1,C,1,1
166,5,0,prediction,instrument,1,C,2,0
166,5,0,prediction,instrument,1,C,3,0
166,5,0,prediction,instrument,1,C,4,0
166,5,0,prediction,instrument,1,C,5,0
166,5,0,prediction,instrument,1,D,1,1
166,5,0,prediction,instrument,1,D,2,1
166,5,0,prediction,instrument,1,D,3,-1
166,5,0,prediction,instrument,1,D,4,1
166,5,0,prediction,instrument,1,D,5,0
166,5,0,prediction,instrument,1,E,1,2
166,5,0,prediction,instrument,1,E,2,0
166,5,0,prediction,instrument,1,E,3,1
166,5,0,prediction,instrument,1,E,4,1
166,5,0,prediction,instrument,1,E,5,1
167,5,0,prediction,instrument,2,A,1,-2
167,5,0,prediction,instrument,2,A,2,0
167,5,0,prediction,instrument,2,A,3,1
167,5,0,prediction,instrument,2,A,4,0
167,5,0,prediction,instrument,2,A,5,0
167,5,0,prediction,instrument,2,B,1,-2
167,5,0,prediction,instrument,2,B,2,0
167,5,0,prediction,instrument,2,B,3,-1
167,5,0,prediction,instrument,2,B,4,-1
167,5,0,prediction,instrument,2,B,5,0
167,5,0,prediction,instrument,2,C,1,1
167,5,0,prediction,instrument,2,C,2,-1
167,5,0,prediction,instrument,2,C,3,0
167,5,0,prediction,instrument,2,C,4,0
167,5,0,prediction,instrument,2,C,5,0
167,5,0,prediction,instrument,2,D,1,-1
167,5,0,prediction,instrument,2,D,2,0
167,5,0,prediction,instrument,2,D,3,0
167,5,0,prediction,instrument,2,D,4,0
167,5,0,prediction,instrument,2,D,5,0
167,5,0,prediction,instrument,2,E,1,-1
167,5,0,prediction,instrument,2,E,2,-1
167,5,0,prediction,instrument,2,E,3,0
167,5,0,prediction,instrument,2,E,4,-1
167,5,0,prediction,instrument,2,E,5,0
168,5,0,prediction,instrument,3,A,1,0
168,5,0,prediction,instrument,3,A,2,0
168,5,0,prediction,instrument,3,A,3,-1
168,5,0,prediction,instrument,3,A,4,-1
168,5,0,prediction,instrument,3,A,5,1
168,5,0,prediction,instrument,3,B,1,0
168,5,0,prediction,instrument,3,B,2,0
168,5,0,prediction,instrument,3,B,3,-2
168,5,0,prediction,instrument,3,B,4,1
168,5,0,prediction,instrument,3,B,5,1
168,5,0,prediction,instrument,3,C,1,1
168,5,0,prediction,instrument,3,C,2,0
168,5,0,prediction,instrument,3,C,3,-1
168,5,0,prediction,instrument,3,C,4,-1
168,5,0,prediction,instrument,3,C,5,0
168,5,0,prediction,instrument,3,D,1,0
168,5,0,prediction,instrument,3,D,2,1
168,5,0,prediction,instrument,3,D,3,2
168,5,0,prediction,instrument,3,D,4,0
168,5,0,prediction,instrument,3,D,5,-1
168,5,0,prediction,instrument,3,E,1,0
168,5,0,prediction,instrument,3,E,2,-1
168,5,0,prediction,instrument,3,E,3,0
168,5,0,prediction,instrument,3,E,4,-1
168,5,0,prediction,instrument,3,E,5,0
169,5,0,opinion,everyday,1,A,1,-2
169,5,0,opinion,everyday,1,A,2,-1
169,5,0,opinion,everyday,1,A,3,-2
169,5,0,opinion,everyday,1,A,4,0
169,5,0,opinion,everyday,1,A,5,-1
169,5,0,opinion,everyday,1,B,1,0
169,5,0,opinion,everyday,1,B,2,-1
169,5,0,opinion,everyday,1,B,3,0
169,5,0,opinion,everyday,1,B,4,-2
169,5,0,opinion,everyday,1,B,5,-1
169,5,0,opinion,everyday,1,C,1,0
169,5,0,opinion,everyday,1,C,2,-2
169,5,0,opinion,everyday,1,C,3,0
169,5,0,opinion,everyday,1,C,4,0
169,5,0,opinion,everyday,1,C,5,0
169,5,0,opinion,everyday,1,D,1,-1
169,5,0,opinion,everyday,1,D,2,0
169,5,0,opinion,everyday,1,D,3,0
169,5,0,opinion,everyday,1,D,4,-1
169,5,0,opinion,everyday,1,D,5,-1
169,5,0,opinion,everyday,1,E,1,1
169,5,0,opinion,everyday,1,E,2,-1
169,5,0,opinion,everyday,1,E,3,-1
169,5,0,opinion,everyday,1,E,4,1
169,5,0,opinion,everyday,1,E,5,1
170,5,0,opinion,everyday,2,A,1,0
170,5,0,opinion,everyday,2,A,2,-2
170,5,0,opinion,everyday,2,A,3,-3
170,5,0,opinion,everyday,2,A,4,0
170,5,0,opinion,everyday,2,A,5,-1
170,5,0,opinion,everyday,2,B,1,-1
170,5,0,opinion,everyday,2,B,2,0
170,5,0,opinion,everyday,2,B,3,-1
170,5,0,opinion,everyday,2,B,4,1
170,5,0,opinion,everyday,2,B,5,-3
170,5,0,opinion,everyday,2,C,1,0
170,5,0,opinion,everyday,2,C,2,-2
170,5,0,opinion,everyday,2,C,3,0
170,5,0,opinion,everyday,2,C,4,0
170,5,0,opinion,everyday,2,C,5,0
170,5,0,opinion,everyday,2,D,1,-1
170,5,0,opinion,everyday,2,D,2,1
170,5,0,opinion,everyday,2,D,3,-1
170,5,0,opinion,everyday,2,D,4,1
170,5,0,opinion,everyday,2,D,5,0
170,5,0,opinion,everyday,2,E,1,-1
170,5,0,opinion,everyday,2,E,2,-1
170,5,0,opinion,everyday,2,E,3,1
170,5,0,opinion,everyday,2,E,4,-2
170,5,0,opinion,everyday,2,E,5,-1
171,5,0,opinion,everyday,3,A,1,-1
171,5,0,opinion,everyday,3,A,2,-1
171,5,0,opinion,everyday,3,A,3,0
171,5,0,opinion,everyday,3,A,4,-1
171,5,0,opinion,everyday,3,A,5,-1
171,5,0,opinion,everyday,3,B,1,-1
171,5,0,opinion,everyday,3,B,2,0
171,5,0,opinion,everyday,3,B,3,-1
171,5,0,opinion,everyday,3,B,4,0
171,5,0,opinion,everyday,3,B,5,-1
171,5,0,opinion,everyday,3,C,1,1
171,5,0,opinion,everyday,3,C,2,0
171,5,0,opinion,everyday,3,C,3,-2
171,5,0,opinion,everyday,3,C,4,-1
171,5,0,opinion,everyday,3,C,5,0
171,5,0,opinion,everyday,3,D,1,2
171,5,0,opinion,everyday,3,D,2,1
171,5,0,opinion,everyday,3,D,3,-1
171,5,0,opinion,everyday,3,D,4,1
171,5,0,opinion,everyday,3,D,5,0
171,5,0,opinion,everyday,3,E,1,-2
171,5,0,opinion,everyday,3,E,2,0
171,5,0,opinion,everyday,3,E,3,-1
171,5,0,opinion,everyday,3,E,4,0
171,5,0,opinion,everyday,3,E,5,0
172,5,0,opinion,instrument,1,A,1,-1
172,5,0,opinion,instrument,1,A,2,0
172,5,0,opinion,instrument,1,A,3,1
172,5,0,opinion,instrument,1,A,4,0
172,5,0,opinion,instrument,1,A,5,0
172,5,0,opinion,instrument,1,B,1,0
172,5,0,opinion,instrument,1,B,2,1
172,5,0,opinion,instrument,1,B,3,0
172,5,0,opinion,instrument,1,B,4,-1
172,5,0,opinion,instrument,1,B,5,0
172,5,0,opinion,instrument,1,C,1,2
172,5,0,opinion,instrument,1,C,2,0
172,5,0,opinion,instrument,1,C,3,0
172,5,0,opinion,instrument,1,C,4,-1
172,5,0,opinion,instrument,1,C,5,0
172,5,0,opinion,instrument,1,D,1,0
172,5,0,opinion,instrument,1,D,2,1
172,5,0,opinion,instrument,1,D,3,1
172,5,0,opinion,instrument,1,D,4,0
172,5,0,opinion,instrument,1,D,5,0
172,5,0,opinion,instrument,1,E,1,-1
172,5,0,opinion,instrument,1,E,2,1
172,5,0,opinion,instrument,1,E,3,0
172,5,0,opinion,instrument,1,E,4,-1
172,5,0,opinion,instrument,1,E,5,0
173,5,0,opinion,instrument,2,A,1,0
173,5,0,opinion,instrument,2,A,2,1
173,5,0,opinion,instrument,2,A,3,1
173,5,0,opinion,instrument,2,A,4,-1
173,5,0,opinion,instrument,2,A,5,-1
173,5,0,opinion,instrument,2,B,1,0
173,5,0,opinion,instrument,2,B,2,1
173,5,0,opinion,instrument,2,B,3,1
173,5,0,opinion,instrument,2,B,4,2
173,5,0,opinion,instrument,2,B,5,-1
173,5,0,opinion,instrument,2,C,1,0
173,5,0,opinion,instrument,2,C,2,0
173,5,0,opinion,instrument,2,C,3,1
173,5,0,opinion,instrument,2,C,4,1
173,5,0,opinion,instrument,2,C,5,1
173,5,0,opinion,instrument,2,D,1,1
173,5,0,opinion,instrument,2,D,2,0
173,5,0,opinion,instrument,2,D,3,0
173,5,0,opinion,instrument,2,D,4,-1
173,5,0,opinion,instrument,2,D,5,1
173,5,0,opinion,instrument,2,E,1,1
173,5,0,opinion,instrument,2,E,2,0
173,5,0,opinion,instrument,2,E,3,1
173,5,0,opinion,instrument,2,E,4,-1
173,5,0,opinion,instrument,2,E,5,1
174,5,0,opinion,instrument,3,A,1,-1
174,5,0,opinion,instrument,3,A,2,-1
174,5,0,opinion,instrument,3,A,3,0
174,5,0,opinion,instrument,3,A,4,1
174,5,0,opinion,instrument,3,A,5,-3
174,5,0,opinion,instrument,3,B,1,-2
174,5,0,opinion,instrument,3,B,2,-1
174,5,0,opinion,instrument,3,B,3,-1
174,5,0,opinion,instrument,3,B,4,-1
174,5,0,opinion,instrument,3,B,5,-1
174,5,0,opinion,instrument,3,C,1,0
174,5,0,opinion,instrument,3,C,2,0
174,5,0,opinion,instrument,3,C,3,-2
174,5,0,opinion,instrument,3,C,4,-1
174,5,0,opinion,instrument,3,C,5,-1
174,5,0,opinion,instrument,3,D,1,1
174,5,0,opinion,instrument,3,D,2,1
174,5,0,opinion,instrument,3,D,3,-2
174,5,0,opinion,instrument,3,D,4,0
174,5,0,opinion,instrument,3,D,5,-1
174,5,0,opinion,instrument,3,E,1,-1
174,5,0,opinion,instrument,3,E,2,0
174,5,0,opinion,instrument,3,E,3,1
174,5,0,opinion,instrument,3,E,4,-1
174,5,0,opinion,instrument,3,E,5,-1
175,5,0,advice,everyday,1,A,1,-1
175,5,0,advice,everyday,1,A,2,-1
175,5,0,advice,everyday,1,A,3,-1
175,5,0,advice,everyday,1,A,4,-1
175,5,0,advice,everyday,1,A,5,0
175,5,0,advice,everyday,1,B,1,0
175,5,0,advice,everyday,1,B,2,-1
175,5,0,advice,everyday,1,B,3,-1
175,5,0,advice,everyday,1,B,4,-1
175,5,0,advice,everyday,1,B,5,0
175,5,0,advice,everyday,1,C,1,-1
175,5,0,advice,everyday,1,C,2,0
175,5,0,advice,everyday,1,C,3,-2
175,5,0,advice,everyday,1,C,4,-1
175,5,0,advice,everyday,1,C,5,-1
175,5,0,advice,everyday,1,D,1,1
175,5,0,advice,everyday,1,D,2,-1
175,5,0,advice,everyday,1,D,3,2
175,5,0,advice,everyday,1,D,4,1
175,5,0,advice,everyday,1,D,5,0
175,5,0,advice,everyday,1,E,1,1
175,5,0,advice,everyday,1,E,2,0
175,5,0,advice,everyday,1,E,3,-1
175,5,0,advice,everyday,1,E,4,0
175,5,0,advice,everyday,1,E,5,0
176,5,0,advice,everyday,2,A,1,-1
176,5,0,advice,everyday,2,A,2,0
176,5,0,advice,everyday,2,A,3,1
176,5,0,advice,everyday,2,A,4,-2
176,5,0,advice,everyday,2,A,5,1
176,5,0,advice,everyday,2,B,1,1
176,5,0,advice,everyday,2,B,2,0
176,5,0,advice,everyday,2,B,3,0
176,5,0,advice,everyday,2,B,4,0
176,5,0,advice,everyday,2,B,5,0
176,5,0,advice,everyday,2,C,1,-1
176,5,0,advice,everyday,2,C,2,-2
176,5,0,advice,everyday,2,C,3,1
176,5,0,advice,everyday,2,C,4,-1
176,5,0,advice,everyday,2,C,5,0
176,5,0,advice,everyday,2,D,1,1
176,5,0,advice,everyday,2,D,2,2
176,5,0,advice,everyday,2,D,3,1
176,5,0,advice,everyday,2,D,4,1
176,5,0,advice,everyday,2,D,5,0
176,5,0,advice,everyday,2,E,1,-1
176,5,0,advice,everyday,2,E,2,0
176,5,0,advice,everyday,2,E,3,-1
176,5,0,advice,everyday,2,E,4,0
176,5,0,advice,everyday,2,E,5,1
177,5,0,advice,everyday,3,A,1,-1
177,5,0,advice,everyday,3,A,2,0
177,5,0,advice,everyday,3,A,3,1
177,5,0,advice,everyday,3,A,4,0
177,5,0,advice,everyday,3,A,5,-1
177,5,0,advice,everyday,3,B,1,0
177,5,0,advice,everyday,3,B,2,0
177,5,0,advice,everyday,3,B,3,-1
177,5,0,advice,everyday,3,B,4,0
177,5,0,advice,everyday,3,B,5,0
177,5,0,advice,everyday,3,C,1,-2
177,5,0,advice,everyday,3,C,2,-1
177,5,0,advice,everyday,3,C,3,0
177,5,0,advice,everyday,3,C,4,-1
177,5,0,advice,everyday,3,C,5,0
177,5,0,advice,everyday,3,D,1,-1
177,5,0,advice,everyday,3,D,2,1
177,5,0,advice,everyday,3,D,3,1
177,5,0,advice,everyday,3,D,4,1
177,5,0,advice,everyday,3,D,5,0
177,5,0,advice,everyday,3,E,1,1
177,5,0,advice,everyday,3,E,2,0
177,5,0,advice,everyday,3,E,3,0
177,5,0,advice,everyday,3,E,4,0
177,5,0,advice,everyday,3,E,5,-1
178,5,0,advice,instrument,1,A,1,-1
178,5,0,advice,instrument,1,A,2,0
178,5,0,advice,instrument,1,A,3,0
178,5,0,advice,instrument,1,A,4,0
178,5,0,advice,instrument,1,A,5,0
178,5,0,advice,instrument,1,B,1,1
178,5,0,advice,instrument,1,B,2,1
178,5,0,advice,instrument,1,B,3,1
178,5,0,advice,instrument,1,B,4,0
178,5,0,advice,instrument,1,B,5,1
178,5,0,advice,instrument,1,C,1,1
178,5,0,advice,instrument,1,C,2,-1
178,5,0,advice,instrument,1,C,3,0
178,5,0,advice,instrument,1,C,4,-1
178,5,0,advice,instrument,1,C,5,1
178,5,0,advice,instrument,1,D,1,0
178,5,0,advice,instrument,1,D,2,-2
178,5,0,advice,instrument,1,D,3,-1
178,5,0,advice,instrument,1,D,4,0
178,5,0,advice,instrument,1,D,5,0
178,5,0,advice,instrument,1,E,1,0
178,5,0,advice,instrument,1,E,2,0
178,5,0,advice,instrument,1,E,3,1
178,5,0,advice,instrument,1,E,4,1
178,5,0,advice,instrument,1,E,5,1
179,5,0,advice,instrument,2,A,1,0
179,5,0,advice,instrument,2,A,2,-1
179,5,0,advice,instrument,2,A,3,-1
179,5,0,advice,instrument,2,A,4,1
179,5,0,advice,instrument,2,A,5,-1
179,5,0,advice,instrument,2,B,1,1
179,5,0,advice,instrument,2,B,2,-1
179,5,0,advice,instrument,2,B,3,2
179,5,0,advice,instrument,2,B,4,-2
179,5,0,advice,instrument,2,B,5,-1
179,5,0,advice,instrument,2,C,1,-1
179,5,0,advice,instrument,2,C,2,-1
179,5,0,advice,instrument,2,C,3,0
179,5,0,advice,instrument,2,C,4,0
179,5,0,advice,instrument,2,C,5,0
179,5,0,advice,instrument,2,D,1,1
179,5,0,advice,instrument,2,D,2,1
179,5,0,advice,instrument,2,D,3,2
179,5,0,advice,instrument,2,D,4,1
179,5,0,advice,instrument,2,D,5,1
179,5,0,advice,instrument,2,E,1,1
179,5,0,advice,instrument,2,E,2,0
179,5,0,advice,instrument,2,E,3,0
179,5,0,advice,instrument,2,E,4,-1
179,5,0,advice,instrument,2,E,5,0
180,5,0,advice,instrument,3,A,1,0
180,5,0,advice,instrument,3,A,2,0
180,5,0,advice,instrument,3,A,3,0
180,5,0,advice,instrument,3,A,4,0
180,5,0,advice,instrument,3,A,5,1
180,5,0,advice,instrument,3,B,1,-2
180,5,0,advice,instrument,3,B,2,-1
180,5,0,advice,instrument,3,B,3,0
180,5,0,advice,instrument,3,B,4,0
180,5,0,advice,instrument,3,B,5,0
180,5,0,advice,instrument,3,C,1,1
180,5,0,advice,instrument,3,C,2,-1
180,5,0,advice,instrument,3,C,3,1
180,5,0,advice,instrument,3,C,4,1
180,5,0,advice,instrument,3,C,5,-1
180,5,0,advice,instrument,3,D,1,0
180,5,0,advice,instrument,3,D,2,0
180,5,0,advice,instrument,3,D,3,1
180,5,0,advice,instrument,3,D,4,1
180,5,0,advice,instrument,3,D,5,1
180,5,0,advice,instrument,3,E,1,1
180,5,0,advice,instrument,3,E,2,1
180,5,0,advice,instrument,3,E,3,1
180,5,0,advice,instrument,3,E,4,0
180,5,0,advice,instrument,3,E,5,0
181,6,0,summary,everyday,1,A,1,0
181,6,0,summary,everyday,1,A,2,-1
181,6,0,summary,everyday,1,A,3,1
181,6,0,summary,everyday,1,A,4,-1
181,6,0,summary,everyday,1,A,5,-1
181,6,0,summary,everyday,1,B,1,-1
181,6,0,summary,everyday,1,B,2,0
181,6,0,summary,everyday,1,B,3,0
181,6,0,summary,everyday,1,B,4,0
181,6,0,summary,everyday,1,B,5,-1
181,6,0,summary,everyday,1,C,1,0
181,6,0,summary,everyday,1,C,2,1
181,6,0,summary,everyday,1,C,3,0
181,6,0,summary,everyday,1,C,4,0
181,6,0,summary,everyday,1,C,5,0
181,6,0,summary,everyday,1,D,1,0
181,6,0,summary,everyday,1,D,2,1
181,6,0,summary,everyday,1,D,3,1
181,6,0,summary,everyday,1,D,4,-2
181,6,0,summary,everyday,1,D,5,-1
181,6,0,summary,everyday,1,E,1,1
181,6,0,summary,everyday,1,E,2,-2
181,6,0,summary,everyday,1,E,3,-1
181,6,0,summary,everyday,1,E,4,-1
181,6,0,summary,everyday,1,E,5,0
182,6,0,summary,everyday,2,A,1,1
182,6,0,summary,everyday,2,A,2,0
182,6,0,summary,everyday,2,A,3,0
182,6,0,summary,everyday,2,A,4,0
182,6,0,summary,everyday,2,A,5,0
182,6,0,summary,everyday,2,B,1,-1
182,6,0,summary,everyday,2,B,2,-1
182,6,0,summary,everyday,2,B,3,1
182,6,0,summary,everyday,2,B,4,0
182,6,0,summary,everyday,2,B,5,0
182,6,0,summary,everyday,2,C,1,0
182,6,0,summary,everyday,2,C,2,0
182,6,0,summary,everyday,2,C,3,-2
182,6,0,summary,everyday,2,C,4,-1
182,6,0,summary,everyday,2,C,5,0
182,6,0,summary,everyday,2,D,1,-1
182,6,0,summary,everyday,2,D,2,0
182,6,0,summary,everyday,2,D,3,0
182,6,0,summary,everyday,2,D,4,0
182,6,0,summary,everyday,2,D,5,-1
182,6,0,summary,everyday,2,E,1,0
182,6,0,summary,everyday,2,E,2,0
182,6,0,summary,everyday,2,E,3,-1
182,6,0,summary,everyday,2,E,4,-1
182,6,0,summary,everyday,2,E,5,1
183,6,0,summary,everyday,3,A,1,0
183,6,0,summary,everyday,3,A,2,1
183,6,0,summary,everyday,3,A,3,0
183,6,0,summary,everyday,3,A,4,-1
183,6,0,summary,everyday,3,A,5,-1
183,6,0,summary,everyday,3,B,1,0
183,6,0,summary,everyday,3,B,2,1
183,6,0,summary,everyday,3,B,3,-1
183,6,0,summary,everyday,3,B,4,0
183,6,0,summary,everyday,3,B,5,0
183,6,0,summary,everyday,3,C,1,2
183,6,0,summary,everyday,3,C,2,1
183,6,0,summary,everyday,3,C,3,0
183,6,0,summary,everyday,3,C,4,-1
183,6,0,summary,everyday,3,C,5,1
183,6,0,summary,everyday,3,D,1,1
183,6,0,summary,everyday,3,D,2,0
183,6,0,summary,everyday,3,D,3,0
183,6,0,summary,everyday,3,D,4,1
183,6,0,summary,everyday,3,D,5,1
183,6,0,summary,everyday,3,E,1,0
183,6,0,summary,everyday,3,E,2,1
183,6,0,summary,everyday,3,E,3,0
183,6,0,summary,everyday,3,E,4,1
183,6,0,summary,everyday,3,E,5,0
184,6,0,summary,instrument,1,A,1,0
184,6,0,summary,instrument,1,A,2,0
184,6,0,summary,instrument,1,A,3,1
184,6,0,summary,instrument,1,A,4,1
184,6,0,summary,instrument,1,A,5,-1
184,6,0,summary,instrument,1,B,1,0
184,6,0,summary,instrument,1,B,2,0
184,6,0,summary,instrument,1,B,3,0
184,6,0,summary,instrument,1,B,4,0
184,6,0,summary,instrument,1,B,5,0
184,6,0,summary,instrument,1,C,1,0
184,6,0,summary,instrument,1,C,2,0
184,6,0,summary,instrument,1,C,3,1
184,6,0,summary,instrument,1,C,4,0
184,6,0,summary,instrument,1,C,5,-1
184,6,0,summary,instrument,1,D,1,-1
184,6,0,summary,instrument,1,D,2,0
184,6,0,summary,instrument,1,D,3,1
184,6,0,summary,instrument,1,D,4,1
184,6,0,summary,instrument,1,D,5,1
184,6,0,summary,instrument,1,E,1,0
184,6,0,summary,instrument,1,E,2,0
184,6,0,summary,instrument,1,E,3,0
184,6,0,summary,instrument,1,E,4,-1
184,6,0,summary,instrument,1,E,5,1
185,6,0,summary,instrument,2,A,1,-2
185,6,0,summary,instrument,2,A,2,-1
185,6,0,summary,instrument,2,A,3,-2
185,6,0,summary,instrument,2,A,4,1
185,6,0,summary,instrument,2,A,5,-2
185,6,0,summary,instrument,2,B,1,0
185,6,0,summary,instrument,2,B,2,0
185,6,0,summary,instrument,2,B,3,0
185,6,0,summary,instrument,2,B,4,0
185,6,0,summary,instrument,2,B,5,0
185,6,0,summary,instrument,2,C,1,0
185,6,0,summary,instrument,2,C,2,0
185,6,0,summary,instrument,2,C,3,0
185,6,0,summary,instrument,2,C,4,-1
185,6,0,summary,instrument,2,C,5,0
185,6,0,summary,instrument,2,D,1,-1
185,6,0,summary,instrument,2,D,2,0
185,6,0,summary,instrument,2,D,3,2
185,6,0,summary,instrument,2,D,4,0
185,6,0,summary,instrument,2,D,5,0
185,6,0,summary,instrument,2,E,1,0
185,6,0,summary,instrument,2,E,2,-1
185,6,0,summary,instrument,2,E,3,0
185,6,0,summary,instrument,2,E,4,-1
185,6,0,summary,instrument,2,E,5,0
186,6,0,summary,instrument,3,A,1,-1
186,6,0,summary,instrument,3,A,2,-2
186,6,0,summary,instrument,3,A,3,-1
186,6,0,summary,instrument,3,A,4,0
186,6,0,summary,instrument,3,A,5,-1
186,6,0,summary,instrument,3,B,1,0
186,6,0,summary,instrument,3,B,2,-2
186,6,0,summary,instrument,3,B,3,0
186,6,0,summary,instrument,3,B,4,1
186,6,0,summary,instrument,3,B,5,0
186,6,0,summary,instrument,3,C,1,0
186,6,0,summary,instrument,3,C,2,0
186,6,0,summary,instrument,3,C,3,1
186,6,0,summary,instrument,3,C,4,0
186,6,0,summary,instrument,3,C,5,2
186,6,0,summary,instrument,3,D,1,0
186,6,0,summary,instrument,3,D,2,0
186,6,0,summary,instrument,3,D,3,0
186,6,0,summary,instrument,3,D,4,1
186,6,0,summary,instrument,3,D,5,0
186,6,0,summary,instrument,3,E,1,0
186,6,0,summary,instrument,3,E,2,1
186,6,0,summary,instrument,3,E,3,-1
186,6,0,summary,instrument,3,E,4,1
186,6,0,summary,instrument,3,E,5,-1
187,6,0,explanation,everyday,1,A,1,0
187,6,0,explanation,everyday,1,A,2,0
187,6,0,explanation,everyday,1,A,3,0
187,6,0,explanation,everyday,1,A,4,0
187,6,0,explanation,everyday,1,A,5,0
187,6,0,explanation,everyday,1,B,1,-1
187,6,0,explanation,everyday,1,B,2,1
187,6,0,explanation,everyday,1,B,3,-1
187,6,0,explanation,everyday,1,B,4,-1
187,6,0,explanation,everyday,1,B,5,-1
187,6,0,explanation,everyday,1,C,1,0
187,6,0,explanation,everyday,1,C,2,-1
187,6,0,explanation,everyday,1,C,3,0
187,6,0,explanation,everyday,1,C,4,0
187,6,0,explanation,everyday,1,C,5,1
187,6,0,explanation,everyday,1,D,1,0
187,6,0,explanation,everyday,1,D,2,1
187,6,0,explanation,everyday,1,D,3,-2
187,6,0,explanation,everyday,1,D,4,-1
187,6,0,explanation,everyday,1,D,5,0
187,6,0,explanation,everyday,1,E,1,0
187,6,0,explanation,everyday,1,E,2,0
187,6,0,explanation,everyday,1,E,3,-1
187,6,0,explanation,everyday,1,E,4,-2
187,6,0,explanation,everyday,1,E,5,0
188,6,0,explanation,everyday,2,A,1,0
188,6,0,explanation,everyday,2,A,2,-1
188,6,0,explanation,everyday,2,A,3,1
188,6,0,explanation,everyday,2,A,4,-1
188,6,0,explanation,everyday,2,A,5,0
188,6,0,explanation,everyday,2,B,1,-2
188,6,0,explanation,everyday,2,B,2,1
188,6,0,explanation,everyday,2,B,3,-1
188,6,0,explanation,everyday,2,B,4,-1
188,6,0,explanation,everyday,2,B,5,-1
188,6,0,explanation,everyday,2,C,1,1
188,6,0,explanation,everyday,2,C,2,0
188,6,0,explanation,everyday,2,C,3,0
188,6,0,explanation,everyday,2,C,4,-1
188,6,0,explanation,everyday,2,C,5,-1
188,6,0,explanation,everyday,2,D,1,0
188,6,0,explanation,everyday,2,D,2,0
188,6,0,explanation,everyday,2,D,3,0
188,6,0,explanation,everyday,2,D,4,-2
188,6,0,explanation,everyday,2,D,5,-1
188,6,0,explanation,everyday,2,E,1,1
188,6,0,explanation,everyday,2,E,2,0
188,6,0,explanation,everyday,2,E,3,-1
188,6,0,explanation,everyday,2,E,4,0
188,6,0,explanation,everyday,2,E,5,-2
189,6,0,explanation,everyday,3,A,1,1
189,6,0,explanation,everyday,3,A,2,0
189,6,0,explanation,everyday,3,A,3,-3
189,6,0,explanation,everyday,3,A,4,-1
189,6,0,explanation,everyday,3,A,5,-1
189,6,0,explanation,everyday,3,B,1,0
189,6,0,explanation,everyday,3,B,2,-1
189,6,0,explanation,everyday,3,B,3,-1
189,6,0,explanation,everyday,3,B,4,1
189,6,0,explanation,everyday,3,B,5,0
189,6,0,explanation,everyday,3,C,1,0
189,6,0,explanation,everyday,3,C,2,0
189,6,0,explanation,everyday,3,C,3,1
189,6,0,explanation,everyday,3,C,4,-1
189,6,0,explanation,everyday,3,C,5,1
189,6,0,explanation,everyday,3,D,1,-1
189,6,0,explanation,everyday,3,D,2,0
189,6,0,explanation,everyday,3,D,3,0
189,6,0,explanation,everyday,3,D,4,-1
189,6,0,explanation,everyday,3,D,5,-1
189,6,0,explanation,everyday,3,E,1,1
189,6,0,explanation,everyday,3,E,2,0
189,6,0,explanation,everyday,3,E,3,0
189,6,0,explanation,everyday,3,E,4,0
189,6,0,explanation,everyday,3,E,5,0
190,6,0,explanation,instrument,1,A,1,0
190,6,0,explanation,instrument,1,A,2,1
190,6,0,explanation,instrument,1,A,3,0
190,6,0,explanation,instrument,1,A,4,1
190,6,0,explanation,instrument,1,A,5,1
190,6,0,explanation,instrument,1,B,1,-1
190,6,0,explanation,instrument,1,B,2,0
190,6,0,explanation,instrument,1,B,3,0
190,6,0,explanation,instrument,1,B,4,-1
190,6,0,explanation,instrument,1,B,5,-1
190,6,0,explanation,instrument,1,C,1,0
190,6,0,explanation,instrument,1,C,2,2
190,6,0,explanation,instrument,1,C,3,-1
190,6,0,explanation,instrument,1,C,4,0
190,6,0,explanation,instrument,1,C,5,0
190,6,0,explanation,instrument,1,D,1,-2
190,6,0,explanation,instrument,1,D,2,0
190,6,0,explanation,instrument,1,D,3,0
190,6,0,explanation,instrument,1,D,4,0
190,6,0,explanation,instrument,1,D,5,0
190,6,0,explanation,instrument,1,E,1,2
190,6,0,explanation,instrument,1,E,2,1
190,6,0,explanation,instrument,1,E,3,0
190,6,0,explanation,instrument,1,E,4,-1
190,6,0,explanation,instrument,1,E,5,-1
191,6,0,explanation,instrument,2,A,1,0
191,6,0,explanation,instrument,2,A,2,0
191,6,0,explanation,instrument,2,A,3,0
191,6,0,explanation,instrument,2,A,4,1
191,6,0,explanation,instrument,2,A,5,0
191,6,0,explanation,instrument,2,B,1,0
191,6,0,explanation,instrument,2,B,2,-1
191,6,0,explanation,instrument,2,B,3,1
191,6,0,explanation,instrument,2,B,4,0
191,6,0,explanation,instrument,2,B,5,2
191,6,0,explanation,instrument,2,C,1,-1
191,6,0,explanation,instrument,2,C,2,2
191,6,0,explanation,instrument,2,C,3,1
191,6,0,explanation,instrument,2,C,4,1
191,6,0,explanation,instrument,2,C,5,0
191,6,0,explanation,instrument,2,D,1,1
191,6,0,explanation,instrument,2,D,2,1
191,6,0,explanation,instrument,2,D,3,0
191,6,0,explanation,instrument,2,D,4,0
191,6,0,explanation,instrument,2,D,5,0
191,6,0,explanation,instrument,2,E,1,1
191,6,0,explanation,instrument,2,E,2,2
191,6,0,explanation,instrument,2,E,3,1
191,6,0,explanation,instrument,2,E,4,0
191,6,0,explanation,instrument,2,E,5,-1
192,6,0,explanation,instrument,3,A,1,1
192,6,0,explanation,instrument,3,A,2,0
192,6,0,explanation,instrument,3,A,3,0
192,6,0,explanation,instrument,3,A,4,-1
192,6,0,explanation,instrument,3,A,5,0
192,6,0,explanation,instrument,3,B,1,-1
192,6,0,explanation,instrument,3,B,2,0
192,6,0,explanation,instrument,3,B,3,1
192,6,0,explanation,instrument,3,B,4,1
192,6,0,explanation,instrument,3,B,5,0
192,6,0,explanation,instrument,3,C,1,1
192,6,0,explanation,instrument,3,C,2,1
192,6,0,explanation,instrument,3,C,3,2
192,6,0,explanation,instrument,3,C,4,1
192,6,0,explanation,instrument,3,C,5,0
192,6,0,explanation,instrument,3,D,1,0
192,6,0,explanation,instrument,3,D,2,0
192,6,0,explanation,instrument,3,D,3,-1
192,6,0,explanation,instrument,3,D,4,0
192,6,0,explanation,instrument,3,D,5,0
192,6,0,explanation,instrument,3,E,1,-1
192,6,0,explanation,instrument,3,E,2,-1
192,6,0,explanation,instrument,3,E,3,-1
192,6,0,explanation,instrument,3,E,4,0
192,6,0,explanation,instrument,3,E,5,-1
193,6,0,fairness,everyday,1,A,1,-1
193,6,0,fairness,everyday,1,A,2,-2
193,6,0,fairness,everyday,1,A,3,0
193,6,0,fairness,everyday,1,A,4,-2
193,6,0,fairness,everyday,1,A,5,-2
193,6,0,fairness,everyday,1,B,1,-1
193,6,0,fairness,everyday,1,B,2,-2
193,6,0,fairness,everyday,1,B,3,-1
193,6,0,fairness,everyday,1,B,4,0
193,6,0,fairness,everyday,1,B,5,-1
193,6,0,fairness,everyday,1,C,1,-1
193,6,0,fairness,everyday,1,C,2,-1
193,6,0,fairness,everyday,1,C,3,0
193,6,0,fairness,everyday,1,C,4,1
193,6,0,fairness,everyday,1,C,5,-1
193,6,0,fairness,everyday,1,D,1,-1
193,6,0,fairness,everyday,1,D,2,-1
193,6,0,fairness,everyday,1,D,3,0
193,6,0,fairness,everyday,1,D,4,0
193,6,0,fairness,everyday,1,D,5,-1
193,6,0,fairness,everyday,1,E,1,-1
193,6,0,fairness,everyday,1,E,2,0
193,6,0,fairness,everyday,1,E,3,-1
193,6,0,fairness,everyday,1,E,4,0
193,6,0,fairness,everyday,1,E,5,0
194,6,0,fairness,everyday,2,A,1,-1
194,6,0,fairness,everyday,2,A,2,-1
194,6,0,fairness,everyday,2,A,3,-1
194,6,0,fairness,everyday,2,A,4,-2
194,6,0,fairness,everyday,2,A,5,-1
194,6,0,fairness,everyday,2,B,1,-1
194,6,0,fairness,everyday,2,B,2,0
194,6,0,fairness,everyday,2,B,3,-1
194,6,0,fairness,everyday,2,B,4,0
194,6,0,fairness,everyday,2,B,5,-2
194,6,0,fairness,everyday,2,C,1,0
194,6,0,fairness,everyday,2,C,2,0
194,6,0,fairness,everyday,2,C,3,-2
194,6,0,fairness,everyday,2,C,4,1
194,6,0,fairness,everyday,2,C,5,-2
194,6,0,fairness,everyday,2,D,1,0
194,6,0,fairness,everyday,2,D,2,-1
194,6,0,fairness,everyday,2,D,3,0
194,6,0,fairness,everyday,2,D,4,1
194,6,0,fairness,everyday,2,D,5,0
194,6,0,fairness,everyday,2,E,1,-1
194,6,0,fairness,everyday,2,E,2,-1
194,6,0,fairness,everyday,2,E,3,1
194,6,0,fairness,everyday,2,E,4,1
194,6,0,fairness,everyday,2,E,5,0
195,6,0,fairness,everyday,3,A,1,0
195,6,0,fairness,everyday,3,A,2,-1
195,6,0,fairness,everyday,3,A,3,0
195,6,0,fairness,everyday,3,A,4,-1
195,6,0,fairness,everyday,3,A,5,0
195,6,0,fairness,everyday,3,B,1,0
195,6,0,fairness,everyday,3,B,2,0
195,6,0,fairness,everyday,3,B,3,0
195,6,0,fairness,everyday,3,B,4,0
195,6,0,fairness,everyday,3,B,5,0
195,6,0,fairness,everyday,3,C,1,0
195,6,0,fairness,everyday,3,C,2,0
195,6,0,fairness,everyday,3,C,3,-1
195,6,0,fairness,everyday,3,C,4,0
195,6,0,fairness,everyday,3,C,5,-2
195,6,0,fairness,everyday,3,D,1,0
195,6,0,fairness,everyday,3,D,2,0
195,6,0,fairness,everyday,3,D,3,-1
195,6,0,fairness,everyday,3,D,4,0
195,6,0,fairness,everyday,3,D,5,1
195,6,0,fairness,everyday,3,E,1,0
195,6,0,fairness,everyday,3,E,2,1
195,6,0,fairness,everyday,3,E,3,1
195,6,0,fairness,everyday,3,E,4,1
195,6,0,fairness,everyday,3,E,5,1
196,6,0,fairness,instrument,1,A,1,2
196,6,0,fairness,instrument,1,A,2,0
196,6,0,fairness,instrument,1,A,3,0
196,6,0,fairness,instrument,1,A,4,0
196,6,0,fairness,instrument,1,A,5,-1
196,6,0,fairness,instrument,1,B,1,-1
196,6,0,fairness,instrument,1,B,2,0
196,6,0,fairness,instrument,1,B,3,0
196,6,0,fairness,instrument,1,B,4,0
196,6,0,fairness,instrument,1,B,5,-2
196,6,0,fairness,instrument,1,C,1,0
196,6,0,fairness,instrument,1,C,2,-2
196,6,0,fairness,instrument,1,C,3,0
196,6,0,fairness,instrument,1,C,4,0
196,6,0,fairness,instrument,1,C,5,0
196,6,0,fairness,instrument,1,D,1,1
196,6,0,fairness,instrument,1,D,2,1
196,6,0,fairness,instrument,1,D,3,1
196,6,0,fairness,instrument,1,D,4,1
196,6,0,fairness,instrument,1,D,5,0
196,6,0,fairness,instrument,1,E,1,1
196,6,0,fairness,instrument,1,E,2,0
196,6,0,fairness,instrument,1,E,3,0
196,6,0,fairness,instrument,1,E,4,0
196,6,0,fairness,instrument,1,E,5,0
197,6,0,fairness,instrument,2,A,1,-1
197,6,0,fairness,instrument,2,A,2,0
197,6,0,fairness,instrument,2,A,3,-1
197,6,0,fairness,instrument,2,A,4,-1
197,6,0,fairness,instrument,2,A,5,-1
197,6,0,fairness,instrument,2,B,1,0
197,6,0,fairness,instrument,2,B,2,1
197,6,0,fairness,instrument,2,B,3,-1
197,6,0,fairness,instrument,2,B,4,0
197,6,0,fairness,instrument,2,B,5,-1
197,6,0,fairness,instrument,2,C,1,0
197,6,0,fairness,instrument,2,C,2,0
197,6,0,fairness,instrument,2,C,3,0
197,6,0,fairness,instrument,2,C,4,0
197,6,0,fairness,instrument,2,C,5,-1
197,6,0,fairness,instrument,2,D,1,-1
197,6,0,fairness,instrument,2,D,2,1
197,6,0,fairness,instrument,2,D,3,-1
197,6,0,fairness,instrument,2,D,4,1
197,6,0,fairness,instrument,2,D,5,1
197,6,0,fairness,instrument,2,E,1,2
197,6,0,fairness,instrument,2,E,2,0
197,6,0,fairness,instrument,2,E,3,2
197,6,0,fairness,instrument,2,E,4,0
197,6,0,fairness,instrument,2,E,5,0
198,6,0,fairness,instrument,3,A,1,1
198,6,0,fairness,instrument,3,A,2,-1
198,6,0,fairness,instrument,3,A,3,-1
198,6,0,fairness,instrument,3,A,4,0
198,6,0,fairness,instrument,3,A,5,0
198,6,0,fairness,instrument,3,B,1,0
198,6,0,fairness,instrument,3,B,2,0
198,6,0,fairness,instrument,3,B,3,1
198,6,0,fairness,instrument,3,B,4,2
198,6,0,fairness,instrument,3,B,5,0
198,6,0,fairness,instrument,3,C,1,-1
198,6,0,fairness,instrument,3,C,2,0
198,6,0,fairness,instrument,3,C,3,0
198,6,0,fairness,instrument,3,C,4,0
198,6,0,fairness,instrument,3,C,5,-1
198,6,0,fairness,instrument,3,D,1,0
198,6,0,fairness,instrument,3,D,2,0
198,6,0,fairness,instrument,3,D,3,1
198,6,0,fairness,instrument,3,D,4,1
198,6,0,fairness,instrument,3,D,5,1
198,6,0,fairness,instrument,3,E,1,0
198,6,0,fairness,instrument,3,E,2,-1
198,6,0,fairness,instrument,3,E,3,-2
198,6,0,fairness,instrument,3,E,4,0
198,6,0,fairness,instrument,3,E,5,1
199,6,0,prediction,everyday,1,A,1,-1
199,6,0,prediction,everyday,1,A,2,0
199,6,0,prediction,everyday,1,A,3,-1
199,6,0,prediction,everyday,1,A,4,0
199,6,0,prediction,everyday,1,A,5,0
199,6,0,prediction,everyday,1,B,1,-1
199,6,0,prediction,everyday,1,B,2,-2
199,6,0,prediction,everyday,1,B,3,1
199,6,0,prediction,everyday,1,B,4,1
199,6,0,prediction,everyday,1,B,5,-1
199,6,0,prediction,everyday,1,C,1,-2
199,6,0,prediction,everyday,1,C,2,-1
199,6,0,prediction,everyday,1,C,3,0
199,6,0,prediction,everyday,1,C,4,0
199,6,0,prediction,everyday,1,C,5,0
199,6,0,prediction,everyday,1,D,1,0
199,6,0,prediction,everyday,1,D,2,0
199,6,0,prediction,everyday,1,D,3,-2
199,6,0,prediction,everyday,1,D,4,0
199,6,0,prediction,everyday,1,D,5,-1
199,6,0,prediction,everyday,1,E,1,1
199,6,0,prediction,everyday,1,E,2,-1
199,6,0,prediction,everyday,1,E,3,-1
199,6,0,prediction,everyday,1,E,4,0
199,6,0,prediction,everyday,1,E,5,-1
200,6,0,prediction,everyday,2,A,1,-1
200,6,0,prediction,everyday,2,A,2,0
200,6,0,prediction,everyday,2,A,3,-1
200,6,0,prediction,everyday,2,A,4,1
200,6,0,prediction,everyday,2,A,5,0
200,6,0,prediction,everyday,2,B,1,-1
200,6,0,prediction,everyday,2,B,2,-1
200,6,0,prediction,everyday,2,B,3,1
200,6,0,prediction,everyday,2,B,4,-1
200,6,0,prediction,everyday,2,B,5,-1
200,6,0,prediction,everyday,2,C,1,0
200,6,0,prediction,everyday,2,C,2,0
200,6,0,prediction,everyday,2,C,3,-1
200,6,0,prediction,everyday,2,C,4,-1
200,6,0,prediction,everyday,2,C,5,-2
200,6,0,prediction,everyday,2,D,1,1
200,6,0,prediction,everyday,2,D,2,0
200,6,0,prediction,everyday,2,D,3,-1
200,6,0,prediction,everyday,2,D,4,0
200,6,0,prediction,everyday,2,D,5,1
200,6,0,prediction,everyday,2,E,1,1
200,6,0,prediction,everyday,2,E,2,-2
200,6,0,prediction,everyday,2,E,3,-1
200,6,0,prediction,everyday,2,E,4,-2
200,6,0,prediction,everyday,2,E,5,0
201,6,0,prediction,everyday,3,A,1,0
201,6,0,prediction,everyday,3,A,2,-2
201,6,0,prediction,everyday,3,A,3,1
201,6,0,prediction,everyday,3,A,4,-1
201,6,0,prediction,everyday,3,A,5,0
201,6,0,prediction,everyday,3,B,1,0
201,6,0,prediction,everyday,3,B,2,-1
201,6,0,prediction,everyday,3,B,3,0
201,6,0,prediction,everyday,3,B,4,0
201,6,0,prediction,everyday,3,B,5,0
201,6,0,prediction,everyday,3,C,1,0
201,6,0,prediction,everyday,3,C,2,1
201,6,0,prediction,everyday,3,C,3,0
201,6,0,prediction,everyday,3,C,4,0
201,6,0,prediction,everyday,3,C,5,0
201,6,0,prediction,everyday,3,D,1,1
201,6,0,prediction,everyday,3,D,2,1
201,6,0,prediction,everyday,3,D,3,1
201,6,0,prediction,everyday,3,D,4,-1
201,6,0,prediction,everyday,3,D,5,1
201,6,0,prediction,everyday,3,E,1,0
201,6,0,prediction,everyday,3,E,2,1
201,6,0,prediction,everyday,3,E,3,0
201,6,0,prediction,everyday,3,E,4,1
201,6,0,prediction,everyday,3,E,5,0
202,6,0,prediction,instrument,1,A,1,-1
202,6,0,prediction,instrument,1,A,2,0
202,6,0,prediction,instrument,1,A,3,-1
202,6,0,prediction,instrument,1,A,4,-1
202,6,0,prediction,instrument,1,A,5,-1
202,6,0,prediction,instrument,1,B,1,0
202,6,0,prediction,instrument,1,B,2,0
202,6,0,prediction,instrument,1,B,3,1
202,6,0,prediction,instrument,1,B,4,2
202,6,0,prediction,instrument,1,B,5,0
202,6,0,prediction,instrument,1,C,1,1
202,6,0,prediction,instrument,1,C,2,1
202,6,0,prediction,instrument,1,C,3,0
202,6,0,prediction,instrument,1,C,4,0
202,6,0,prediction,instrument,1,C,5,1
202,6,0,prediction,instrument,1,D,1,1
202,6,0,prediction,instrument,1,D,2,1
202,6,0,prediction,instrument,1,D,3,2
202,6,0,prediction,instrument,1,D,4,-1
202,6,0,prediction,instrument,1,D,5,-1
202,6,0,prediction,instrument,1,E,1,0
202,6,0,prediction,instrument,1,E,2,0
202,6,0,prediction,instrument,1,E,3,0
202,6,0,prediction,instrument,1,E,4,0
202,6,0,prediction,instrument,1,E,5,0
203,6,0,prediction,instrument,2,A,1,-1
203,6,0,prediction,instrument,2,A,2,1
203,6,0,prediction,instrument,2,A,3,0
203,6,0,prediction,instrument,2,A,4,-1
203,6,0,prediction,instrument,2,A,5,1
203,6,0,prediction,instrument,2,B,1,1
203,6,0,prediction,instrument,2,B,2,-1
203,6,0,prediction,instrument,2,B,3,0
203,6,0,prediction,instrument,2,B,4,-1
203,6,0,prediction,instrument,2,B,5,0
203,6,0,prediction,instrument,2,C,1,1
203,6,0,prediction,instrument,2,C,2,1
203,6,0,prediction,instrument,2,C,3,0
203,6,0,prediction,instrument,2,C,4,-1
203,6,0,prediction,instrument,2,C,5,1
203,6,0,prediction,instrument,2,D,1,1
203,6,0,prediction,instrument,2,D,2,-1
203,6,0,prediction,instrument,2,D,3,0
203,6,0,prediction,instrument,2,D,4,0
203,6,0,prediction,instrument,2,D,5,1
203,6,0,prediction,instrument,2,E,1,1
203,6,0,prediction,instrument,2,E,2,1
203,6,0,prediction,instrument,2,E,3,2
203,6,0,prediction,instrument,2,E,4,1
203,6,0,prediction,instrument,2,E,5,-1
204,6,0,prediction,instrument,3,A,1,0
204,6,0,prediction,instrument,3,A,2,-1
204,6,0,prediction,instrument,3,A,3,0
204,6,0,prediction,instrument,3,A,4,2
204,6,0,prediction,instrument,3,A,5,1
204,6,0,prediction,instrument,3,B,1,0
204,6,0,prediction,instrument,3,B,2,0
204,6,0,prediction,instrument,3,B,3,0
204,6,0,prediction,instrument,3,B,4,0
204,6,0,prediction,instrument,3,B,5,0
204,6,0,prediction,instrument,3,C,1,1
204,6,0,prediction,instrument,3,C,2,-1
204,6,0,prediction,instrument,3,C,3,0
204,6,0,prediction,instrument,3,C,4,0
204,6,0,prediction,instrument,3,C,5,-1
204,6,0,prediction,instrument,3,D,1,1
204,6,0,prediction,instrument,3,D,2,0
204,6,0,prediction,instrument,3,D,3,1
204,6,0,prediction,instrument,3,D,4,0
204,6,0,prediction,instrument,3,D,5,0
204,6,0,prediction,instrument,3,E,1,-2
204,6,0,prediction,instrument,3,E,2,1
204,6,0,prediction,instrument,3,E,3,-1
204,6,0,prediction,instrument,3,E,4,0
204,6,0,prediction,instrument,3,E,5,1
205,6,0,opinion,everyday,1,A,1,-1
205,6,0,opinion,everyday,1,A,2,0
205,6,0,opinion,everyday,1,A,3,0
205,6,0,opinion,everyday,1,A,4,-1
205,6,0,opinion,everyday,1,A,5,-1
205,6,0,opinion,everyday,1,B,1,1
205,6,0,opinion,everyday,1,B,2,1
205,6,0,opinion,everyday,1,B,3,0
205,6,0,opinion,everyday,1,B,4,1
205,6,0,opinion,everyday,1,B,5,-1
205,6,0,opinion,everyday,1,C,1,-1
205,6,0,opinion,everyday,1,C,2,0
205,6,0,opinion,everyday,1,C,3,-1
205,6,0,opinion,everyday,1,C,4,-1
205,6,0,opinion,everyday,1,C,5,1
205,6,0,opinion,everyday,1,D,1,0
205,6,0,opinion,everyday,1,D,2,0
205,6,0,opinion,everyday,1,D,3,0
205,6,0,opinion,everyday,1,D,4,0
205,6,0,opinion,everyday,1,D,5,0
205,6,0,opinion,everyday,1,E,1,1
205,6,0,opinion,everyday,1,E,2,2
205,6,0,opinion,everyday,1,E,3,0
205,6,0,opinion,everyday,1,E,4,1
205,6,0,opinion,everyday,1,E,5,0
206,6,0,opinion,everyday,2,A,1,0
206,6,0,opinion,everyday,2,A,2,0
206,6,0,opinion,everyday,2,A,3,0
206,6,0,opinion,everyday,2,A,4,-1
206,6,0,opinion,everyday,2,A,5,-1
206,6,0,opinion,everyday,2,B,1,1
206,6,0,opinion,everyday,2,B,2,0
206,6,0,opinion,everyday,2,B,3,-1
206,6,0,opinion,everyday,2,B,4,0
206,6,0,opinion,everyday,2,B,5,0
206,6,0,opinion,everyday,2,C,1,0
206,6,0,opinion,everyday,2,C,2,0
206,6,0,opinion,everyday,2,C,3,-1
206,6,0,opinion,everyday,2,C,4,-1
206,6,0,opinion,everyday,2,C,5,0
206,6,0,opinion,everyday,2,D,1,0
206,6,0,opinion,everyday,2,D,2,1
206,6,0,opinion,everyday,2,D,3,0
206,6,0,opinion,everyday,2,D,4,0
206,6,0,opinion,everyday,2,D,5,0
206,6,0,opinion,everyday,2,E,1,-2
206,6,0,opinion,everyday,2,E,2,1
206,6,0,opinion,everyday,2,E,3,0
206,6,0,opinion,everyday,2,E,4,-1
206,6,0,opinion,everyday,2,E,5,1
207,6,0,opinion,everyday,3,A,1,0
207,6,0,opinion,everyday,3,A,2,0
207,6,0,opinion,everyday,3,A,3,1
207,6,0,opinion,everyday,3,A,4,0
207,6,0,opinion,everyday,3,A,5,-1
207,6,0,opinion,everyday,3,B,1,-1
207,6,0,opinion,everyday,3,B,2,-1
207,6,0,opinion,everyday,3,B,3,-1
207,6,0,opinion,everyday,3,B,4,1
207,6,0,opinion,everyday,3,B,5,0
207,6,0,opinion,everyday,3,C,1,-1
207,6,0,opinion,everyday,3,C,2,-1
207,6,0,opinion,everyday,3,C,3,-1
207,6,0,opinion,everyday,3,C,4,-1
207,6,0,opinion,everyday,3,C,5,1
207,6,0,opinion,everyday,3,D,1,1
207,6,0,opinion,everyday,3,D,2,1
207,6,0,opinion,everyday,3,D,3,0
207,6,0,opinion,everyday,3,D,4,0
207,6,0,opinion,everyday,3,D,5,-1
207,6,0,opinion,everyday,3,E,1,0
207,6,0,opinion,everyday,3,E,2,1
207,6,0,opinion,everyday,3,E,3,0
207,6,0,opinion,everyday,3,E,4,0
207,6,0,opinion,everyday,3,E,5,1
208,6,0,opinion,instrument,1,A,1,0
208,6,0,opinion,instrument,1,A,2,1
208,6,0,opinion,instrument,1,A,3,1
208,6,0,opinion,instrument,1,A,4,0
208,6,0,opinion,instrument,1,A,5,2
208,6,0,opinion,instrument,1,B,1,1
208,6,0,opinion,instrument,1,B,2,0
208,6,0,opinion,instrument,1,B,3,2
208,6,0,opinion,instrument,1,B,4,-1
208,6,0,opinion,instrument,1,B,5,0
208,6,0,opinion,instrument,1,C,1,1
208,6,0,opinion,instrument,1,C,2,1
208,6,0,opinion,instrument,1,C,3,0
208,6,0,opinion,instrument,1,C,4,0
208,6,0,opinion,instrument,1,C,5,3
208,6,0,opinion,instrument,1,D,1,1
208,6,0,opinion,instrument,1,D,2,1
208,6,0,opinion,instrument,1,D,3,1
208,6,0,opinion,instrument,1,D,4,-1
208,6,0,opinion,instrument,1,D,5,2
208,6,0,opinion,instrument,1,E,1,1
208,6,0,opinion,instrument,1,E,2,1
208,6,0,opinion,instrument,1,E,3,2
208,6,0,opinion,instrument,1,E,4,2
208,6,0,opinion,instrument,1,E,5,0
209,6,0,opinion,instrument,2,A,1,0
209,6,0,opinion,instrument,2,A,2,0
209,6,0,opinion,instrument,2,A,3,-1
209,6,0,opinion,instrument,2,A,4,0
209,6,0,opinion,instrument,2,A,5,0
209,6,0,opinion,instrument,2,B,1,0
209,6,0,opinion,instrument,2,B,2,-2
209,6,0,opinion,instrument,2,B,3,0
209,6,0,opinion,instrument,2,B,4,0
209,6,0,opinion,instrument,2,B,5,-1
209,6,0,opinion,instrument,2,C,1,0
209,6,0,opinion,instrument,2,C,2,1
209,6,0,opinion,instrument,2,C,3,1
209,6,0,opinion,instrument,2,C,4,0
209,6,0,opinion,instrument,2,C,5,0
209,6,0,opinion,instrument,2,D,1,-1
209,6,0,opinion,instrument,2,D,2,-1
209,6,0,opinion,instrument,2,D,3,-1
209,6,0,opinion,instrument,2,D,4,0
209,6,0,opinion,instrument,2,D,5,-1
209,6,0,opinion,instrument,2,E,1,-1
209,6,0,opinion,instrument,2,E,2,0
209,6,0,opinion,instrument,2,E,3,0
209,6,0,opinion,instrument,2,E,4,0
209,6,0,opinion,instrument,2,E,5,0
210,6,0,opinion,instrument,3,A,1,0
210,6,0,opinion,instrument,3,A,2,0
210,6,0,opinion,instrument,3,A,3,-1
210,6,0,opinion,instrument,3,A,4,0
210,6,0,opinion,instrument,3,A,5,-1
210,6,0,opinion,instrument,3,B,1,-2
210,6,0,opinion,instrument,3,B,2,1
210,6,0,opinion,instrument,3,B,3,0
210,6,0,opinion,instrument,3,B,4,0
210,6,0,opinion,instrument,3,B,5,0
210,6,0,opinion,instrument,3,C,1,-1
210,6,0,opinion,instrument,3,C,2,1
210,6,0,opinion,instrument,3,C,3,1
210,6,0,opinion,instrument,3,C,4,3
210,6,0,opinion,instrument,3,C,5,-1
210,6,0,opinion,instrument,3,D,1,1
210,6,0,opinion,instrument,3,D,2,1
210,6,0,opinion,instrument,3,D,3,0
210,6,0,opinion,instrument,3,D,4,0
210,6,0,opinion,instrument,3,D,5,0
210,6,0,opinion,instrument,3,E,1,1
210,6,0,opinion,instrument,3,E,2,1
210,6,0,opinion,instrument,3,E,3,1
210,6,0,opinion,instrument,3,E,4,0
210,6,0,opinion,instrument,3,E,5,0
211,6,0,advice,everyday,1,A,1,0
211,6,0,advice,everyday,1,A,2,1
211,6,0,advice,everyday,1,A,3,-1
211,6,0,advice,everyday,1,A,4,0
211,6,0,advice,everyday,1,A,5,0
211,6,0,advice,everyday,1,B,1,-1
211,6,0,advice,everyday,1,B,2,-1
211,6,0,advice,everyday,1,B,3,1
211,6,0,advice,everyday,1,B,4,0
211,6,0,advice,everyday,1,B,5,-1
211,6,0,advice,everyday,1,C,1,-1
211,6,0,advice,everyday,1,C,2,-1
211,6,0,advice,everyday,1,C,3,-1
211,6,0,advice,everyday,1,C,4,1
211,6,0,advice,everyday,1,C,5,-2
211,6,0,advice,everyday,1,D,1,0
211,6,0,advice,everyday,1,D,2,0
211,6,0,advice,everyday,1,D,3,-2
211,6,0,advice,everyday,1,D,4,0
211,6,0,advice,everyday,1,D,5,0
211,6,0,advice,everyday,1,E,1,-2
211,6,0,advice,everyday,1,E,2,-1
211,6,0,advice,everyday,1,E,3,0
211,6,0,advice,everyday,1,E,4,-1
211,6,0,advice,everyday,1,E,5,1
212,6,0,advice,everyday,2,A,1,1
212,6,0,advice,everyday,2,A,2,0
212,6,0,advice,everyday,2,A,3,-1
212,6,0,advice,everyday,2,A,4,-1
212,6,0,advice,everyday,2,A,5,0
212,6,0,advice,everyday,2,B,1,0
212,6,0,advice,everyday,2,B,2,-1
212,6,0,advice,everyday,2,B,3,0
212,6,0,advice,everyday,2,B,4,-2
212,6,0,advice,everyday,2,B,5,-1
212,6,0,advice,everyday,2,C,1,0
212,6,0,advice,everyday,2,C,2,0
212,6,0,advice,everyday,2,C,3,-2
212,6,0,advice,everyday,2,C,4,-1
212,6,0,advice,everyday,2,C,5,1
212,6,0,advice,everyday,2,D,1,-1
212,6,0,advice,everyday,2,D,2,-1
212,6,0,advice,everyday,2,D,3,1
212,6,0,advice,everyday,2,D,4,0
212,6,0,advice,everyday,2,D,5,-1
212,6,0,advice,everyday,2,E,1,0
212,6,0,advice,everyday,2,E,2,1
212,6,0,advice,everyday,2,E,3,-2
212,6,0,advice,everyday,2,E,4,0
212,6,0,advice,everyday,2,E,5,0
213,6,0,advice,everyday,3,A,1,1
213,6,0,advice,everyday,3,A,2,-1
213,6,0,advice,everyday,3,A,3,-1
213,6,0,advice,everyday,3,A,4,0
213,6,0,advice,everyday,3,A,5,0
213,6,0,advice,everyday,3,B,1,0
213,6,0,advice,everyday,3,B,2,0
213,6,0,advice,everyday,3,B,3,1
213,6,0,advice,everyday,3,B,4,-2
213,6,0,advice,everyday,3,B,5,1
213,6,0,advice,everyday,3,C,1,0
213,6,0,advice,everyday,3,C,2,0
213,6,0,advice,everyday,3,C,3,0
213,6,0,advice,everyday,3,C,4,-1
213,6,0,advice,everyday,3,C,5,-1
213,6,0,advice,everyday,3,D,1,0
213,6,0,advice,everyday,3,D,2,1
213,6,0,advice,everyday,3,D,3,0
213,6,0,advice,everyday,3,D,4,0
213,6,0,advice,everyday,3,D,5,0
213,6,0,advice,everyday,3,E,1,0
213,6,0,advice,everyday,3,E,2,0
213,6,0,advice,everyday,3,E,3,1
213,6,0,advice,everyday,3,E,4,0
213,6,0,advice,everyday,3,E,5,1
214,6,0,advice,instrument,1,A,1,0
214,6,0,advice,instrument,1,A,2,-1
214,6,0,advice,instrument,1,A,3,1
214,6,0,advice,instrument,1,A,4,1
214,6,0,advice,instrument,1,A,5,1
214,6,0,advice,instrument,1,B,1,1
214,6,0,advice,instrument,1,B,2,0
214,6,0,advice,instrument,1,B,3,1
214,6,0,advice,instrument,1,B,4,0
214,6,0,advice,instrument,1,B,5,0
214,6,0,advice,instrument,1,C,1,1
214,6,0,advice,instrument,1,C,2,0
214,6,0,advice,instrument,1,C,3,1
214,6,0,advice,instrument,1,C,4,0
214,6,0,advice,instrument,1,C,5,0
214,6,0,advice,instrument,1,D,1,0
214,6,0,advice,instrument,1,D,2,0
214,6,0,advice,instrument,1,D,3,1
214,6,0,advice,instrument,1,D,4,1
214,6,0,advice,instrument,1,D,5,0
214,6,0,advice,instrument,1,E,1,1
214,6,0,advice,instrument,1,E,2,0
214,6,0,advice,instrument,1,E,3,1
214,6,0,advice,instrument,1,E,4,0
214,6,0,advice,instrument,1,E,5,0
215,6,0,advice,instrument,2,A,1,-1
215,6,0,advice,instrument,2,A,2,1
215,6,0,advice,instrument,2,A,3,0
215,6,0,advice,instrument,2,A,4,0
215,6,0,advice,instrument,2,A,5,1
215,6,0,advice,instrument,2,B,1,0
215,6,0,advice,instrument,2,B,2,0
215,6,0,advice,instrument,2,B,3,0
215,6,0,advice,instrument,2,B,4,-1
215,6,0,advice,instrument,2,B,5,-1
215,6,0,advice,instrument,2,C,1,-3
215,6,0,advice,instrument,2,C,2,-1
215,6,0,advice,instrument,2,C,3,0
215,6,0,advice,instrument,2,C,4,0
215,6,0,advice,instrument,2,C,5,-1
215,6,0,advice,instrument,2,D,1,0
215,6,0,advice,instrument,2,D,2,-1
215,6,0,advice,instrument,2,D,3,1
215,6,0,advice,instrument,2,D,4,1
215,6,0,advice,instrument,2,D,5,-1
215,6,0,advice,instrument,2,E,1,0
215,6,0,advice,instrument,2,E,2,-1
215,6,0,advice,instrument,2,E,3,1
215,6,0,advice,instrument,2,E,4,0
215,6,0,advice,instrument,2,E,5,0
216,6,0,advice,instrument,3,A,1,-1
216,6,0,advice,instrument,3,A,2,1
216,6,0,advice,instrument,3,A,3,0
216,6,0,advice,instrument,3,A,4,0
216,6,0,advice,instrument,3,A,5,1
216,6,0,advice,instrument,3,B,1,1
216,6,0,advice,instrument,3,B,2,0
216,6,0,advice,instrument,3,B,3,1
216,6,0,advice,instrument,3,B,4,0
216,6,0,advice,instrument,3,B,5,0
216,6,0,advice,instrument,3,C,1,0
216,6,0,advice,instrument,3,C,2,2
216,6,0,advice,instrument,3,C,3,0
216,6,0,advice,instrument,3,C,4,1
216,6,0,advice,instrument,3,C,5,1
216,6,0,advice,instrument,3,D,1,0
216,6,0,advice,instrument,3,D,2,1
216,6,0,advice,instrument,3,D,3,2
216,6,0,advice,instrument,3,D,4,2
216,6,0,advice,instrument,3,D,5,1
216,6,0,advice,instrument,3,E,1,1
216,6,0,advice,instrument,3,E,2,2
216,6,0,advice,instrument,3,E,3,1
216,6,0,advice,instrument,3,E,4,0
216,6,0,advice,instrument,3,E,5,0
217,7,1,summary,everyday,1,A,1,-2
217,7,1,summary,everyday,1,A,2,0
217,7,1,summary,everyday,1,A,3,0
217,7,1,summary,everyday,1,A,4,-2
217,7,1,summary,everyday,1,A,5,-1
217,7,1,summary,everyday,1,B,1,0
217,7,1,summary,everyday,1,B,2,1
217,7,1,summary,everyday,1,B,3,0
217,7,1,summary,everyday,1,B,4,0
217,7,1,summary,everyday,1,B,5,0
217,7,1,summary,everyday,1,C,1,0
217,7,1,summary,everyday,1,C,2,0
217,7,1,summary,everyday,1,C,3,-1
217,7,1,summary,everyday,1,C,4,-1
217,7,1,summary,everyday,1,C,5,-1
217,7,1,summary,everyday,1,D,1,0
217,7,1,summary,everyday,1,D,2,0
217,7,1,summary,everyday,1,D,3,0
217,7,1,summary,everyday,1,D,4,-2
217,7,1,summary,everyday,1,D,5,0
217,7,1,summary,everyday,1,E,1,0
217,7,1,summary,everyday,1,E,2,0
217,7,1,summary,everyday,1,E,3,0
217,7,1,summary,everyday,1,E,4,0
217,7,1,summary,everyday,1,E,5,0
218,7,1,summary,everyday,2,A,1,-1
218,7,1,summary,everyday,2,A,2,1
218,7,1,summary,everyday,2,A,3,0
218,7,1,summary,everyday,2,A,4,-1
218,7,1,summary,everyday,2,A,5,0
218,7,1,summary,everyday,2,B,1,0
218,7,1,summary,everyday,2,B,2,1
218,7,1,summary,everyday,2,B,3,-1
218,7,1,summary,everyday,2,B,4,0
218,7,1,summary,everyday,2,B,5,0
218,7,1,summary,everyday,2,C,1,2
218,7,1,summary,everyday,2,C,2,0
218,7,1,summary,everyday,2,C,3,2
218,7,1,summary,everyday,2,C,4,0
218,7,1,summary,everyday,2,C,5,0
218,7,1,summary,everyday,2,D,1,-1
218,7,1,summary,everyday,2,D,2,1
218,7,1,summary,everyday,2,D,3,1
218,7,1,summary,everyday,2,D,4,0
218,7,1,summary,everyday,2,D,5,0
218,7,1,summary,everyday,2,E,1,0
218,7,1,summary,everyday,2,E,2,0
218,7,1,summary,everyday,2,E,3,0
218,7,1,summary,everyday,2,E,4,0
218,7,1,summary,everyday,2,E,5,1
219,7,1,summary,everyday,3,A,1,0
219,7,1,summary,everyday,3,A,2,0
219,7,1,summary,everyday,3,A,3,0
219,7,1,summary,everyday,3,A,4,0
219,7,1,summary,everyday,3,A,5,-1
219,7,1,summary,everyday,3,B,1,-2
219,7,1,summary,everyday,3,B,2,2
219,7,1,summary,everyday,3,B,3,-1
219,7,1,summary,everyday,3,B,4,-1
219,7,1,summary,everyday,3,B,5,0
219,7,1,summary,everyday,3,C,1,1
219,7,1,summary,everyday,3,C,2,0
219,7,1,summary,everyday,3,C,3,0
219,7,1,summary,everyday,3,C,4,1
219,7,1,summary,everyday,3,C,5,1
219,7,1,summary,everyday,3,D,1,0
219,7,1,summary,everyday,3,D,2,0
219,7,1,summary,everyday,3,D,3,1
219,7,1,summary,everyday,3,D,4,1
219,7,1,summary,everyday,3,D,5,-1
219,7,1,summary,everyday,3,E,1,2
219,7,1,summary,everyday,3,E,2,1
219,7,1,summary,everyday,3,E,3,0
219,7,1,summary,everyday,3,E,4,1
219,7,1,summary,everyday,3,E,5,-1
220,7,1,summary,instrument,1,A,1,-1
220,7,1,summary,instrument,1,A,2,-1
220,7,1,summary,instrument,1,A,3,0
220,7,1,summary,instrument,1,A,4,-1
220,7,1,summary,instrument,1,A,5,0
220,7,1,summary,instrument,1,B,1,0
220,7,1,summary,instrument,1,B,2,-2
220,7,1,summary,instrument,1,B,3,0
220,7,1,summary,instrument,1,B,4,0
220,7,1,summary,instrument,1,B,5,0
220,7,1,summary,instrument,1,C,1,0
220,7,1,summary,instrument,1,C,2,0
220,7,1,summary,instrument,1,C,3,1
220,7,1,summary,instrument,1,C,4,0
220,7,1,summary,instrument,1,C,5,-1
220,7,1,summary,instrument,1,D,1,-1
220,7,1,summary,instrument,1,D,2,0
220,7,1,summary,instrument,1,D,3,-1
220,7,1,summary,instrument,1,D,4,0
220,7,1,summary,instrument,1,D,5,1
220,7,1,summary,instrument,1,E,1,2
220,7,1,summary,instrument,1,E,2,0
220,7,1,summary,instrument,1,E,3,1
220,7,1,summary,instrument,1,E,4,-1
220,7,1,summary,instrument,1,E,5,0
221,7,1,summary,instrument,2,A,1,0
221,7,1,summary,instrument,2,A,2,0
221,7,1,summary,instrument,2,A,3,0
221,7,1,summary,instrument,2,A,4,-1
221,7,1,summary,instrument,2,A,5,0
221,7,1,summary,instrument,2,B,1,-1
221,7,1,summary,instrument,2,B,2,0
221,7,1,summary,instrument,2,B,3,0
221,7,1,summary,instrument,2,B,4,0
221,7,1,summary,instrument,2,B,5,1
221,7,1,summary,instrument,2,C,1,0
221,7,1,summary,instrument,2,C,2,0
221,7,1,summary,instrument,2,C,3,-1
221,7,1,summary,instrument,2,C,4,0
221,7,1,summary,instrument,2,C,5,0
221,7,1,summary,instrument,2,D,1,1
221,7,1,summary,instrument,2,D,2,1
221,7,1,summary,instrument,2,D,3,1
221,7,1,summary,instrument,2,D,4,1
221,7,1,summary,instrument,2,D,5,0
221,7,1,summary,instrument,2,E,1,-1
221,7,1,summary,instrument,2,E,2,-2
221,7,1,summary,instrument,2,E,3,1
221,7,1,summary,instrument,2,E,4,-1
221,7,1,summary,instrument,2,E,5,0
222,7,1,summary,instrument,3,A,1,0
222,7,1,summary,instrument,3,A,2,0
222,7,1,summary,instrument,3,A,3,0
222,7,1,summary,instrument,3,A,4,0
222,7,1,summary,instrument,3,A,5,-2
222,7,1,summary,instrument,3,B,1,0
222,7,1,summary,instrument,3,B,2,0
222,7,1,summary,instrument,3,B,3,-1
222,7,1,summary,instrument,3,B,4,0
222,7,1,summary,instrument,3,B,5,-1
222,7,1,summary,instrument,3,C,1,-1
222,7,1,summary,instrument,3,C,2,0
222,7,1,summary,instrument,3,C,3,0
222,7,1,summary,instrument,3,C,4,1
222,7,1,summary,instrument,3,C,5,0
222,7,1,summary,instrument,3,D,1,1
222,7,1,summary,instrument,3,D,2,0
222,7,1,summary,instrument,3,D,3,0
222,7,1,summary,instrument,3,D,4,1
222,7,1,summary,instrument,3,D,5,0
222,7,1,summary,instrument,3,E,1,1
222,7,1,summary,instrument,3,E,2,1
222,7,1,summary,instrument,3,E,3,0
222,7,1,summary,instrument,3,E,4,-1
222,7,1,summary,instrument,3,E,5,0
223,7,1,explanation,everyday,1,A,1,-1
223,7,1,explanation,everyday,1,A,2,0
223,7,1,explanation,everyday,1,A,3,-1
223,7,1,explanation,everyday,1,A,4,0
223,7,1,explanation,everyday,1,A,5,-1
223,7,1,explanation,everyday,1,B,1,1
223,7,1,explanation,everyday,1,B,2,0
223,7,1,explanation,everyday,1,B,3,-1
223,7,1,explanation,everyday,1,B,4,0
223,7,1,explanation,everyday,1,B,5,0
223,7,1,explanation,everyday,1,C,1,0
223,7,1,explanation,everyday,1,C,2,1
223,7,1,explanation,everyday,1,C,3,-1
223,7,1,explanation,everyday,1,C,4,-1
223,7,1,explanation,everyday,1,C,5,0
223,7,1,explanation,everyday,1,D,1,1
223,7,1,explanation,everyday,1,D,2,-1
223,7,1,explanation,everyday,1,D,3,-1
223,7,1,explanation,everyday,1,D,4,-1
223,7,1,explanation,everyday,1,D,5,1
223,7,1,explanation,everyday,1,E,1,0
223,7,1,explanation,everyday,1,E,2,0
223,7,1,explanation,everyday,1,E,3,0
223,7,1,explanation,everyday,1,E,4,1
223,7,1,explanation,everyday,1,E,5,-1
224,7,1,explanation,everyday,2,A,1,-1
224,7,1,explanation,everyday,2,A,2,0
224,7,1,explanation,everyday,2,A,3,0
224,7,1,explanation,everyday,2,A,4,-1
224,7,1,explanation,everyday,2,A,5,0
224,7,1,explanation,everyday,2,B,1,-1
224,7,1,explanation,everyday,2,B,2,0
224,7,1,explanation,everyday,2,B,3,0
224,7,1,explanation,everyday,2,B,4,2
224,7,1,explanation,everyday,2,B,5,1
224,7,1,explanation,everyday,2,C,1,-1
224,7,1,explanation,everyday,2,C,2,0
224,7,1,explanation,everyday,2,C,3,0
224,7,1,explanation,everyday,2,C,4,1
224,7,1,explanation,everyday,2,C,5,0
224,7,1,explanation,everyday,2,D,1,1
224,7,1,explanation,everyday,2,D,2,1
224,7,1,explanation,everyday,2,D,3,0
224,7,1,explanation,everyday,2,D,4,1
224,7,1,explanation,everyday,2,D,5,0
224,7,1,explanation,everyday,2,E,1,0
224,7,1,explanation,everyday,2,E,2,-1
224,7,1,explanation,everyday,2,E,3,-2
224,7,1,explanation,everyday,2,E,4,0
224,7,1,explanation,everyday,2,E,5,1
225,7,1,explanation,everyday,3,A,1,-1
225,7,1,explanation,everyday,3,A,2,0
225,7,1,explanation,everyday,3,A,3,-1
225,7,1,explanation,everyday,3,A,4,0
225,7,1,explanation,everyday,3,A,5,0
225,7,1,explanation,everyday,3,B,1,0
225,7,1,explanation,everyday,3,B,2,0
225,7,1,explanation,everyday,3,B,3,0
225,7,1,explanation,everyday,3,B,4,1
225,7,1,explanation,everyday,3,B,5,-1
225,7,1,explanation,everyday,3,C,1,0
225,7,1,explanation,everyday,3,C,2,1
225,7,1,explanation,everyday,3,C,3,0
225,7,1,explanation,everyday,3,C,4,-1
225,7,1,explanation,everyday,3,C,5,2
225,7,1,explanation,everyday,3,D,1,0
225,7,1,explanation,everyday,3,D,2,1
225,7,1,explanation,everyday,3,D,3,1
225,7,1,explanation,everyday,3,D,4,-1
225,7,1,explanation,everyday,3,D,5,-1
225,7,1,explanation,everyday,3,E,1,0
225,7,1,explanation,everyday,3,E,2,1
225,7,1,explanation,everyday,3,E,3,1
225,7,1,explanation,everyday,3,E,4,0
225,7,1,explanation,everyday,3,E,5,1
226,7,1,explanation,instrument,1,A,1,0
226,7,1,explanation,instrument,1,A,2,0
226,7,1,explanation,instrument,1,A,3,0
226,7,1,explanation,instrument,1,A,4,0
226,7,1,explanation,instrument,1,A,5,-1
226,7,1,explanation,instrument,1,B,1,0
226,7,1,explanation,instrument,1,B,2,1
226,7,1,explanation,instrument,1,B,3,0
226,7,1,explanation,instrument,1,B,4,1
226,7,1,explanation,instrument,1,B,5,0
226,7,1,explanation,instrument,1,C,1,0
226,7,1,explanation,instrument,1,C,2,1
226,7,1,explanation,instrument,1,C,3,0
226,7,1,explanation,instrument,1,C,4,1
226,7,1,explanation,instrument,1,C,5,0
226,7,1,explanation,instrument,1,D,1,1
226,7,1,explanation,instrument,1,D,2,0
226,7,1,explanation,instrument,1,D,3,-1
226,7,1,explanation,instrument,1,D,4,0
226,7,1,explanation,instrument,1,D,5,0
226,7,1,explanation,instrument,1,E,1,0
226,7,1,explanation,instrument,1,E,2,-1
226,7,1,explanation,instrument,1,E,3,-2
226,7,1,explanation,instrument,1,E,4,0
226,7,1,explanation,instrument,1,E,5,0
227,7,1,explanation,instrument,2,A,1,0
227,7,1,explanation,instrument,2,A,2,1
227,7,1,explanation,instrument,2,A,3,0
227,7,1,explanation,instrument,2,A,4,0
227,7,1,explanation,instrument,2,A,5,0
227,7,1,explanation,instrument,2,B,1,-1
227,7,1,explanation,instrument,2,B,2,1
227,7,1,explanation,instrument,2,B,3,0
227,7,1,explanation,instrument,2,B,4,0
227,7,1,explanation,instrument,2,B,5,0
227,7,1,explanation,instrument,2,C,1,0
227,7,1,explanation,instrument,2,C,2,0
227,7,1,explanation,instrument,2,C,3,0
227,7,1,explanation,instrument,2,C,4,-2
227,7,1,explanation,instrument,2,C,5,-1
227,7,1,explanation,instrument,2,D,1,0
227,7,1,explanation,instrument,2,D,2,-2
227,7,1,explanation,instrument,2,D,3,0
227,7,1,explanation,instrument,2,D,4,-1
227,7,1,explanation,instrument,2,D,5,0
227,7,1,explanation,instrument,2,E,1,-1
227,7,1,explanation,instrument,2,E,2,-1
227,7,1,explanation,instrument,2,E,3,1
227,7,1,explanation,instrument,2,E,4,-1
227,7,1,explanation,instrument,2,E,5,-1
228,7,1,explanation,instrument,3,A,1,0
228,7,1,explanation,instrument,3,A,2,1
228,7,1,explanation,instrument,3,A,3,-1
228,7,1,explanation,instrument,3,A,4,1
228,7,1,explanation,instrument,3,A,5,-1
228,7,1,explanation,instrument,3,B,1,-1
228,7,1,explanation,instrument,3,B,2,2
228,7,1,explanation,instrument,3,B,3,1
228,7,1,explanation,instrument,3,B,4,1
228,7,1,explanation,instrument,3,B,5,2
228,7,1,explanation,instrument,3,C,1,0
228,7,1,explanation,instrument,3,C,2,-1
228,7,1,explanation,instrument,3,C,3,-1
228,7,1,explanation,instrument,3,C,4,0
228,7,1,explanation,instrument,3,C,5,0
228,7,1,explanation,instrument,3,D,1,1
228,7,1,explanation,instrument,3,D,2,-1
228,7,1,explanation,instrument,3,D,3,0
228,7,1,explanation,instrument,3,D,4,0
228,7,1,explanation,instrument,3,D,5,0
228,7,1,explanation,instrument,3,E,1,2
228,7,1,explanation,instrument,3,E,2,0
228,7,1,explanation,instrument,3,E,3,1
228,7,1,explanation,instrument,3,E,4,-1
228,7,1,explanation,instrument,3,E,5,-1
229,7,1,fairness,everyday,1,A,1,1
229,7,1,fairness,everyday,1,A,2,0
229,7,1,fairness,everyday,1,A,3,1
229,7,1,fairness,everyday,1,A,4,1
229,7,1,fairness,everyday,1,A,5,0
229,7,1,fairness,everyday,1,B,1,0
229,7,1,fairness,everyday,1,B,2,0
229,7,1,fairness,everyday,1,B,3,0
229,7,1,fairness,everyday,1,B,4,1
229,7,1,fairness,everyday,1,B,5,0
229,7,1,fairness,everyday,1,C,1,0
229,7,1,fairness,everyday,1,C,2,0
229,7,1,fairness,everyday,1,C,3,1
229,7,1,fairness,everyday,1,C,4,-1
229,7,1,fairness,everyday,1,C,5,1
229,7,1,fairness,everyday,1,D,1,-1
229,7,1,fairness,everyday,1,D,2,-1
229,7,1,fairness,everyday,1,D,3,0
229,7,1,fairness,everyday,1,D,4,0
229,7,1,fairness,everyday,1,D,5,1
229,7,1,fairness,everyday,1,E,1,0
229,7,1,fairness,everyday,1,E,2,0
229,7,1,fairness,everyday,1,E,3,0
229,7,1,fairness,everyday,1,E,4,0
229,7,1,fairness,everyday,1,E,5,0
230,7,1,fairness,everyday,2,A,1,-1
230,7,1,fairness,everyday,2,A,2,-2
230,7,1,fairness,everyday,2,A,3,0
230,7,1,fairness,everyday,2,A,4,0
230,7,1,fairness,everyday,2,A,5,0
230,7,1,fairness,everyday,2,B,1,1
230,7,1,fairness,everyday,2,B,2,-2
230,7,1,fairness,everyday,2,B,3,0
230,7,1,fairness,everyday,2,B,4,1
230,7,1,fairness,everyday,2,B,5,1
230,7,1,fairness,everyday,2,C,1,0
230,7,1,fairness,everyday,2,C,2,0
230,7,1,fairness,everyday,2,C,3,0
230,7,1,fairness,everyday,2,C,4,-1
230,7,1,fairness,everyday,2,C,5,0
230,7,1,fairness,everyday,2,D,1,0
230,7,1,fairness,everyday,2,D,2,0
230,7,1,fairness,everyday,2,D,3,0
230,7,1,fairness,everyday,2,D,4,0
230,7,1,fairness,everyday,2,D,5,0
230,7,1,fairness,everyday,2,E,1,0
230,7,1,fairness,everyday,2,E,2,1
230,7,1,fairness,everyday,2,E,3,1
230,7,1,fairness,everyday,2,E,4,0
230,7,1,fairness,everyday,2,E,5,1
231,7,1,fairness,everyday,3,A,1,1
231,7,1,fairness,everyday,3,A,2,-1
231,7,1,fairness,everyday,3,A,3,0
231,7,1,fairness,everyday,3,A,4,-1
231,7,1,fairness,everyday,3,A,5,-1
231,7,1,fairness,everyday,3,B,1,-1
231,7,1,fairness,everyday,3,B,2,0
231,7,1,fairness,everyday,3,B,3,-1
231,7,1,fairness,everyday,3,B,4,0
231,7,1,fairness,everyday,3,B,5,1
231,7,1,fairness,everyday,3,C,1,1
231,7,1,fairness,everyday,3,C,2,-1
231,7,1,fairness,everyday,3,C,3,1
231,7,1,fairness,everyday,3,C,4,0
231,7,1,fairness,everyday,3,C,5,0
231,7,1,fairness,everyday,3,D,1,1
231,7,1,fairness,everyday,3,D,2,-1
231,7,1,fairness,everyday,3,D,3,0
231,7,1,fairness,everyday,3,D,4,0
231,7,1,fairness,everyday,3,D,5,1
231,7,1,fairness,everyday,3,E,1,0
231,7,1,fairness,everyday,3,E,2,0
231,7,1,fairness,everyday,3,E,3,0
231,7,1,fairness,everyday,3,E,4,0
231,7,1,fairness,everyday,3,E,5,1
232,7,1,fairness,instrument,1,A,1,0
232,7,1,fairness,instrument,1,A,2,-2
232,7,1,fairness,instrument,1,A,3,2
232,7,1,fairness,instrument,1,A,4,0
232,7,1,fairness,instrument,1,A,5,2
232,7,1,fairness,instrument,1,B,1,-1
232,7,1,fairness,instrument,1,B,2,0
232,7,1,fairness,instrument,1,B,3,-1
232,7,1,fairness,instrument,1,B,4,0
232,7,1,fairness,instrument,1,B,5,0
232,7,1,fairness,instrument,1,C,1,0
232,7,1,fairness,instrument,1,C,2,-1
232,7,1,fairness,instrument,1,C,3,1
232,7,1,fairness,instrument,1,C,4,-1
232,7,1,fairness,instrument,1,C,5,0
232,7,1,fairness,instrument,1,D,1,1
232,7,1,fairness,instrument,1,D,2,0
232,7,1,fairness,instrument,1,D,3,0
232,7,1,fairness,instrument,1,D,4,-1
232,7,1,fairness,instrument,1,D,5,0
232,7,1,fairness,instrument,1,E,1,1
232,7,1,fairness,instrument,1,E,2,0
232,7,1,fairness,instrument,1,E,3,0
232,7,1,fairness,instrument,1,E,4,0
232,7,1,fairness,instrument,1,E,5,-1
233,7,1,fairness,instrument,2,A,1,0
233,7,1,fairness,instrument,2,A,2,-1
233,7,1,fairness,instrument,2,A,3,1
233,7,1,fairness,instrument,2,A,4,0
233,7,1,fairness,instrument,2,A,5,1
233,7,1,fairness,instrument,2,B,1,0
233,7,1,fairness,instrument,2,B,2,0
233,7,1,fairness,instrument,2,B,3,-1
233,7,1,fairness,instrument,2,B,4,0
233,7,1,fairness,instrument,2,B,5,0
233,7,1,fairness,instrument,2,C,1,1
233,7,1,fairness,instrument,2,C,2,0
233,7,1,fairness,instrument,2,C,3,-1
233,7,1,fairness,instrument,2,C,4,-1
233,7,1,fairness,instrument,2,C,5,-1
233,7,1,fairness,instrument,2,D,1,-2
233,7,1,fairness,instrument,2,D,2,1
233,7,1,fairness,instrument,2,D,3,0
233,7,1,fairness,instrument,2,D,4,0
233,7,1,fairness,instrument,2,D,5,0
233,7,1,fairness,instrument,2,E,1,1
233,7,1,fairness,instrument,2,E,2,1
233,7,1,fairness,instrument,2,E,3,-1
233,7,1,fairness,instrument,2,E,4,1
233,7,1,fairness,instrument,2,E,5,-1
234,7,1,fairness,instrument,3,A,1,0
234,7,1,fairness,instrument,3,A,2,0
234,7,1,fairness,instrument,3,A,3,0
234,7,1,fairness,instrument,3,A,4,1
234,7,1,fairness,instrument,3,A,5,0
234,7,1,fairness,instrument,3,B,1,0
234,7,1,fairness,instrument,3,B,2,1
234,7,1,fairness,instrument,3,B,3,0
234,7,1,fairness,instrument,3,B,4,-1
234,7,1,fairness,instrument,3,B,5,-1
234,7,1,fairness,instrument,3,C,1,-1
234,7,1,fairness,instrument,3,C,2,-1
234,7,1,fairness,instrument,3,C,3,1
234,7,1,fairness,instrument,3,C,4,0
234,7,1,fairness,instrument,3,C,5,0
234,7,1,fairness,instrument,3,D,1,0
234,7,1,fairness,instrument,3,D,2,0
234,7,1,fairness,instrument,3,D,3,1
234,7,1,fairness,instrument,3,D,4,0
234,7,1,fairness,instrument,3,D,5,1
234,7,1,fairness,instrument,3,E,1,0
234,7,1,fairness,instrument,3,E,2,0
234,7,1,fairness,instrument,3,E,3,-1
234,7,1,fairness,instrument,3,E,4,1
234,7,1,fairness,instrument,3,E,5,0
235,7,1,prediction,everyday,1,A,1,0
235,7,1,prediction,everyday,1,A,2,-2
235,7,1,prediction,everyday,1,A,3,0
235,7,1,prediction,everyday,1,A,4,1
235,7,1,prediction,everyday,1,A,5,-1
235,7,1,prediction,everyday,1,B,1,1
235,7,1,prediction,everyday,1,B,2,0
235,7,1,prediction,everyday,1,B,3,1
235,7,1,prediction,everyday,1,B,4,-1
235,7,1,prediction,everyday,1,B,5,0
235,7,1,prediction,everyday,1,C,1,0
235,7,1,prediction,everyday,1,C,2,-1
235,7,1,prediction,everyday,1,C,3,1
235,7,1,prediction,everyday,1,C,4,-1
235,7,1,prediction,everyday,1,C,5,2
235,7,1,prediction,everyday,1,D,1,1
235,7,1,prediction,everyday,1,D,2,1
235,7,1,prediction,everyday,1,D,3,0
235,7,1,prediction,everyday,1,D,4,0
235,7,1,prediction,everyday,1,D,5,0
235,7,1,prediction,everyday,1,E,1,-1
235,7,1,prediction,everyday,1,E,2,-1
235,7,1,prediction,everyday,1,E,3,0
235,7,1,prediction,everyday,1,E,4,0
235,7,1,prediction,everyday,1,E,5,0
236,7,1,prediction,everyday,2,A,1,-1
236,7,1,prediction,everyday,2,A,2,0
236,7,1,prediction,everyday,2,A,3,0
236,7,1,prediction,everyday,2,A,4,1
236,7,1,prediction,everyday,2,A,5,1
236,7,1,prediction,everyday,2,B,1,-1
236,7,1,prediction,everyday,2,B,2,0
236,7,1,prediction,everyday,2,B,3,0
236,7,1,prediction,everyday,2,B,4,-1
236,7,1,prediction,everyday,2,B,5,0
236,7,1,prediction,everyday,2,C,1,-1
236,7,1,prediction,everyday,2,C,2,1
236,7,1,prediction,everyday,2,C,3,1
236,7,1,prediction,everyday,2,C,4,-2
236,7,1,prediction,everyday,2,C,5,0
236,7,1,prediction,everyday,2,D,1,1
236,7,1,prediction,everyday,2,D,2,2
236,7,1,prediction,everyday,2,D,3,1
236,7,1,prediction,everyday,2,D,4,-1
236,7,1,prediction,everyday,2,D,5,1
236,7,1,prediction,everyday,2,E,1,-1
236,7,1,prediction,everyday,2,E,2,2
236,7,1,prediction,everyday,2,E,3,1
236,7,1,prediction,everyday,2,E,4,0
236,7,1,prediction,everyday,2,E,5,1
237,7,1,prediction,everyday,3,A,1,0
237,7,1,prediction,everyday,3,A,2,1
237,7,1,prediction,everyday,3,A,3,1
237,7,1,prediction,everyday,3,A,4,0
237,7,1,prediction,everyday,3,A,5,-1
237,7,1,prediction,everyday,3,B,1,-1
237,7,1,prediction,everyday,3,B,2,1
237,7,1,prediction,everyday,3,B,3,1
237,7,1,prediction,everyday,3,B,4,0
237,7,1,prediction,everyday,3,B,5,2
237,7,1,prediction,everyday,3,C,1,0
237,7,1,prediction,everyday,3,C,2,0
237,7,1,prediction,everyday,3,C,3,0
237,7,1,prediction,everyday,3,C,4,1
237,7,1,prediction,everyday,3,C,5,-1
237,7,1,prediction,everyday,3,D,1,-1
237,7,1,prediction,everyday,3,D,2,-1
237,7,1,prediction,everyday,3,D,3,0
237,7,1,prediction,everyday,3,D,4,1
237,7,1,prediction,everyday,3,D,5,-1
237,7,1,prediction,everyday,3,E,1,-1
237,7,1,prediction,everyday,3,E,2,0
237,7,1,prediction,everyday,3,E,3,1
237,7,1,prediction,everyday,3,E,4,0
237,7,1,prediction,everyday,3,E,5,0
238,7,1,prediction,instrument,1,A,1,-1
238,7,1,prediction,instrument,1,A,2,-1
238,7,1,prediction,instrument,1,A,3,0
238,7,1,prediction,instrument,1,A,4,1
238,7,1,prediction,instrument,1,A,5,1
238,7,1,prediction,instrument,1,B,1,0
238,7,1,prediction,instrument,1,B,2,0
238,7,1,prediction,instrument,1,B,3,2
238,7,1,prediction,instrument,1,B,4,-1
238,7,1,prediction,instrument,1,B,5,1
238,7,1,prediction,instrument,1,C,1,0
238,7,1,prediction,instrument,1,C,2,-1
238,7,1,prediction,instrument,1,C,3,-1
238,7,1,prediction,instrument,1,C,4,-1
238,7,1,prediction,instrument,1,C,5,-1
238,7,1,prediction,instrument,1,D,1,0
238,7,1,prediction,instrument,1,D,2,0
238,7,1,prediction,instrument,1,D,3,-1
238,7,1,prediction,instrument,1,D,4,0
238,7,1,prediction,instrument,1,D,5,0
238,7,1,prediction,instrument,1,E,1,0
238,7,1,prediction,instrument,1,E,2,0
238,7,1,prediction,instrument,1,E,3,1
238,7,1,prediction,instrument,1,E,4,1
238,7,1,prediction,instrument,1,E,5,0
239,7,1,prediction,instrument,2,A,1,0
239,7,1,prediction,instrument,2,A,2,1
239,7,1,prediction,instrument,2,A,3,-1
239,7,1,prediction,instrument,2,A,4,0
239,7,1,prediction,instrument,2,A,5,1
239,7,1,prediction,instrument,2,B,1,-1
239,7,1,prediction,instrument,2,B,2,1
239,7,1,prediction,instrument,2,B,3,-1
239,7,1,prediction,instrument,2,B,4,0
239,7,1,prediction,instrument,2,B,5,0
239,7,1,prediction,instrument,2,C,1,0
239,7,1,prediction,instrument,2,C,2,1
239,7,1,prediction,instrument,2,C,3,1
239,7,1,prediction,instrument,2,C,4,1
239,7,1,prediction,instrument,2,C,5,0
239,7,1,prediction,instrument,2,D,1,0
239,7,1,prediction,instrument,2,D,2,0
239,7,1,prediction,instrument,2,D,3,0
239,7,1,prediction,instrument,2,D,4,0
239,7,1,prediction,instrument,2,D,5,1
239,7,1,prediction,instrument,2,E,1,1
239,7,1,prediction,instrument,2,E,2,-1
239,7,1,prediction,instrument,2,E,3,0
239,7,1,prediction,instrument,2,E,4,0
239,7,1,prediction,instrument,2,E,5,0
240,7,1,prediction,instrument,3,A,1,0
240,7,1,prediction,instrument,3,A,2,0
240,7,1,prediction,instrument,3,A,3,0
240,7,1,prediction,instrument,3,A,4,1
240,7,1,prediction,instrument,3,A,5,0
240,7,1,prediction,instrument,3,B,1,0
240,7,1,prediction,instrument,3,B,2,1
240,7,1,prediction,instrument,3,B,3,0
240,7,1,prediction,instrument,3,B,4,2
240,7,1,prediction,instrument,3,B,5,0
240,7,1,prediction,instrument,3,C,1,0
240,7,1,prediction,instrument,3,C,2,0
240,7,1,prediction,instrument,3,C,3,0
240,7,1,prediction,instrument,3,C,4,-1
240,7,1,prediction,instrument,3,C,5,-1
240,7,1,prediction,instrument,3,D,1,1
240,7,1,prediction,instrument,3,D,2,0
240,7,1,prediction,instrument,3,D,3,1
240,7,1,prediction,instrument,3,D,4,0
240,7,1,prediction,instrument,3,D,5,-1
240,7,1,prediction,instrument,3,E,1,-2
240,7,1,prediction,instrument,3,E,2,0
240,7,1,prediction,instrument,3,E,3,0
240,7,1,prediction,instrument,3,E,4,1
240,7,1,prediction,instrument,3,E,5,-1
241,7,1,opinion,everyday,1,A,1,0
241,7,1,opinion,everyday,1,A,2,0
241,7,1,opinion,everyday,1,A,3,1
241,7,1,opinion,everyday,1,A,4,1
241,7,1,opinion,everyday,1,A,5,0
241,7,1,opinion,everyday,1,B,1,0
241,7,1,opinion,everyday,1,B,2,0
241,7,1,opinion,everyday,1,B,3,1
241,7,1,opinion,everyday,1,B,4,-1
241,7,1,opinion,everyday,1,B,5,0
241,7,1,opinion,everyday,1,C,1,1
241,7,1,opinion,everyday,1,C,2,0
241,7,1,opinion,everyday,1,C,3,0
241,7,1,opinion,everyday,1,C,4,0
241,7,1,opinion,everyday,1,C,5,0
241,7,1,opinion,everyday,1,D,1,0
241,7,1,opinion,everyday,1,D,2,0
241,7,1,opinion,everyday,1,D,3,0
241,7,1,opinion,everyday,1,D,4,2
241,7,1,opinion,everyday,1,D,5,0
241,7,1,opinion,everyday,1,E,1,1
241,7,1,opinion,everyday,1,E,2,1
241,7,1,opinion,everyday,1,E,3,0
241,7,1,opinion,everyday,1,E,4,-1
241,7,1,opinion,everyday,1,E,5,-2
242,7,1,opinion,everyday,2,A,1,0
242,7,1,opinion,everyday,2,A,2,-2
242,7,1,opinion,everyday,2,A,3,-1
242,7,1,opinion,everyday,2,A,4,1
242,7,1,opinion,everyday,2,A,5,1
242,7,1,opinion,everyday,2,B,1,0
242,7,1,opinion,everyday,2,B,2,0
242,7,1,opinion,everyday,2,B,3,-1
242,7,1,opinion,everyday,2,B,4,-1
242,7,1,opinion,everyday,2,B,5,0
242,7,1,opinion,everyday,2,C,1,0
242,7,1,opinion,everyday,2,C,2,0
242,7,1,opinion,everyday,2,C,3,0
242,7,1,opinion,everyday,2,C,4,0
242,7,1,opinion,everyday,2,C,5,1
242,7,1,opinion,everyday,2,D,1,0
242,7,1,opinion,everyday,2,D,2,0
242,7,1,opinion,everyday,2,D,3,1
242,7,1,opinion,everyday,2,D,4,0
242,7,1,opinion,everyday,2,D,5,1
242,7,1,opinion,everyday,2,E,1,1
242,7,1,opinion,everyday,2,E,2,-1
242,7,1,opinion,everyday,2,E,3,-1
242,7,1,opinion,everyday,2,E,4,1
242,7,1,opinion,everyday,2,E,5,0
243,7,1,opinion,everyday,3,A,1,0
243,7,1,opinion,everyday,3,A,2,0
243,7,1,opinion,everyday,3,A,3,0
243,7,1,opinion,everyday,3,A,4,0
243,7,1,opinion,everyday,3,A,5,-2
243,7,1,opinion,everyday,3,B,1,-1
243,7,1,opinion,everyday,3,B,2,-1
243,7,1,opinion,everyday,3,B,3,0
243,7,1,opinion,everyday,3,B,4,-1
243,7,1,opinion,everyday,3,B,5,-1
243,7,1,opinion,everyday,3,C,1,1
243,7,1,opinion,everyday,3,C,2,-1
243,7,1,opinion,everyday,3,C,3,0
243,7,1,opinion,everyday,3,C,4,0
243,7,1,opinion,everyday,3,C,5,-1
243,7,1,opinion,everyday,3,D,1,0
243,7,1,opinion,everyday,3,D,2,-1
243,7,1,opinion,everyday,3,D,3,1
243,7,1,opinion,everyday,3,D,4,0
243,7,1,opinion,everyday,3,D,5,0
243,7,1,opinion,everyday,3,E,1,1
243,7,1,opinion,everyday,3,E,2,1
243,7,1,opinion,everyday,3,E,3,0
243,7,1,opinion,everyday,3,E,4,1
243,7,1,opinion,everyday,3,E,5,0
244,7,1,opinion,instrument,1,A,1,0
244,7,1,opinion,instrument,1,A,2,-1
244,7,1,opinion,instrument,1,A,3,-1
244,7,1,opinion,instrument,1,A,4,0
244,7,1,opinion,instrument,1,A,5,-1
244,7,1,opinion,instrument,1,B,1,0
244,7,1,opinion,instrument,1,B,2,-1
244,7,1,opinion,instrument,1,B,3,-1
244,7,1,opinion,instrument,1,B,4,1
244,7,1,opinion,instrument,1,B,5,0
244,7,1,opinion,instrument,1,C,1,1
244,7,1,opinion,instrument,1,C,2,0
244,7,1,opinion,instrument,1,C,3,1
244,7,1,opinion,instrument,1,C,4,1
244,7,1,opinion,instrument,1,C,5,0
244,7,1,opinion,instrument,1,D,1,-1
244,7,1,opinion,instrument,1,D,2,0
244,7,1,opinion,instrument,1,D,3,0
244,7,1,opinion,instrument,1,D,4,1
244,7,1,opinion,instrument,1,D,5,0
244,7,1,opinion,instrument,1,E,1,-1
244,7,1,opinion,instrument,1,E,2,-1
244,7,1,opinion,instrument,1,E,3,0
244,7,1,opinion,instrument,1,E,4,-1
244,7,1,opinion,instrument,1,E,5,0
245,7,1,opinion,instrument,2,A,1,1
245,7,1,opinion,instrument,2,A,2,-1
245,7,1,opinion,instrument,2,A,3,-2
245,7,1,opinion,instrument,2,A,4,-1
245,7,1,opinion,instrument,2,A,5,0
245,7,1,opinion,instrument,2,B,1,0
245,7,1,opinion,instrument,2,B,2,-1
245,7,1,opinion,instrument,2,B,3,0
245,7,1,opinion,instrument,2,B,4,-1
245,7,1,opinion,instrument,2,B,5,-1
245,7,1,opinion,instrument,2,C,1,0
245,7,1,opinion,instrument,2,C,2,-1
245,7,1,opinion,instrument,2,C,3,1
245,7,1,opinion,instrument,2,C,4,0
245,7,1,opinion,instrument,2,C,5,0
245,7,1,opinion,instrument,2,D,1,0
245,7,1,opinion,instrument,2,D,2,0
245,7,1,opinion,instrument,2,D,3,0
245,7,1,opinion,instrument,2,D,4,-1
245,7,1,opinion,instrument,2,D,5,0
245,7,1,opinion,instrument,2,E,1,1
245,7,1,opinion,instrument,2,E,2,1
245,7,1,opinion,instrument,2,E,3,-1
245,7,1,opinion,instrument,2,E,4,-1
245,7,1,opinion,instrument,2,E,5,0
246,7,1,opinion,instrument,3,A,1,-1
246,7,1,opinion,instrument,3,A,2,0
246,7,1,opinion,instrument,3,A,3,1
246,7,1,opinion,instrument,3,A,4,0
246,7,1,opinion,instrument,3,A,5,0
246,7,1,opinion,instrument,3,B,1,-1
246,7,1,opinion,instrument,3,B,2,0
246,7,1,opinion,instrument,3,B,3,-1
246,7,1,opinion,instrument,3,B,4,-1
246,7,1,opinion,instrument,3,B,5,0
246,7,1,opinion,instrument,3,C,1,0
246,7,1,opinion,instrument,3,C,2,0
246,7,1,opinion,instrument,3,C,3,0
246,7,1,opinion,instrument,3,C,4,1
246,7,1,opinion,instrument,3,C,5,0
246,7,1,opinion,instrument,3,D,1,2
246,7,1,opinion,instrument,3,D,2,-1
246,7,1,opinion,instrument,3,D,3,0
246,7,1,opinion,instrument,3,D,4,0
246,7,1,opinion,instrument,3,D,5,0
246,7,1,opinion,instrument,3,E,1,0
246,7,1,opinion,instrument,3,E,2,-1
246,7,1,opinion,instrument,3,E,3,0
246,7,1,opinion,instrument,3,E,4,-2
246,7,1,opinion,instrument,3,E,5,0
247,7,1,advice,everyday,1,A,1,0
247,7,1,advice,everyday,1,A,2,0
247,7,1,advice,everyday,1,A,3,-1
247,7,1,advice,everyday,1,A,4,0
247,7,1,advice,everyday,1,A,5,1
247,7,1,advice,everyday,1,B,1,0
247,7,1,advice,everyday,1,B,2,0
247,7,1,advice,everyday,1,B,3,0
247,7,1,advice,everyday,1,B,4,-1
247,7,1,advice,everyday,1,B,5,0
247,7,1,advice,everyday,1,C,1,1
247,7,1,advice,everyday,1,C,2,0
247,7,1,advice,everyday,1,C,3,0
247,7,1,advice,everyday,1,C,4,2
247,7,1,advice,everyday,1,C,5,0
247,7,1,advice,everyday,1,D,1,-1
247,7,1,advice,everyday,1,D,2,0
247,7,1,advice,everyday,1,D,3,0
247,7,1,advice,everyday,1,D,4,1
247,7,1,advice,everyday,1,D,5,0
247,7,1,advice,everyday,1,E,1,1
247,7,1,advice,everyday,1,E,2,2
247,7,1,advice,everyday,1,E,3,0
247,7,1,advice,everyday,1,E,4,-2
247,7,1,advice,everyday,1,E,5,-1
248,7,1,advice,everyday,2,A,1,1
248,7,1,advice,everyday,2,A,2,0
248,7,1,advice,everyday,2,A,3,0
248,7,1,advice,everyday,2,A,4,0
248,7,1,advice,everyday,2,A,5,1
248,7,1,advice,everyday,2,B,1,0
248,7,1,advice,everyday,2,B,2,-1
248,7,1,advice,everyday,2,B,3,0
248,7,1,advice,everyday,2,B,4,-1
248,7,1,advice,everyday,2,B,5,0
248,7,1,advice,everyday,2,C,1,-1
248,7,1,advice,everyday,2,C,2,0
248,7,1,advice,everyday,2,C,3,0
248,7,1,advice,everyday,2,C,4,1
248,7,1,advice,everyday,2,C,5,0
248,7,1,advice,everyday,2,D,1,0
248,7,1,advice,everyday,2,D,2,-1
248,7,1,advice,everyday,2,D,3,0
248,7,1,advice,everyday,2,D,4,-1
248,7,1,advice,everyday,2,D,5,1
248,7,1,advice,everyday,2,E,1,0
248,7,1,advice,everyday,2,E,2,0
248,7,1,advice,everyday,2,E,3,1
248,7,1,advice,everyday,2,E,4,0
248,7,1,advice,everyday,2,E,5,0
249,7,1,advice,everyday,3,A,1,1
249,7,1,advice,everyday,3,A,2,0
249,7,1,advice,everyday,3,A,3,0
249,7,1,advice,everyday,3,A,4,0
249,7,1,advice,everyday,3,A,5,1
249,7,1,advice,everyday,3,B,1,0
249,7,1,advice,everyday,3,B,2,0
249,7,1,advice,everyday,3,B,3,0
249,7,1,advice,everyday,3,B,4,1
249,7,1,advice,everyday,3,B,5,0
249,7,1,advice,everyday,3,C,1,0
249,7,1,advice,everyday,3,C,2,1
249,7,1,advice,everyday,3,C,3,-1
249,7,1,advice,everyday,3,C,4,0
249,7,1,advice,everyday,3,C,5,0
249,7,1,advice,everyday,3,D,1,0
249,7,1,advice,everyday,3,D,2,0
249,7,1,advice,everyday,3,D,3,-1
249,7,1,advice,everyday,3,D,4,0
249,7,1,advice,everyday,3,D,5,2
249,7,1,advice,everyday,3,E,1,-2
249,7,1,advice,everyday,3,E,2,0
249,7,1,advice,everyday,3,E,3,-1
249,7,1,advice,everyday,3,E,4,0
249,7,1,advice,everyday,3,E,5,0
250,7,1,advice,instrument,1,A,1,0
250,7,1,advice,instrument,1,A,2,-1
250,7,1,advice,instrument,1,A,3,1
250,7,1,advice,instrument,1,A,4,-1
250,7,1,advice,instrument,1,A,5,0
250,7,1,advice,instrument,1,B,1,0
250,7,1,advice,instrument,1,B,2,-1
250,7,1,advice,instrument,1,B,3,1
250,7,1,advice,instrument,1,B,4,0
250,7,1,advice,instrument,1,B,5,-1
250,7,1,advice,instrument,1,C,1,1
250,7,1,advice,instrument,1,C,2,-1
250,7,1,advice,instrument,1,C,3,-1
250,7,1,advice,instrument,1,C,4,0
250,7,1,advice,instrument,1,C,5,1
250,7,1,advice,instrument,1,D,1,0
250,7,1,advice,instrument,1,D,2,0
250,7,1,advice,instrument,1,D,3,0
250,7,1,advice,instrument,1,D,4,0
250,7,1,advice,instrument,1,D,5,0
250,7,1,advice,instrument,1,E,1,0
250,7,1,advice,instrument,1,E,2,0
250,7,1,advice,instrument,1,E,3,1
250,7,1,advice,instrument,1,E,4,0
250,7,1,advice,instrument,1,E,5,1
251,7,1,advice,instrument,2,A,1,1
251,7,1,advice,instrument,2,A,2,0
251,7,1,advice,instrument,2,A,3,1
251,7,1,advice,instrument,2,A,4,0
251,7,1,advice,instrument,2,A,5,0
251,7,1,advice,instrument,2,B,1,0
251,7,1,advice,instrument,2,B,2,0
251,7,1,advice,instrument,2,B,3,1
251,7,1,advice,instrument,2,B,4,1
251,7,1,advice,instrument,2,B,5,-1
251,7,1,advice,instrument,2,C,1,0
251,7,1,advice,instrument,2,C,2,0
251,7,1,advice,instrument,2,C,3,1
251,7,1,advice,instrument,2,C,4,-2
251,7,1,advice,instrument,2,C,5,0
251,7,1,advice,instrument,2,D,1,0
251,7,1,advice,instrument,2,D,2,-1
251,7,1,advice,instrument,2,D,3,0
251,7,1,advice,instrument,2,D,4,-1
251,7,1,advice,instrument,2,D,5,0
251,7,1,advice,instrument,2,E,1,-1
251,7,1,advice,instrument,2,E,2,-1
251,7,1,advice,instrument,2,E,3,-1
251,7,1,advice,instrument,2,E,4,0
251,7,1,advice,instrument,2,E,5,-1
252,7,1,advice,instrument,3,A,1,-2
252,7,1,advice,instrument,3,A,2,-1
252,7,1,advice,instrument,3,A,3,-1
252,7,1,advice,instrument,3,A,4,-1
252,7,1,advice,instrument,3,A,5,0
252,7,1,advice,instrument,3,B,1,1
252,7,1,advice,instrument,3,B,2,0
252,7,1,advice,instrument,3,B,3,0
252,7,1,advice,instrument,3,B,4,0
252,7,1,advice,instrument,3,B,5,0
252,7,1,advice,instrument,3,C,1,1
252,7,1,advice,instrument,3,C,2,0
252,7,1,advice,instrument,3,C,3,-1
252,7,1,advice,instrument,3,C,4,0
252,7,1,advice,instrument,3,C,5,0
252,7,1,advice,instrument,3,D,1,1
252,7,1,advice,instrument,3,D,2,1
252,7,1,advice,instrument,3,D,3,0
252,7,1,advice,instrument,3,D,4,2
252,7,1,advice,instrument,3,D,5,1
252,7,1,advice,instrument,3,E,1,0
252,7,1,advice,instrument,3,E,2,0
252,7,1,advice,instrument,3,E,3,1
252,7,1,advice,instrument,3,E,4,1
252,7,1,advice,instrument,3,E,5,-1
253,8,1,summary,everyday,1,A,1,-1
253,8,1,summary,everyday,1,A,2,-1
253,8,1,summary,everyday,1,A,3,0
253,8,1,summary,everyday,1,A,4,-2
253,8,1,summary,everyday,1,A,5,-1
253,8,1,summary,everyday,1,B,1,-1
253,8,1,summary,everyday,1,B,2,1
253,8,1,summary,everyday,1,B,3,0
253,8,1,summary,everyday,1,B,4,0
253,8,1,summary,everyday,1,B,5,1
253,8,1,summary,everyday,1,C,1,0
253,8,1,summary,everyday,1,C,2,0
253,8,1,summary,everyday,1,C,3,-1
253,8,1,summary,everyday,1,C,4,0
253,8,1,summary,everyday,1,C,5,0
253,8,1,summary,everyday,1,D,1,0
253,8,1,summary,everyday,1,D,2,-1
253,8,1,summary,everyday,1,D,3,0
253,8,1,summary,everyday,1,D,4,-1
253,8,1,summary,everyday,1,D,5,-1
253,8,1,summary,everyday,1,E,1,1
253,8,1,summary,everyday,1,E,2,0
253,8,1,summary,everyday,1,E,3,1
253,8,1,summary,everyday,1,E,4,-1
253,8,1,summary,everyday,1,E,5,-1
254,8,1,summary,everyday,2,A,1,0
254,8,1,summary,everyday,2,A,2,-1
254,8,1,summary,everyday,2,A,3,1
254,8,1,summary,everyday,2,A,4,0
254,8,1,summary,everyday,2,A,5,-1
254,8,1,summary,everyday,2,B,1,1
254,8,1,summary,everyday,2,B,2,1
254,8,1,summary,everyday,2,B,3,-1
254,8,1,summary,everyday,2,B,4,0
254,8,1,summary,everyday,2,B,5,0
254,8,1,summary,everyday,2,C,1,0
254,8,1,summary,everyday,2,C,2,-1
254,8,1,summary,everyday,2,C,3,-1
254,8,1,summary,everyday,2,C,4,0
254,8,1,summary,everyday,2,C,5,1
254,8,1,summary,everyday,2,D,1,1
254,8,1,summary,everyday,2,D,2,0
254,8,1,summary,everyday,2,D,3,0
254,8,1,summary,everyday,2,D,4,-1
254,8,1,summary,everyday,2,D,5,1
254,8,1,summary,everyday,2,E,1,0
254,8,1,summary,everyday,2,E,2,0
254,8,1,summary,everyday,2,E,3,0
254,8,1,summary,everyday,2,E,4,0
254,8,1,summary,everyday,2,E,5,0
255,8,1,summary,everyday,3,A,1,-2
255,8,1,summary,everyday,3,A,2,-1
255,8,1,summary,everyday,3,A,3,1
255,8,1,summary,everyday,3,A,4,0
255,8,1,summary,everyday,3,A,5,0
255,8,1,summary,everyday,3,B,1,-1
255,8,1,summary,everyday,3,B,2,-1
255,8,1,summary,everyday,3,B,3,-1
255,8,1,summary,everyday,3,B,4,-1
255,8,1,summary,everyday,3,B,5,-1
255,8,1,summary,everyday,3,C,1,-1
255,8,1,summary,everyday,3,C,2,0
255,8,1,summary,everyday,3,C,3,-1
255,8,1,summary,everyday,3,C,4,1
255,8,1,summary,everyday,3,C,5,3
255,8,1,summary,everyday,3,D,1,1
255,8,1,summary,everyday,3,D,2,-1
255,8,1,summary,everyday,3,D,3,0
255,8,1,summary,everyday,3,D,4,-1
255,8,1,summary,everyday,3,D,5,-1
255,8,1,summary,everyday,3,E,1,0
255,8,1,summary,everyday,3,E,2,0
255,8,1,summary,everyday,3,E,3,0
255,8,1,summary,everyday,3,E,4,1
255,8,1,summary,everyday,3,E,5,1
256,8,1,summary,instrument,1,A,1,0
256,8,1,summary,instrument,1,A,2,0
256,8,1,summary,instrument,1,A,3,0
256,8,1,summary,instrument,1,A,4,0
256,8,1,summary,instrument,1,A,5,2
256,8,1,summary,instrument,1,B,1,0
256,8,1,summary,instrument,1,B,2,0
256,8,1,summary,instrument,1,B,3,1
256,8,1,summary,instrument,1,B,4,0
256,8,1,summary,instrument,1,B,5,0
256,8,1,summary,instrument,1,C,1,-1
256,8,1,summary,instrument,1,C,2,-1
256,8,1,summary,instrument,1,C,3,0
256,8,1,summary,instrument,1,C,4,-1
256,8,1,summary,instrument,1,C,5,0
256,8,1,summary,instrument,1,D,1,0
256,8,1,summary,instrument,1,D,2,-1
256,8,1,summary,instrument,1,D,3,-1
256,8,1,summary,instrument,1,D,4,-1
256,8,1,summary,instrument,1,D,5,1
256,8,1,summary,instrument,1,E,1,0
256,8,1,summary,instrument,1,E,2,-1
256,8,1,summary,instrument,1,E,3,-1
256,8,1,summary,instrument,1,E,4,1
256,8,1,summary,instrument,1,E,5,-1
257,8,1,summary,instrument,2,A,1,-1
257,8,1,summary,instrument,2,A,2,1
257,8,1,summary,instrument,2,A,3,-1
257,8,1,summary,instrument,2,A,4,-1
257,8,1,summary,instrument,2,A,5,0
257,8,1,summary,instrument,2,B,1,-1
257,8,1,summary,instrument,2,B,2,0
257,8,1,summary,instrument,2,B,3,1
257,8,1,summary,instrument,2,B,4,1
257,8,1,summary,instrument,2,B,5,0
257,8,1,summary,instrument,2,C,1,1
257,8,1,summary,instrument,2,C,2,1
257,8,1,summary,instrument,2,C,3,-1
257,8,1,summary,instrument,2,C,4,-1
257,8,1,summary,instrument,2,C,5,1
257,8,1,summary,instrument,2,D,1,1
257,8,1,summary,instrument,2,D,2,0
257,8,1,summary,instrument,2,D,3,1
257,8,1,summary,instrument,2,D,4,0
257,8,1,summary,instrument,2,D,5,0
257,8,1,summary,instrument,2,E,1,-2
257,8,1,summary,instrument,2,E,2,1
257,8,1,summary,instrument,2,E,3,0
257,8,1,summary,instrument,2,E,4,-2
257,8,1,summary,instrument,2,E,5,0
258,8,1,summary,instrument,3,A,1,-1
258,8,1,summary,instrument,3,A,2,-1
258,8,1,summary,instrument,3,A,3,1
258,8,1,summary,instrument,3,A,4,0
258,8,1,summary,instrument,3,A,5,2
258,8,1,summary,instrument,3,B,1,0
258,8,1,summary,instrument,3,B,2,0
258,8,1,summary,instrument,3,B,3,0
258,8,1,summary,instrument,3,B,4,1
258,8,1,summary,instrument,3,B,5,0
258,8,1,summary,instrument,3,C,1,-2
258,8,1,summary,instrument,3,C,2,0
258,8,1,summary,instrument,3,C,3,-1
258,8,1,summary,instrument,3,C,4,-1
258,8,1,summary,instrument,3,C,5,-1
258,8,1,summary,instrument,3,D,1,1
258,8,1,summary,instrument,3,D,2,-1
258,8,1,summary,instrument,3,D,3,-1
258,8,1,summary,instrument,3,D,4,0
258,8,1,summary,instrument,3,D,5,1
258,8,1,summary,instrument,3,E,1,0
258,8,1,summary,instrument,3,E,2,0
258,8,1,summary,instrument,3,E,3,1
258,8,1,summary,instrument,3,E,4,2
258,8,1,summary,instrument,3,E,5,-2
259,8,1,explanation,everyday,1,A,1,-1
259,8,1,explanation,everyday,1,A,2,-1
259,8,1,explanation,everyday,1,A,3,-1
259,8,1,explanation,everyday,1,A,4,-1
259,8,1,explanation,everyday,1,A,5,1
259,8,1,explanation,everyday,1,B,1,-1
259,8,1,explanation,everyday,1,B,2,0
259,8,1,explanation,everyday,1,B,3,0
259,8,1,explanation,everyday,1,B,4,0
259,8,1,explanation,everyday,1,B,5,0
259,8,1,explanation,everyday,1,C,1,-1
259,8,1,explanation,everyday,1,C,2,0
259,8,1,explanation,everyday,1,C,3,1
259,8,1,explanation,everyday,1,C,4,0
259,8,1,explanation,everyday,1,C,5,0
259,8,1,explanation,everyday,1,D,1,1
259,8,1,explanation,everyday,1,D,2,-1
259,8,1,explanation,everyday,1,D,3,0
259,8,1,explanation,everyday,1,D,4,0
259,8,1,explanation,everyday,1,D,5,-1
259,8,1,explanation,everyday,1,E,1,-1
259,8,1,explanation,everyday,1,E,2,0
259,8,1,explanation,everyday,1,E,3,0
259,8,1,explanation,everyday,1,E,4,2
259,8,1,explanation,everyday,1,E,5,-2
260,8,1,explanation,everyday,2,A,1,-1
260,8,1,explanation,everyday,2,A,2,1
260,8,1,explanation,everyday,2,A,3,0
260,8,1,explanation,everyday,2,A,4,2
260,8,1,explanation,everyday,2,A,5,1
260,8,1,explanation,everyday,2,B,1,0
260,8,1,explanation,everyday,2,B,2,0
260,8,1,explanation,everyday,2,B,3,1
260,8,1,explanation,everyday,2,B,4,-1
260,8,1,explanation,everyday,2,B,5,0
260,8,1,explanation,everyday,2,C,1,0
260,8,1,explanation,everyday,2,C,2,1
260,8,1,explanation,everyday,2,C,3,1
260,8,1,explanation,everyday,2,C,4,0
260,8,1,explanation,everyday,2,C,5,0
260,8,1,explanation,everyday,2,D,1,-1
260,8,1,explanation,everyday,2,D,2,0
260,8,1,explanation,everyday,2,D,3,0
260,8,1,explanation,everyday,2,D,4,-1
260,8,1,explanation,everyday,2,D,5,-1
260,8,1,explanation,everyday,2,E,1,1
260,8,1,explanation,everyday,2,E,2,0
260,8,1,explanation,everyday,2,E,3,-1
260,8,1,explanation,everyday,2,E,4,1
260,8,1,explanation,everyday,2,E,5,-1
261,8,1,explanation,everyday,3,A,1,0
261,8,1,explanation,everyday,3,A,2,-1
261,8,1,explanation,everyday,3,A,3,1
261,8,1,explanation,everyday,3,A,4,-1
261,8,1,explanation,everyday,3,A,5,-1
261,8,1,explanation,everyday,3,B,1,0
261,8,1,explanation,everyday,3,B,2,0
261,8,1,explanation,everyday,3,B,3,0
261,8,1,explanation,everyday,3,B,4,1
261,8,1,explanation,everyday,3,B,5,1
261,8,1,explanation,everyday,3,C,1,0
261,8,1,explanation,everyday,3,C,2,-1
261,8,1,explanation,everyday,3,C,3,0
261,8,1,explanation,everyday,3,C,4,0
261,8,1,explanation,everyday,3,C,5,1
261,8,1,explanation,everyday,3,D,1,0
261,8,1,explanation,everyday,3,D,2,0
261,8,1,explanation,everyday,3,D,3,1
261,8,1,explanation,everyday,3,D,4,-1
261,8,1,explanation,everyday,3,D,5,-1
261,8,1,explanation,everyday,3,E,1,-2
261,8,1,explanation,everyday,3,E,2,-1
261,8,1,explanation,everyday,3,E,3,-1
261,8,1,explanation,everyday,3,E,4,1
261,8,1,explanation,everyday,3,E,5,1
262,8,1,explanation,instrument,1,A,1,1
262,8,1,explanation,instrument,1,A,2,-1
262,8,1,explanation,instrument,1,A,3,-1
262,8,1,explanation,instrument,1,A,4,1
262,8,1,explanation,instrument,1,A,5,-1
262,8,1,explanation,instrument,1,B,1,-1
262,8,1,explanation,instrument,1,B,2,-1
262,8,1,explanation,instrument,1,B,3,0
262,8,1,explanation,instrument,1,B,4,-1
262,8,1,explanation,instrument,1,B,5,0
262,8,1,explanation,instrument,1,C,1,0
262,8,1,explanation,instrument,1,C,2,1
262,8,1,explanation,instrument,1,C,3,2
262,8,1,explanation,instrument,1,C,4,0
262,8,1,explanation,instrument,1,C,5,1
262,8,1,explanation,instrument,1,D,1,0
262,8,1,explanation,instrument,1,D,2,0
262,8,1,explanation,instrument,1,D,3,0
262,8,1,explanation,instrument,1,D,4,1
262,8,1,explanation,instrument,1,D,5,2
262,8,1,explanation,instrument,1,E,1,0
262,8,1,explanation,instrument,1,E,2,1
262,8,1,explanation,instrument,1,E,3,1
262,8,1,explanation,instrument,1,E,4,1
262,8,1,explanation,instrument,1,E,5,0
263,8,1,explanation,instrument,2,A,1,0
263,8,1,explanation,instrument,2,A,2,1
263,8,1,explanation,instrument,2,A,3,0
263,8,1,explanation,instrument,2,A,4,0
263,8,1,explanation,instrument,2,A,5,0
263,8,1,explanation,instrument,2,B,1,0
263,8,1,explanation,instrument,2,B,2,0
263,8,1,explanation,instrument,2,B,3,0
263,8,1,explanation,instrument,2,B,4,0
263,8,1,explanation,instrument,2,B,5,0
263,8,1,explanation,instrument,2,C,1,0
263,8,1,explanation,instrument,2,C,2,0
263,8,1,explanation,instrument,2,C,3,0
263,8,1,explanation,instrument,2,C,4,0
263,8,1,explanation,instrument,2,C,5,1
263,8,1,explanation,instrument,2,D,1,0
263,8,1,explanation,instrument,2,D,2,0
263,8,1,explanation,instrument,2,D,3,-2
263,8,1,explanation,instrument,2,D,4,-1
263,8,1,explanation,instrument,2,D,5,1
263,8,1,explanation,instrument,2,E,1,1
263,8,1,explanation,instrument,2,E,2,-1
263,8,1,explanation,instrument,2,E,3,0
263,8,1,explanation,instrument,2,E,4,0
263,8,1,explanation,instrument,2,E,5,-1
264,8,1,explanation,instrument,3,A,1,1
264,8,1,explanation,instrument,3,A,2,-1
264,8,1,explanation,instrument,3,A,3,0
264,8,1,explanation,instrument,3,A,4,0
264,8,1,explanation,instrument,3,A,5,-1
264,8,1,explanation,instrument,3,B,1,2
264,8,1,explanation,instrument,3,B,2,1
264,8,1,explanation,instrument,3,B,3,0
264,8,1,explanation,instrument,3,B,4,0
264,8,1,explanation,instrument,3,B,5,-2
264,8,1,explanation,instrument,3,C,1,-1
264,8,1,explanation,instrument,3,C,2,1
264,8,1,explanation,instrument,3,C,3,0
264,8,1,explanation,instrument,3,C,4,0
264,8,1,explanation,instrument,3,C,5,-1
264,8,1,explanation,instrument,3,D,1,0
264,8,1,explanation,instrument,3,D,2,1
264,8,1,explanation,instrument,3,D,3,0
264,8,1,explanation,instrument,3,D,4,0
264,8,1,explanation,instrument,3,D,5,1
264,8,1,explanation,instrument,3,E,1,1
264,8,1,explanation,instrument,3,E,2,0
264,8,1,explanation,instrument,3,E,3,0
264,8,1,explanation,instrument,3,E,4,0
264,8,1,explanation,instrument,3,E,5,-1
265,8,1,fairness,everyday,1,A,1,1
265,8,1,fairness,everyday,1,A,2,0
265,8,1,fairness,everyday,1,A,3,0
265,8,1,fairness,everyday,1,A,4,0
265,8,1,fairness,everyday,1,A,5,-2
265,8,1,fairness,everyday,1,B,1,-1
265,8,1,fairness,everyday,1,B,2,1
265,8,1,fairness,everyday,1,B,3,0
265,8,1,fairness,everyday,1,B,4,-2
265,8,1,fairness,everyday,1,B,5,0
265,8,1,fairness,everyday,1,C,1,0
265,8,1,fairness,everyday,1,C,2,0
265,8,1,fairness,everyday,1,C,3,-1
265,8,1,fairness,everyday,1,C,4,-1
265,8,1,fairness,everyday,1,C,5,0
265,8,1,fairness,everyday,1,D,1,1
265,8,1,fairness,everyday,1,D,2,0
265,8,1,fairness,everyday,1,D,3,0
265,8,1,fairness,everyday,1,D,4,0
265,8,1,fairness,everyday,1,D,5,-1
265,8,1,fairness,everyday,1,E,1,2
265,8,1,fairness,everyday,1,E,2,0
265,8,1,fairness,everyday,1,E,3,0
265,8,1,fairness,everyday,1,E,4,0
265,8,1,fairness,everyday,1,E,5,0
266,8,1,fairness,everyday,2,A,1,0
266,8,1,fairness,everyday,2,A,2,1
266,8,1,fairness,everyday,2,A,3,-1
266,8,1,fairness,everyday,2,A,4,-1
266,8,1,fairness,everyday,2,A,5,-1
266,8,1,fairness,everyday,2,B,1,1
266,8,1,fairness,everyday,2,B,2,0
266,8,1,fairness,everyday,2,B,3,1
266,8,1,fairness,everyday,2,B,4,-1
266,8,1,fairness,everyday,2,B,5,0
266,8,1,fairness,everyday,2,C,1,-1
266,8,1,fairness,everyday,2,C,2,0
266,8,1,fairness,everyday,2,C,3,0
266,8,1,fairness,everyday,2,C,4,2
266,8,1,fairness,everyday,2,C,5,0
266,8,1,fairness,everyday,2,D,1,0
266,8,1,fairness,everyday,2,D,2,0
266,8,1,fairness,everyday,2,D,3,1
266,8,1,fairness,everyday,2,D,4,-1
266,8,1,fairness,everyday,2,D,5,1
266,8,1,fairness,everyday,2,E,1,-1
266,8,1,fairness,everyday,2,E,2,-1
266,8,1,fairness,everyday,2,E,3,0
266,8,1,fairness,everyday,2,E,4,1
266,8,1,fairness,everyday,2,E,5,2
267,8,1,fairness,everyday,3,A,1,0
267,8,1,fairness,everyday,3,A,2,-1
267,8,1,fairness,everyday,3,A,3,0
267,8,1,fairness,everyday,3,A,4,2
267,8,1,fairness,everyday,3,A,5,-1
267,8,1,fairness,everyday,3,B,1,0
267,8,1,fairness,everyday,3,B,2,0
267,8,1,fairness,everyday,3,B,3,0
267,8,1,fairness,everyday,3,B,4,0
267,8,1,fairness,everyday,3,B,5,2
267,8,1,fairness,everyday,3,C,1,0
267,8,1,fairness,everyday,3,C,2,0
267,8,1,fairness,everyday,3,C,3,0
267,8,1,fairness,everyday,3,C,4,0
267,8,1,fairness,everyday,3,C,5,1
267,8,1,fairness,everyday,3,D,1,0
267,8,1,fairness,everyday,3,D,2,1
267,8,1,fairness,everyday,3,D,3,0
267,8,1,fairness,everyday,3,D,4,0
267,8,1,fairness,everyday,3,D,5,0
267,8,1,fairness,everyday,3,E,1,0
267,8,1,fairness,everyday,3,E,2,1
267,8,1,fairness,everyday,3,E,3,-1
267,8,1,fairness,everyday,3,E,4,1
267,8,1,fairness,everyday,3,E,5,0
268,8,1,fairness,instrument,1,A,1,-1
268,8,1,fairness,instrument,1,A,2,0
268,8,1,fairness,instrument,1,A,3,0
268,8,1,fairness,instrument,1,A,4,0
268,8,1,fairness,instrument,1,A,5,1
268,8,1,fairness,instrument,1,B,1,-1
268,8,1,fairness,instrument,1,B,2,1
268,8,1,fairness,instrument,1,B,3,-1
268,8,1,fairness,instrument,1,B,4,2
268,8,1,fairness,instrument,1,B,5,0
268,8,1,fairness,instrument,1,C,1,0
268,8,1,fairness,instrument,1,C,2,1
268,8,1,fairness,instrument,1,C,3,1
268,8,1,fairness,instrument,1,C,4,-1
268,8,1,fairness,instrument,1,C,5,0
268,8,1,fairness,instrument,1,D,1,-2
268,8,1,fairness,instrument,1,D,2,0
268,8,1,fairness,instrument,1,D,3,0
268,8,1,fairness,instrument,1,D,4,-1
268,8,1,fairness,instrument,1,D,5,1
268,8,1,fairness,instrument,1,E,1,1
268,8,1,fairness,instrument,1,E,2,0
268,8,1,fairness,instrument,1,E,3,1
268,8,1,fairness,instrument,1,E,4,0
268,8,1,fairness,instrument,1,E,5,-1
269,8,1,fairness,instrument,2,A,1,0
269,8,1,fairness,instrument,2,A,2,-1
269,8,1,fairness,instrument,2,A,3,0
269,8,1,fairness,instrument,2,A,4,0
269,8,1,fairness,instrument,2,A,5,0
269,8,1,fairness,instrument,2,B,1,0
269,8,1,fairness,instrument,2,B,2,0
269,8,1,fairness,instrument,2,B,3,0
269,8,1,fairness,instrument,2,B,4,1
269,8,1,fairness,instrument,2,B,5,2
269,8,1,fairness,instrument,2,C,1,1
269,8,1,fairness,instrument,2,C,2,1
269,8,1,fairness,instrument,2,C,3,-2
269,8,1,fairness,instrument,2,C,4,0
269,8,1,fairness,instrument,2,C,5,2
269,8,1,fairness,instrument,2,D,1,0
269,8,1,fairness,instrument,2,D,2,0
269,8,1,fairness,instrument,2,D,3,0
269,8,1,fairness,instrument,2,D,4,0
269,8,1,fairness,instrument,2,D,5,0
269,8,1,fairness,instrument,2,E,1,1
269,8,1,fairness,instrument,2,E,2,1
269,8,1,fairness,instrument,2,E,3,1
269,8,1,fairness,instrument,2,E,4,0
269,8,1,fairness,instrument,2,E,5,1
270,8,1,fairness,instrument,3,A,1,-1
270,8,1,fairness,instrument,3,A,2,-1
270,8,1,fairness,instrument,3,A,3,0
270,8,1,fairness,instrument,3,A,4,2
270,8,1,fairness,instrument,3,A,5,-1
270,8,1,fairness,instrument,3,B,1,0
270,8,1,fairness,instrument,3,B,2,-1
270,8,1,fairness,instrument,3,B,3,2
270,8,1,fairness,instrument,3,B,4,0
270,8,1,fairness,instrument,3,B,5,0
270,8,1,fairness,instrument,3,C,1,-1
270,8,1,fairness,instrument,3,C,2,-1
270,8,1,fairness,instrument,3,C,3,0
270,8,1,fairness,instrument,3,C,4,0
270,8,1,fairness,instrument,3,C,5,0
270,8,1,fairness,instrument,3,D,1,-1
270,8,1,fairness,instrument,3,D,2,-2
270,8,1,fairness,instrument,3,D,3,0
270,8,1,fairness,instrument,3,D,4,2
270,8,1,fairness,instrument,3,D,5,0
270,8,1,fairness,instrument,3,E,1,-1
270,8,1,fairness,instrument,3,E,2,1
270,8,1,fairness,instrument,3,E,3,1
270,8,1,fairness,instrument,3,E,4,0
270,8,1,fairness,instrument,3,E,5,-1
271,8,1,prediction,everyday,1,A,1,1
271,8,1,prediction,everyday,1,A,2,-1
271,8,1,prediction,everyday,1,A,3,0
271,8,1,prediction,everyday,1,A,4,0
271,8,1,prediction,everyday,1,A,5,-1
271,8,1,prediction,everyday,1,B,1,0
271,8,1,prediction,everyday,1,B,2,2
271,8,1,prediction,everyday,1,B,3,-1
271,8,1,prediction,everyday,1,B,4,0
271,8,1,prediction,everyday,1,B,5,0
271,8,1,prediction,everyday,1,C,1,-1
271,8,1,prediction,everyday,1,C,2,-1
271,8,1,prediction,everyday,1,C,3,0
271,8,1,prediction,everyday,1,C,4,-1
271,8,1,prediction,everyday,1,C,5,0
271,8,1,prediction,everyday,1,D,1,1
271,8,1,prediction,everyday,1,D,2,0
271,8,1,prediction,everyday,1,D,3,1
271,8,1,prediction,everyday,1,D,4,-1
271,8,1,prediction,everyday,1,D,5,1
271,8,1,prediction,everyday,1,E,1,1
271,8,1,prediction,everyday,1,E,2,1
271,8,1,prediction,everyday,1,E,3,0
271,8,1,prediction,everyday,1,E,4,0
271,8,1,prediction,everyday,1,E,5,-1
272,8,1,prediction,everyday,2,A,1,-1
272,8,1,prediction,everyday,2,A,2,0
272,8,1,prediction,everyday,2,A,3,-2
272,8,1,prediction,everyday,2,A,4,0
272,8,1,prediction,everyday,2,A,5,1
272,8,1,prediction,everyday,2,B,1,1
272,8,1,prediction,everyday,2,B,2,0
272,8,1,prediction,everyday,2,B,3,0
272,8,1,prediction,everyday,2,B,4,0
272,8,1,prediction,everyday,2,B,5,1
272,8,1,prediction,everyday,2,C,1,0
272,8,1,prediction,everyday,2,C,2,-1
272,8,1,prediction,everyday,2,C,3,1
272,8,1,prediction,everyday,2,C,4,-1
272,8,1,prediction,everyday,2,C,5,1
272,8,1,prediction,everyday,2,D,1,1
272,8,1,prediction,everyday,2,D,2,0
272,8,1,prediction,everyday,2,D,3,0
272,8,1,prediction,everyday,2,D,4,0
272,8,1,prediction,everyday,2,D,5,-1
272,8,1,prediction,everyday,2,E,1,2
272,8,1,prediction,everyday,2,E,2,1
272,8,1,prediction,everyday,2,E,3,1
272,8,1,prediction,everyday,2,E,4,1
272,8,1,prediction,everyday,2,E,5,0
273,8,1,prediction,everyday,3,A,1,-1
273,8,1,prediction,everyday,3,A,2,0
273,8,1,prediction,everyday,3,A,3,0
273,8,1,prediction,everyday,3,A,4,1
273,8,1,prediction,everyday,3,A,5,0
273,8,1,prediction,everyday,3,B,1,0
273,8,1,prediction,everyday,3,B,2,1
273,8,1,prediction,everyday,3,B,3,1
273,8,1,prediction,everyday,3,B,4,0
273,8,1,prediction,everyday,3,B,5,0
273,8,1,prediction,everyday,3,C,1,1
273,8,1,prediction,everyday,3,C,2,-1
273,8,1,prediction,everyday,3,C,3,0
273,8,1,prediction,everyday,3,C,4,-1
273,8,1,prediction,everyday,3,C,5,0
273,8,1,prediction,everyday,3,D,1,0
273,8,1,prediction,everyday,3,D,2,-1
273,8,1,prediction,everyday,3,D,3,-1
273,8,1,prediction,everyday,3,D,4,-1
273,8,1,prediction,everyday,3,D,5,1
273,8,1,prediction,everyday,3,E,1,0
273,8,1,prediction,everyday,3,E,2,0
273,8,1,prediction,everyday,3,E,3,0
273,8,1,prediction,everyday,3,E,4,0
273,8,1,prediction,everyday,3,E,5,1
274,8,1,prediction,instrument,1,A,1,0
274,8,1,prediction,instrument,1,A,2,-1
274,8,1,prediction,instrument,1,A,3,-1
274,8,1,prediction,instrument,1,A,4,-1
274,8,1,prediction,instrument,1,A,5,-1
274,8,1,prediction,instrument,1,B,1,0
274,8,1,prediction,instrument,1,B,2,-1
274,8,1,prediction,instrument,1,B,3,0
274,8,1,prediction,instrument,1,B,4,0
274,8,1,prediction,instrument,1,B,5,0
274,8,1,prediction,instrument,1,C,1,0
274,8,1,prediction,instrument,1,C,2,-1
274,8,1,prediction,instrument,1,C,3,1
274,8,1,prediction,instrument,1,C,4,-1
274,8,1,prediction,instrument,1,C,5,1
274,8,1,prediction,instrument,1,D,1,1
274,8,1,prediction,instrument,1,D,2,0
274,8,1,prediction,instrument,1,D,3,-2
274,8,1,prediction,instrument,1,D,4,0
274,8,1,prediction,instrument,1,D,5,1
274,8,1,prediction,instrument,1,E,1,0
274,8,1,prediction,instrument,1,E,2,0
274,8,1,prediction,instrument,1,E,3,-2
274,8,1,prediction,instrument,1,E,4,1
274,8,1,prediction,instrument,1,E,5,-1
275,8,1,prediction,instrument,2,A,1,2
275,8,1,prediction,instrument,2,A,2,1
275,8,1,prediction,instrument,2,A,3,0
275,8,1,prediction,instrument,2,A,4,0
275,8,1,prediction,instrument,2,A,5,0
275,8,1,prediction,instrument,2,B,1,1
275,8,1,prediction,instrument,2,B,2,0
275,8,1,prediction,instrument,2,B,3,1
275,8,1,prediction,instrument,2,B,4,0
275,8,1,prediction,instrument,2,B,5,-1
275,8,1,prediction,instrument,2,C,1,-1
275,8,1,prediction,instrument,2,C,2,0
275,8,1,prediction,instrument,2,C,3,0
275,8,1,prediction,instrument,2,C,4,0
275,8,1,prediction,instrument,2,C,5,0
275,8,1,prediction,instrument,2,D,1,0
275,8,1,prediction,instrument,2,D,2,0
275,8,1,prediction,instrument,2,D,3,1
275,8,1,prediction,instrument,2,D,4,1
275,8,1,prediction,instrument,2,D,5,0
275,8,1,prediction,instrument,2,E,1,1
275,8,1,prediction,instrument,2,E,2,1
275,8,1,prediction,instrument,2,E,3,1
275,8,1,prediction,instrument,2,E,4,2
275,8,1,prediction,instrument,2,E,5,1
276,8,1,prediction,instrument,3,A,1,-1
276,8,1,prediction,instrument,3,A,2,2
276,8,1,prediction,instrument,3,A,3,0
276,8,1,prediction,instrument,3,A,4,0
276,8,1,prediction,instrument,3,A,5,0
276,8,1,prediction,instrument,3,B,1,0
276,8,1,prediction,instrument,3,B,2,-2
276,8,1,prediction,instrument,3,B,3,0
276,8,1,prediction,instrument,3,B,4,1
276,8,1,prediction,instrument,3,B,5,1
276,8,1,prediction,instrument,3,C,1,0
276,8,1,prediction,instrument,3,C,2,0
276,8,1,prediction,instrument,3,C,3,0
276,8,1,prediction,instrument,3,C,4,0
276,8,1,prediction,instrument,3,C,5,-1
276,8,1,prediction,instrument,3,D,1,0
276,8,1,prediction,instrument,3,D,2,1
276,8,1,prediction,instrument,3,D,3,0
276,8,1,prediction,instrument,3,D,4,0
276,8,1,prediction,instrument,3,D,5,1
276,8,1,prediction,instrument,3,E,1,-1
276,8,1,prediction,instrument,3,E,2,0
276,8,1,prediction,instrument,3,E,3,1
276,8,1,prediction,instrument,3,E,4,0
276,8,1,prediction,instrument,3,E,5,0
277,8,1,opinion,everyday,1,A,1,0
277,8,1,opinion,everyday,1,A,2,0
277,8,1,opinion,everyday,1,A,3,0
277,8,1,opinion,everyday,1,A,4,0
277,8,1,opinion,everyday,1,A,5,1
277,8,1,opinion,everyday,1,B,1,1
277,8,1,opinion,everyday,1,B,2,1
277,8,1,opinion,everyday,1,B,3,0
277,8,1,opinion,everyday,1,B,4,2
277,8,1,opinion,everyday,1,B,5,0
277,8,1,opinion,everyday,1,C,1,1
277,8,1,opinion,everyday,1,C,2,0
277,8,1,opinion,everyday,1,C,3,0
277,8,1,opinion,everyday,1,C,4,0
277,8,1,opinion,everyday,1,C,5,2
277,8,1,opinion,everyday,1,D,1,0
277,8,1,opinion,everyday,1,D,2,0
277,8,1,opinion,everyday,1,D,3,0
277,8,1,opinion,everyday,1,D,4,0
277,8,1,opinion,everyday,1,D,5,-1
277,8,1,opinion,everyday,1,E,1,0
277,8,1,opinion,everyday,1,E,2,0
277,8,1,opinion,everyday,1,E,3,0
277,8,1,opinion,everyday,1,E,4,0
277,8,1,opinion,everyday,1,E,5,-1
278,8,1,opinion,everyday,2,A,1,-1
278,8,1,opinion,everyday,2,A,2,0
278,8,1,opinion,everyday,2,A,3,-1
278,8,1,opinion,everyday,2,A,4,1
278,8,1,opinion,everyday,2,A,5,1
278,8,1,opinion,everyday,2,B,1,-1
278,8,1,opinion,everyday,2,B,2,0
278,8,1,opinion,everyday,2,B,3,0
278,8,1,opinion,everyday,2,B,4,-1
278,8,1,opinion,everyday,2,B,5,-1
278,8,1,opinion,everyday,2,C,1,-2
278,8,1,opinion,everyday,2,C,2,-1
278,8,1,opinion,everyday,2,C,3,-2
278,8,1,opinion,everyday,2,C,4,1
278,8,1,opinion,everyday,2,C,5,0
278,8,1,opinion,everyday,2,D,1,1
278,8,1,opinion,everyday,2,D,2,0
278,8,1,opinion,everyday,2,D,3,1
278,8,1,opinion,everyday,2,D,4,0
278,8,1,opinion,everyday,2,D,5,-1
278,8,1,opinion,everyday,2,E,1,0
278,8,1,opinion,everyday,2,E,2,-1
278,8,1,opinion,everyday,2,E,3,0
278,8,1,opinion,everyday,2,E,4,0
278,8,1,opinion,everyday,2,E,5,0
279,8,1,opinion,everyday,3,A,1,1
279,8,1,opinion,everyday,3,A,2,2
279,8,1,opinion,everyday,3,A,3,0
279,8,1,opinion,everyday,3,A,4,-2
279,8,1,opinion,everyday,3,A,5,-1
279,8,1,opinion,everyday,3,B,1,1
279,8,1,opinion,everyday,3,B,2,1
279,8,1,opinion,everyday,3,B,3,1
279,8,1,opinion,everyday,3,B,4,1
279,8,1,opinion,everyday,3,B,5,1
279,8,1,opinion,everyday,3,C,1,-1
279,8,1,opinion,everyday,3,C,2,-1
279,8,1,opinion,everyday,3,C,3,1
279,8,1,opinion,everyday,3,C,4,1
279,8,1,opinion,everyday,3,C,5,0
279,8,1,opinion,everyday,3,D,1,0
279,8,1,opinion,everyday,3,D,2,1
279,8,1,opinion,everyday,3,D,3,0
279,8,1,opinion,everyday,3,D,4,0
279,8,1,opinion,everyday,3,D,5,1
279,8,1,opinion,everyday,3,E,1,1
279,8,1,opinion,everyday,3,E,2,0
279,8,1,opinion,everyday,3,E,3,0
279,8,1,opinion,everyday,3,E,4,-1
279,8,1,opinion,everyday,3,E,5,0
280,8,1,opinion,instrument,1,A,1,-1
280,8,1,opinion,instrument,1,A,2,0
280,8,1,opinion,instrument,1,A,3,0
280,8,1,opinion,instrument,1,A,4,0
280,8,1,opinion,instrument,1,A,5,0
280,8,1,opinion,instrument,1,B,1,-1
280,8,1,opinion,instrument,1,B,2,0
280,8,1,opinion,instrument,1,B,3,0
280,8,1,opinion,instrument,1,B,4,0
280,8,1,opinion,instrument,1,B,5,2
280,8,1,opinion,instrument,1,C,1,1
280,8,1,opinion,instrument,1,C,2,-1
280,8,1,opinion,instrument,1,C,3,0
280,8,1,opinion,instrument,1,C,4,2
280,8,1,opinion,instrument,1,C,5,1
280,8,1,opinion,instrument,1,D,1,1
280,8,1,opinion,instrument,1,D,2,0
280,8,1,opinion,instrument,1,D,3,1
280,8,1,opinion,instrument,1,D,4,0
280,8,1,opinion,instrument,1,D,5,0
280,8,1,opinion,instrument,1,E,1,1
280,8,1,opinion,instrument,1,E,2,-1
280,8,1,opinion,instrument,1,E,3,0
280,8,1,opinion,instrument,1,E,4,0
280,8,1,opinion,instrument,1,E,5,0
281,8,1,opinion,instrument,2,A,1,0
281,8,1,opinion,instrument,2,A,2,1
281,8,1,opinion,instrument,2,A,3,0
281,8,1,opinion,instrument,2,A,4,-1
281,8,1,opinion,instrument,2,A,5,1
281,8,1,opinion,instrument,2,B,1,-1
281,8,1,opinion,instrument,2,B,2,0
281,8,1,opinion,instrument,2,B,3,0
281,8,1,opinion,instrument,2,B,4,1
281,8,1,opinion,instrument,2,B,5,-1
281,8,1,opinion,instrument,2,C,1,1
281,8,1,opinion,instrument,2,C,2,2
281,8,1,opinion,instrument,2,C,3,-1
281,8,1,opinion,instrument,2,C,4,0
281,8,1,opinion,instrument,2,C,5,0
281,8,1,opinion,instrument,2,D,1,-1
281,8,1,opinion,instrument,2,D,2,0
281,8,1,opinion,instrument,2,D,3,1
281,8,1,opinion,instrument,2,D,4,0
281,8,1,opinion,instrument,2,D,5,0
281,8,1,opinion,instrument,2,E,1,1
281,8,1,opinion,instrument,2,E,2,0
281,8,1,opinion,instrument,2,E,3,-1
281,8,1,opinion,instrument,2,E,4,1
281,8,1,opinion,instrument,2,E,5,-1
282,8,1,opinion,instrument,3,A,1,1
282,8,1,opinion,instrument,3,A,2,0
282,8,1,opinion,instrument,3,A,3,0
282,8,1,opinion,instrument,3,A,4,-1
282,8,1,opinion,instrument,3,A,5,-1
282,8,1,opinion,instrument,3,B,1,0
282,8,1,opinion,instrument,3,B,2,0
282,8,1,opinion,instrument,3,B,3,0
282,8,1,opinion,instrument,3,B,4,1
282,8,1,opinion,instrument,3,B,5,1
282,8,1,opinion,instrument,3,C,1,0
282,8,1,opinion,instrument,3,C,2,0
282,8,1,opinion,instrument,3,C,3,0
282,8,1,opinion,instrument,3,C,4,-1
282,8,1,opinion,instrument,3,C,5,-1
282,8,1,opinion,instrument,3,D,1,-1
282,8,1,opinion,instrument,3,D,2,-1
282,8,1,opinion,instrument,3,D,3,1
282,8,1,opinion,instrument,3,D,4,-1
282,8,1,opinion,instrument,3,D,5,0
282,8,1,opinion,instrument,3,E,1,0
282,8,1,opinion,instrument,3,E,2,1
282,8,1,opinion,instrument,3,E,3,-1
282,8,1,opinion,instrument,3,E,4,0
282,8,1,opinion,instrument,3,E,5,-1
283,8,1,advice,everyday,1,A,1,-1
283,8,1,advice,everyday,1,A,2,0
283,8,1,advice,everyday,1,A,3,-1
283,8,1,advice,everyday,1,A,4,0
283,8,1,advice,everyday,1,A,5,-1
283,8,1,advice,everyday,1,B,1,-1
283,8,1,advice,everyday,1,B,2,1
283,8,1,advice,everyday,1,B,3,0
283,8,1,advice,everyday,1,B,4,0
283,8,1,advice,everyday,1,B,5,0
283,8,1,advice,everyday,1,C,1,-1
283,8,1,advice,everyday,1,C,2,2
283,8,1,advice,everyday,1,C,3,0
283,8,1,advice,everyday,1,C,4,1
283,8,1,advice,everyday,1,C,5,-1
283,8,1,advice,everyday,1,D,1,-1
283,8,1,advice,everyday,1,D,2,0
283,8,1,advice,everyday,1,D,3,0
283,8,1,advice,everyday,1,D,4,2
283,8,1,advice,everyday,1,D,5,0
283,8,1,advice,everyday,1,E,1,1
283,8,1,advice,everyday,1,E,2,-1
283,8,1,advice,everyday,1,E,3,-1
283,8,1,advice,everyday,1,E,4,0
283,8,1,advice,everyday,1,E,5,1
284,8,1,advice,everyday,2,A,1,1
284,8,1,advice,everyday,2,A,2,1
284,8,1,advice,everyday,2,A,3,0
284,8,1,advice,everyday,2,A,4,1
284,8,1,advice,everyday,2,A,5,0
284,8,1,advice,everyday,2,B,1,1
284,8,1,advice,everyday,2,B,2,2
284,8,1,advice,everyday,2,B,3,-1
284,8,1,advice,everyday,2,B,4,0
284,8,1,advice,everyday,2,B,5,0
284,8,1,advice,everyday,2,C,1,0
284,8,1,advice,everyday,2,C,2,-1
284,8,1,advice,everyday,2,C,3,0
284,8,1,advice,everyday,2,C,4,-1
284,8,1,advice,everyday,2,C,5,1
284,8,1,advice,everyday,2,D,1,0
284,8,1,advice,everyday,2,D,2,0
284,8,1,advice,everyday,2,D,3,-1
284,8,1,advice,everyday,2,D,4,-1
284,8,1,advice,everyday,2,D,5,0
284,8,1,advice,everyday,2,E,1,0
284,8,1,advice,everyday,2,E,2,0
284,8,1,advice,everyday,2,E,3,0
284,8,1,advice,everyday,2,E,4,0
284,8,1,advice,everyday,2,E,5,-1
285,8,1,advice,everyday,3,A,1,-1
285,8,1,advice,everyday,3,A,2,0
285,8,1,advice,everyday,3,A,3,-1
285,8,1,advice,everyday,3,A,4,0
285,8,1,advice,everyday,3,A,5,-1
285,8,1,advice,everyday,3,B,1,0
285,8,1,advice,everyday,3,B,2,0
285,8,1,advice,everyday,3,B,3,0
285,8,1,advice,everyday,3,B,4,0
285,8,1,advice,everyday,3,B,5,0
285,8,1,advice,everyday,3,C,1,-1
285,8,1,advice,everyday,3,C,2,-1
285,8,1,advice,everyday,3,C,3,0
285,8,1,advice,everyday,3,C,4,0
285,8,1,advice,everyday,3,C,5,0
285,8,1,advice,everyday,3,D,1,1
285,8,1,advice,everyday,3,D,2,-1
285,8,1,advice,everyday,3,D,3,1
285,8,1,advice,everyday,3,D,4,-1
285,8,1,advice,everyday,3,D,5,-2
285,8,1,advice,everyday,3,E,1,-1
285,8,1,advice,everyday,3,E,2,-1
285,8,1,advice,everyday,3,E,3,-1
285,8,1,advice,everyday,3,E,4,0
285,8,1,advice,everyday,3,E,5,-2
286,8,1,advice,instrument,1,A,1,1
286,8,1,advice,instrument,1,A,2,0
286,8,1,advice,instrument,1,A,3,0
286,8,1,advice,instrument,1,A,4,1
286,8,1,advice,instrument,1,A,5,0
286,8,1,advice,instrument,1,B,1,0
286,8,1,advice,instrument,1,B,2,0
286,8,1,advice,instrument,1,B,3,1
286,8,1,advice,instrument,1,B,4,0
286,8,1,advice,instrument,1,B,5,0
286,8,1,advice,instrument,1,C,1,1
286,8,1,advice,instrument,1,C,2,-1
286,8,1,advice,instrument,1,C,3,0
286,8,1,advice,instrument,1,C,4,1
286,8,1,advice,instrument,1,C,5,0
286,8,1,advice,instrument,1,D,1,0
286,8,1,advice,instrument,1,D,2,1
286,8,1,advice,instrument,1,D,3,0
286,8,1,advice,instrument,1,D,4,0
286,8,1,advice,instrument,1,D,5,1
286,8,1,advice,instrument,1,E,1,-1
286,8,1,advice,instrument,1,E,2,0
286,8,1,advice,instrument,1,E,3,0
286,8,1,advice,instrument,1,E,4,0
286,8,1,advice,instrument,1,E,5,0
287,8,1,advice,instrument,2,A,1,0
287,8,1,advice,instrument,2,A,2,1
287,8,1,advice,instrument,2,A,3,0
287,8,1,advice,instrument,2,A,4,-1
287,8,1,advice,instrument,2,A,5,-1
287,8,1,advice,instrument,2,B,1,0
287,8,1,advice,instrument,2,B,2,0
287,8,1,advice,instrument,2,B,3,1
287,8,1,advice,instrument,2,B,4,-1
287,8,1,advice,instrument,2,B,5,0
287,8,1,advice,instrument,2,C,1,0
287,8,1,advice,instrument,2,C,2,0
287,8,1,advice,instrument,2,C,3,0
287,8,1,advice,instrument,2,C,4,-1
287,8,1,advice,instrument,2,C,5,1
287,8,1,advice,instrument,2,D,1,0
287,8,1,advice,instrument,2,D,2,-1
287,8,1,advice,instrument,2,D,3,0
287,8,1,advice,instrument,2,D,4,1
287,8,1,advice,instrument,2,D,5,0
287,8,1,advice,instrument,2,E,1,0
287,8,1,advice,instrument,2,E,2,0
287,8,1,advice,instrument,2,E,3,0
287,8,1,advice,instrument,2,E,4,0
287,8,1,advice,instrument,2,E,5,0
288,8,1,advice,instrument,3,A,1,1
288,8,1,advice,instrument,3,A,2,0
288,8,1,advice,instrument,3,A,3,0
288,8,1,advice,instrument,3,A,4,-1
288,8,1,advice,instrument,3,A,5,2
288,8,1,advice,instrument,3,B,1,-1
288,8,1,advice,instrument,3,B,2,0
288,8,1,advice,instrument,3,B,3,-1
288,8,1,advice,instrument,3,B,4,0
288,8,1,advice,instrument,3,B,5,2
288,8,1,advice,instrument,3,C,1,1
288,8,1,advice,instrument,3,C,2,1
288,8,1,advice,instrument,3,C,3,1
288,8,1,advice,instrument,3,C,4,0
288,8,1,advice,instrument,3,C,5,0
288,8,1,advice,instrument,3,D,1,0
288,8,1,advice,instrument,3,D,2,0
288,8,1,advice,instrument,3,D,3,0
288,8,1,advice,instrument,3,D,4,1
288,8,1,advice,instrument,3,D,5,1
288,8,1,advice,instrument,3,E,1,1
288,8,1,advice,instrument,3,E,2,0
288,8,1,advice,instrument,3,E,3,1
288,8,1,advice,instrument,3,E,4,-1
288,8,1,advice,instrument,3,E,5,2
